date_time,actual_power,basic_prediction,basic_error,original_nwp_prediction,original_nwp_error,downscaled_nwp_prediction,downscaled_nwp_error,hybrid_prediction,hybrid_error,ensemble_rf_prediction,ensemble_rf_error
2019-06-06 16:00:00,0.0,0.00021023539,0.00021023539011366665,0.0,0.0,4.1844663e-07,4.1844663201118237e-07,0.0,0.0,2.6350570573687955e-08,2.6350570573687955e-08
2019-06-06 16:15:00,0.0,0.00021023539,0.00021023539011366665,3.517302e-06,3.517302047839621e-06,4.1844663e-07,4.1844663201118237e-07,0.0,0.0,2.6350570573687955e-08,2.6350570573687955e-08
2019-06-06 16:30:00,0.0,0.00021023539,0.00021023539011366665,3.517302e-06,3.517302047839621e-06,5.2455556e-07,5.245555598776264e-07,0.0,0.0,2.6350570573687955e-08,2.6350570573687955e-08
2019-06-06 16:45:00,0.0,0.00021023539,0.00021023539011366665,3.517302e-06,3.517302047839621e-06,5.2455556e-07,5.245555598776264e-07,0.0,0.0,2.6350570573687955e-08,2.6350570573687955e-08
2019-06-06 17:00:00,0.0,0.00021023539,0.00021023539011366665,8.8800925e-06,8.880092536855955e-06,5.2455556e-07,5.245555598776264e-07,0.0,0.0,2.6350570573687955e-08,2.6350570573687955e-08
2019-06-06 17:15:00,0.0,0.00021023539,0.00021023539011366665,4.115789e-06,4.115789124625735e-06,5.2455556e-07,5.245555598776264e-07,0.0,0.0,2.6350570573687955e-08,2.6350570573687955e-08
2019-06-06 17:30:00,0.0,0.00021023539,0.00021023539011366665,3.517302e-06,3.517302047839621e-06,5.2455556e-07,5.245555598776264e-07,0.0,0.0,2.6350570573687955e-08,2.6350570573687955e-08
2019-06-06 17:45:00,0.0,0.00021023539,0.00021023539011366665,3.517302e-06,3.517302047839621e-06,5.2455556e-07,5.245555598776264e-07,0.0,0.0,2.6350570573687955e-08,2.6350570573687955e-08
2019-06-06 18:00:00,0.0,0.00021023539,0.00021023539011366665,3.0856872e-06,3.0856872399454005e-06,5.2455556e-07,5.245555598776264e-07,0.0,0.0,2.6350570573687955e-08,2.6350570573687955e-08
2019-06-06 18:15:00,0.0,0.00021023539,0.00021023539011366665,3.517302e-06,3.517302047839621e-06,5.2455556e-07,5.245555598776264e-07,0.0,0.0,2.6350570573687955e-08,2.6350570573687955e-08
2019-06-06 18:30:00,0.0,0.00021023539,0.00021023539011366665,0.0,0.0,4.587732e-06,4.587731837091269e-06,0.0,0.0,2.6350570573687955e-08,2.6350570573687955e-08
2019-06-06 18:45:00,0.0,0.00021023539,0.00021023539011366665,0.0,0.0,4.587732e-06,4.587731837091269e-06,0.0,0.0,2.6350570573687955e-08,2.6350570573687955e-08
2019-06-06 19:00:00,0.0,0.0,0.0,0.0,0.0,0.0,0.0,0.0,0.0,0.0,0.0
2019-06-06 19:15:00,0.0,0.0,0.0,0.0,0.0,0.0,0.0,0.0,0.0,0.0,0.0
2019-06-06 19:30:00,0.0,0.0,0.0,0.0,0.0,0.0,0.0,0.0,0.0,0.0,0.0
2019-06-06 19:45:00,0.0,0.0,0.0,0.0,0.0,0.0,0.0,0.0,0.0,0.0,0.0
2019-06-06 20:00:00,0.0,0.0,0.0,0.0,0.0,0.0,0.0,0.0,0.0,0.0,0.0
2019-06-06 20:15:00,0.0,0.0,0.0,0.0,0.0,0.0,0.0,0.0,0.0,0.0,0.0
2019-06-06 20:30:00,0.0,0.0,0.0,0.0,0.0,0.0,0.0,0.0,0.0,0.0,0.0
2019-06-06 20:45:00,0.0,0.0,0.0,0.0,0.0,0.0,0.0,0.0,0.0,0.0,0.0
2019-06-06 21:00:00,0.0,0.0,0.0,0.0,0.0,0.0,0.0,0.0,0.0,0.0,0.0
2019-06-06 21:15:00,0.003516,0.0,-0.003516,0.0,-0.003516,0.0,-0.003516,0.0,-0.003516,0.0,-0.003516
2019-06-06 21:30:00,0.035156,0.0,-0.035156,0.0,-0.035156,0.0,-0.035156,0.0,-0.035156,0.0,-0.035156
2019-06-06 21:45:00,0.165234,0.0,-0.165234,0.0,-0.165234,0.0,-0.165234,0.0,-0.165234,0.0,-0.165234
2019-06-06 22:00:00,0.288281,0.0,-0.288281,0.0,-0.288281,0.0,-0.288281,0.0,-0.288281,0.0,-0.288281
2019-06-06 22:15:00,0.383203,0.0,-0.383203,0.0,-0.383203,0.0,-0.383203,0.0,-0.383203,0.0,-0.383203
2019-06-06 22:30:00,0.386719,0.0,-0.386719,0.0,-0.386719,0.0,-0.386719,0.0,-0.386719,0.0,-0.386719
2019-06-06 22:45:00,0.435937,0.0,-0.435937,0.0,-0.435937,0.0,-0.435937,0.0,-0.435937,0.0,-0.435937
2019-06-06 23:00:00,0.773438,0.0,-0.773438,0.0,-0.773438,0.0,-0.773438,0.0,-0.773438,0.0,-0.773438
2019-06-06 23:15:00,0.945703,0.0,-0.945703,0.0,-0.945703,0.0,-0.945703,0.0,-0.945703,0.0,-0.945703
2019-06-06 23:30:00,0.938672,0.0,-0.938672,0.0,-0.938672,0.0,-0.938672,0.0,-0.938672,0.0,-0.938672
2019-06-06 23:45:00,0.878906,0.0,-0.878906,0.0,-0.878906,0.0,-0.878906,0.0,-0.878906,0.0,-0.878906
2019-06-07 00:00:00,0.791016,0.0,-0.791016,0.0,-0.791016,0.0,-0.791016,0.0,-0.791016,0.0,-0.791016
2019-06-07 00:15:00,0.949219,0.0,-0.949219,0.0,-0.949219,0.0,-0.949219,0.0,-0.949219,0.0,-0.949219
2019-06-07 00:30:00,1.29375,0.0,-1.29375,0.0,-1.29375,0.0,-1.29375,0.0,-1.29375,0.0,-1.29375
2019-06-07 00:45:00,1.205859,0.0,-1.205859,0.0,-1.205859,0.0,-1.205859,0.0,-1.205859,0.0,-1.205859
2019-06-07 01:00:00,1.74375,0.0,-1.74375,0.0,-1.74375,0.0,-1.74375,0.0,-1.74375,0.0,-1.74375
2019-06-07 01:15:00,1.905469,0.0,-1.905469,0.0,-1.905469,0.0,-1.905469,0.0,-1.905469,0.0,-1.905469
2019-06-07 01:30:00,2.281641,0.0,-2.281641,0.0,-2.281641,0.0,-2.281641,0.0,-2.281641,0.0,-2.281641
2019-06-07 01:45:00,2.443359,0.0,-2.443359,0.0,-2.443359,0.0,-2.443359,0.0,-2.443359,0.0,-2.443359
2019-06-07 02:00:00,3.561328,0.0,-3.561328,0.0,-3.561328,0.0,-3.561328,0.0,-3.561328,0.0,-3.561328
2019-06-07 02:15:00,1.986328,0.0,-1.986328,0.0,-1.986328,0.0,-1.986328,0.0,-1.986328,0.0,-1.986328
2019-06-07 02:30:00,2.78789,0.0,-2.78789,0.0,-2.78789,0.0,-2.78789,0.0,-2.78789,0.0,-2.78789
2019-06-07 02:45:00,3.842578,0.0,-3.842578,0.0,-3.842578,0.0,-3.842578,0.0,-3.842578,0.0,-3.842578
2019-06-07 03:00:00,3.223828,0.0,-3.223828,0.0,-3.223828,0.0,-3.223828,0.0,-3.223828,0.0,-3.223828
2019-06-07 03:15:00,3.98302695,0.0,-3.98302695,0.0,-3.98302695,0.0,-3.98302695,0.0,-3.98302695,0.0,-3.98302695
2019-06-07 03:30:00,3.737109,0.0,-3.737109,0.0,-3.737109,0.0,-3.737109,0.0,-3.737109,0.0,-3.737109
2019-06-07 03:45:00,3.248437,0.0,-3.248437,0.0,-3.248437,0.0,-3.248437,0.0,-3.248437,0.0,-3.248437
2019-06-07 04:00:00,2.714062,0.0,-2.714062,0.0,-2.714062,0.0,-2.714062,0.0,-2.714062,0.0,-2.714062
2019-06-07 04:15:00,3.98302695,0.0,-3.98302695,0.0,-3.98302695,0.0,-3.98302695,0.0,-3.98302695,0.0,-3.98302695
2019-06-07 04:30:00,3.659765,0.0,-3.659765,0.0,-3.659765,0.0,-3.659765,0.0,-3.659765,0.0,-3.659765
2019-06-07 04:45:00,3.98302695,0.0,-3.98302695,0.0,-3.98302695,0.0,-3.98302695,0.0,-3.98302695,0.0,-3.98302695
2019-06-07 05:00:00,3.933984,0.0,-3.933984,0.0,-3.933984,0.0,-3.933984,0.0,-3.933984,0.0,-3.933984
2019-06-07 05:15:00,3.98302695,3.9176755,-0.0653514548522951,3.9675076,-0.01551934921569842,3.983027,3.135375958862596e-08,3.932666,-0.05036088669128436,3.834597972144735,-0.1484289778552652
2019-06-07 05:30:00,3.733594,3.9070842,0.1734902266082763,3.9813364,0.2477423552093505,3.983027,0.2494329813537597,3.9455805,0.21198648248291008,3.8206692071581125,0.08707520715811246
2019-06-07 05:45:00,3.737109,3.8880825,0.15097350427246115,3.897248,0.1601390297088625,3.8729398,0.1358308250579836,3.8606617,0.12355274507141134,3.8112709407343304,0.07416194073433058
2019-06-07 06:00:00,2.475,3.4122095,0.9372095108032226,3.69161,1.2166100978851317,3.6813457,1.2063457012176513,3.7007096,1.225709581375122,3.6710639411385477,1.1960639411385476
2019-06-07 06:15:00,1.543359,1.5535882,0.01022915193176277,1.5728885,0.029529493537902907,1.4880507,-0.055308300765991136,1.552624,0.009264987197876051,1.5996346107995112,0.056275610799511266
2019-06-07 06:30:00,1.821094,1.7799202,-0.041173779624938955,1.8367801,0.01568607125854493,1.8627841,0.04169014726257325,1.8018214,-0.019272648948669424,1.731518580521105,-0.08957541947889491
2019-06-07 06:45:00,1.153125,1.3540977,0.2009727239608765,1.2820184,0.12889342308044438,1.2650758,0.1119508028030396,1.270706,0.117581057548523,1.2611387612738962,0.10801376127389628
2019-06-07 07:00:00,1.423828,1.4313532,0.007525211402892973,1.413998,-0.009829992225647066,1.4165486,-0.007279390266418551,1.4095551,-0.014272922447204683,1.4317234466337903,0.00789544663379016
2019-06-07 07:15:00,0.914062,1.218707,0.3046449654464721,0.9905631,0.07650109461593624,1.0106579,0.09659590653228756,0.993698,0.07963600090789791,0.9502463097465267,0.036184309746526644
2019-06-07 07:30:00,0.495703,0.88598585,0.3902828512878418,0.5518046,0.05610160214614868,0.53076345,0.03506044728469848,0.5163213,0.02061830146026611,0.5170070780179103,0.021304078017910344
2019-06-07 07:45:00,0.228516,0.65135753,0.4228415315475464,0.25670174,0.02818573764228821,0.23414883,0.005632830175399783,0.23906407,0.010548067602157596,0.26014015493912673,0.031624154939126736
2019-06-07 08:00:00,0.161719,0.30909815,0.14737915430641174,0.15877424,-0.0029447581949234025,0.16813076,0.00641175542449951,0.17782524,0.01610624228096008,0.17992137969718885,0.018202379697188853
2019-06-07 08:15:00,0.1125,0.2140824,0.10158240497112274,0.11311745,0.0006174489855766269,0.113514625,0.0010146245360374423,0.13036303,0.017863032221794126,0.08711360487729408,-0.02538639512270592
2019-06-07 08:30:00,0.084375,0.21478733,0.1304123342037201,0.10114961,0.016774611175060267,0.111396596,0.027021595835685724,0.112356596,0.027981595695018763,0.08868743371529908,0.004312433715299074
2019-06-07 08:45:00,0.140625,0.13699286,-0.0036321431398391724,0.12631093,-0.014314070343971252,0.12274741,-0.017877593636512756,0.12550887,-0.015116125345230103,0.14500010386347667,0.00437510386347667
2019-06-07 09:00:00,0.189844,0.18734954,-0.0024944570245742925,0.2117611,0.02191710208034514,0.21610242,0.02625842128372191,0.18201782,-0.007826181906700147,0.21550173173685927,0.025657731736859257
2019-06-07 09:15:00,0.052734,0.17427999,0.12154598781204223,0.11673209,0.06399809071159362,0.063851796,0.011117796090602872,0.087181225,0.03444722541904449,0.06705480109126613,0.014320801091266128
2019-06-07 09:30:00,0.066797,0.10894549,0.04214848892974854,0.15365587,0.08685887174892426,0.091676846,0.024879846146583562,0.11130322,0.04450621770906449,0.04136599024183318,-0.02543100975816682
2019-06-07 09:45:00,0.066797,0.05079841,-0.01599859131288528,0.1315983,0.06480129378128052,0.066813804,1.6804209232335054e-05,0.07058393,0.0037869321017265367,0.05128264375939165,-0.015514356240608346
2019-06-07 10:00:00,0.179297,0.06933739,-0.10995960963678361,0.16147767,-0.017819329926490796,0.17532663,-0.00397036952686311,0.15729283,-0.02200417203617097,0.1742926658390493,-0.005004334160950724
2019-06-07 10:15:00,0.225,0.18277559,-0.042224413156509405,0.2291182,0.004118198156356806,0.23160176,0.006601759791374201,0.22851051,0.0035105139017105047,0.22853707388197742,0.0035370738819774095
2019-06-07 10:30:00,0.203906,0.1709673,-0.032938704234123234,0.18381996,-0.020086035471916203,0.19818093,-0.005725071173667912,0.18456283,-0.019343167882919315,0.20085459208781978,-0.0030514079121802262
2019-06-07 10:45:00,0.144141,0.13396147,-0.010179531064987174,0.13831462,-0.005826380339622489,0.1399398,-0.004201200095176688,0.13061333,-0.013527672973632804,0.14631846428903164,0.00217746428903165
2019-06-07 11:00:00,0.0,0.0139122475,0.013912247493863106,0.015492228,0.015492227859795094,0.0,0.0,0.01138814,0.011388139799237251,0.0030349951398202664,0.0030349951398202664
2019-06-07 11:15:00,0.0,0.0,0.0,0.0,0.0,0.0,0.0,0.0,0.0,7.853311007052865e-05,7.853311007052865e-05
2019-06-07 11:30:00,0.0,0.0,0.0,0.0,0.0,0.00096647115,0.000966471154242754,0.00038224316,0.0003822431608568877,2.6350570573687955e-08,2.6350570573687955e-08
2019-06-07 11:45:00,0.0,0.0,0.0,0.0,0.0,0.0,0.0,0.0,0.0,2.6350570573687955e-08,2.6350570573687955e-08
2019-06-07 12:00:00,0.0,7.0882845e-05,7.088284473866224e-05,0.0,0.0,3.1721866e-05,3.1721865525469184e-05,2.1063556e-06,2.1063556232547853e-06,2.6350570573687955e-08,2.6350570573687955e-08
2019-06-07 12:15:00,0.0,7.0882845e-05,7.088284473866224e-05,4.31406e-06,4.314059879106935e-06,1.6789554e-05,1.6789554138085805e-05,8.805683e-06,8.805683137325104e-06,2.6350570573687955e-08,2.6350570573687955e-08
2019-06-07 12:30:00,0.0,7.0882845e-05,7.088284473866224e-05,4.31406e-06,4.314059879106935e-06,1.6789554e-05,1.6789554138085805e-05,8.805683e-06,8.805683137325104e-06,2.6350570573687955e-08,2.6350570573687955e-08
2019-06-07 12:45:00,0.0,7.0882845e-05,7.088284473866224e-05,0.0,0.0,1.6789554e-05,1.6789554138085805e-05,0.0001233871,0.0001233871007570997,2.6350570573687955e-08,2.6350570573687955e-08
2019-06-07 13:00:00,0.0,7.0882845e-05,7.088284473866224e-05,0.0,0.0,2.652629e-05,2.652628973009996e-05,9.114151e-06,9.114150998357218e-06,2.6350570573687955e-08,2.6350570573687955e-08
2019-06-07 13:15:00,0.0,7.0882845e-05,7.088284473866224e-05,0.0,0.0,4.469142e-06,4.469141913432395e-06,9.656584e-06,9.656583642936312e-06,2.6350570573687955e-08,2.6350570573687955e-08
2019-06-07 13:30:00,0.0,7.0882845e-05,7.088284473866224e-05,0.0,0.0,0.00017197922,0.000171979219885543,1.6355914e-05,1.6355914340238087e-05,2.6350570573687955e-08,2.6350570573687955e-08
2019-06-07 13:45:00,0.0,7.0882845e-05,7.088284473866224e-05,0.0,0.0,0.00016690855,0.00016690854681655765,1.6355914e-05,1.6355914340238087e-05,2.6350570573687955e-08,2.6350570573687955e-08
2019-06-07 14:00:00,0.0,7.0882845e-05,7.088284473866224e-05,0.0,0.0,1.9094885e-05,1.9094884919468313e-05,5.124813e-06,5.124813014845131e-06,2.6350570573687955e-08,2.6350570573687955e-08
2019-06-07 14:15:00,0.0,7.0882845e-05,7.088284473866224e-05,0.0,0.0,4.236609e-05,4.236608947394416e-05,4.2410015e-06,4.2410015339555684e-06,2.6350570573687955e-08,2.6350570573687955e-08
2019-06-07 14:30:00,0.0,0.00021023539,0.00021023539011366665,0.0,0.0,4.236609e-05,4.236608947394416e-05,5.050181e-06,5.050180789112346e-06,2.6350570573687955e-08,2.6350570573687955e-08
2019-06-07 14:45:00,0.0,0.00021023539,0.00021023539011366665,0.0,0.0,3.6147972e-05,3.614797242335044e-05,2.7100064e-06,2.710006356210215e-06,2.6350570573687955e-08,2.6350570573687955e-08
2019-06-07 15:00:00,0.0,0.00021023539,0.00021023539011366665,7.890944e-06,7.890944289101753e-06,3.6147972e-05,3.614797242335044e-05,0.0,0.0,2.6350570573687955e-08,2.6350570573687955e-08
2019-06-07 15:15:00,0.0,0.00021023539,0.00021023539011366665,8.4017034e-07,8.401703439631092e-07,1.2876769e-05,1.2876768778369296e-05,0.0,0.0,2.6350570573687955e-08,2.6350570573687955e-08
2019-06-07 15:30:00,0.0,0.00021023539,0.00021023539011366665,1.3067656e-06,1.3067656254861504e-06,1.2876769e-05,1.2876768778369296e-05,0.0,0.0,2.6350570573687955e-08,2.6350570573687955e-08
2019-06-07 15:45:00,0.0,0.00021023539,0.00021023539011366665,1.3067656e-06,1.3067656254861504e-06,2.8362561e-05,2.8362561351968907e-05,0.0,0.0,2.6350570573687955e-08,2.6350570573687955e-08
2019-06-07 16:00:00,0.0,0.00021023539,0.00021023539011366665,0.0,0.0,4.214333e-06,4.214332875562832e-06,1.168537e-06,1.1685369827318937e-06,2.6350570573687955e-08,2.6350570573687955e-08
2019-06-07 16:15:00,0.0,0.00021023539,0.00021023539011366665,4.91859e-06,4.918590093438979e-06,4.214333e-06,4.214332875562832e-06,1.168537e-06,1.1685369827318937e-06,2.6350570573687955e-08,2.6350570573687955e-08
2019-06-07 16:30:00,0.0,0.00021023539,0.00021023539011366665,0.0,0.0,4.214333e-06,4.214332875562832e-06,2.0096952e-05,2.0096951629966497e-05,2.6350570573687955e-08,2.6350570573687955e-08
2019-06-07 16:45:00,0.0,0.00021023539,0.00021023539011366665,0.0,0.0,4.214333e-06,4.214332875562832e-06,2.1026517e-05,2.102651706081815e-05,2.6350570573687955e-08,2.6350570573687955e-08
2019-06-07 17:00:00,0.0,0.00021023539,0.00021023539011366665,7.719411e-07,7.719410746176436e-07,4.214333e-06,4.214332875562832e-06,1.168537e-06,1.1685369827318937e-06,2.6350570573687955e-08,2.6350570573687955e-08
2019-06-07 17:15:00,0.0,0.00021023539,0.00021023539011366665,0.0,0.0,4.214333e-06,4.214332875562832e-06,1.168537e-06,1.1685369827318937e-06,2.6350570573687955e-08,2.6350570573687955e-08
2019-06-07 17:30:00,0.0,0.00021023539,0.00021023539011366665,4.91859e-06,4.918590093438979e-06,4.214333e-06,4.214332875562832e-06,1.168537e-06,1.1685369827318937e-06,2.6350570573687955e-08,2.6350570573687955e-08
2019-06-07 17:45:00,0.0,0.00021023539,0.00021023539011366665,0.0,0.0,4.214333e-06,4.214332875562832e-06,1.168537e-06,1.1685369827318937e-06,2.6350570573687955e-08,2.6350570573687955e-08
2019-06-07 18:00:00,0.0,0.00021023539,0.00021023539011366665,0.0,0.0,4.214333e-06,4.214332875562832e-06,1.168537e-06,1.1685369827318937e-06,2.6350570573687955e-08,2.6350570573687955e-08
2019-06-07 18:15:00,0.0,0.00021023539,0.00021023539011366665,0.0,0.0,6.199228e-06,6.199228209879948e-06,1.168537e-06,1.1685369827318937e-06,2.6350570573687955e-08,2.6350570573687955e-08
2019-06-07 18:30:00,0.0,0.00021023539,0.00021023539011366665,0.0,0.0,8.2775105e-06,8.277510460175108e-06,0.0,0.0,2.6350570573687955e-08,2.6350570573687955e-08
2019-06-07 18:45:00,0.0,0.00021023539,0.00021023539011366665,0.0,0.0,8.2775105e-06,8.277510460175108e-06,0.0,0.0,2.6350570573687955e-08,2.6350570573687955e-08
2019-06-07 19:00:00,0.0,0.0,0.0,0.0,0.0,0.0,0.0,0.0,0.0,0.0,0.0
2019-06-07 19:15:00,0.0,0.0,0.0,0.0,0.0,0.0,0.0,0.0,0.0,0.0,0.0
2019-06-07 19:30:00,0.0,0.0,0.0,0.0,0.0,0.0,0.0,0.0,0.0,0.0,0.0
2019-06-07 19:45:00,0.0,0.0,0.0,0.0,0.0,0.0,0.0,0.0,0.0,0.0,0.0
2019-06-07 20:00:00,0.0,0.0,0.0,0.0,0.0,0.0,0.0,0.0,0.0,0.0,0.0
2019-06-07 20:15:00,0.0,0.0,0.0,0.0,0.0,0.0,0.0,0.0,0.0,0.0,0.0
2019-06-07 20:30:00,0.0,0.0,0.0,0.0,0.0,0.0,0.0,0.0,0.0,0.0,0.0
2019-06-07 20:45:00,0.0,0.0,0.0,0.0,0.0,0.0,0.0,0.0,0.0,0.0,0.0
2019-06-07 21:00:00,0.0,0.0,0.0,0.0,0.0,0.0,0.0,0.0,0.0,0.0,0.0
2019-06-07 21:15:00,0.0,0.0,0.0,0.0,0.0,0.0,0.0,0.0,0.0,0.0,0.0
2019-06-07 21:30:00,0.028125,0.0,-0.028125,0.0,-0.028125,0.0,-0.028125,0.0,-0.028125,0.0,-0.028125
2019-06-07 21:45:00,0.133594,0.0,-0.133594,0.0,-0.133594,0.0,-0.133594,0.0,-0.133594,0.0,-0.133594
2019-06-07 22:00:00,0.291797,0.0,-0.291797,0.0,-0.291797,0.0,-0.291797,0.0,-0.291797,0.0,-0.291797
2019-06-07 22:15:00,0.404297,0.0,-0.404297,0.0,-0.404297,0.0,-0.404297,0.0,-0.404297,0.0,-0.404297
2019-06-07 22:30:00,0.601172,0.0,-0.601172,0.0,-0.601172,0.0,-0.601172,0.0,-0.601172,0.0,-0.601172
2019-06-07 22:45:00,0.752344,0.0,-0.752344,0.0,-0.752344,0.0,-0.752344,0.0,-0.752344,0.0,-0.752344
2019-06-07 23:00:00,0.896484,0.0,-0.896484,0.0,-0.896484,0.0,-0.896484,0.0,-0.896484,0.0,-0.896484
2019-06-07 23:15:00,1.163672,0.0,-1.163672,0.0,-1.163672,0.0,-1.163672,0.0,-1.163672,0.0,-1.163672
2019-06-07 23:30:00,1.399219,0.0,-1.399219,0.0,-1.399219,0.0,-1.399219,0.0,-1.399219,0.0,-1.399219
2019-06-07 23:45:00,1.659375,0.0,-1.659375,0.0,-1.659375,0.0,-1.659375,0.0,-1.659375,0.0,-1.659375
2019-06-08 00:00:00,1.944141,0.0,-1.944141,0.0,-1.944141,0.0,-1.944141,0.0,-1.944141,0.0,-1.944141
2019-06-08 00:15:00,2.183203,0.0,-2.183203,0.0,-2.183203,0.0,-2.183203,0.0,-2.183203,0.0,-2.183203
2019-06-08 00:30:00,2.383594,0.0,-2.383594,0.0,-2.383594,0.0,-2.383594,0.0,-2.383594,0.0,-2.383594
2019-06-08 00:45:00,2.714062,0.0,-2.714062,0.0,-2.714062,0.0,-2.714062,0.0,-2.714062,0.0,-2.714062
2019-06-08 01:00:00,2.960156,0.0,-2.960156,0.0,-2.960156,0.0,-2.960156,0.0,-2.960156,0.0,-2.960156
2019-06-08 01:15:00,3.107812,0.0,-3.107812,0.0,-3.107812,0.0,-3.107812,0.0,-3.107812,0.0,-3.107812
2019-06-08 01:30:00,3.336328,0.0,-3.336328,0.0,-3.336328,0.0,-3.336328,0.0,-3.336328,0.0,-3.336328
2019-06-08 01:45:00,3.624609,0.0,-3.624609,0.0,-3.624609,0.0,-3.624609,0.0,-3.624609,0.0,-3.624609
2019-06-08 02:00:00,3.649219,0.0,-3.649219,0.0,-3.649219,0.0,-3.649219,0.0,-3.649219,0.0,-3.649219
2019-06-08 02:15:00,3.793359,0.0,-3.793359,0.0,-3.793359,0.0,-3.793359,0.0,-3.793359,0.0,-3.793359
2019-06-08 02:30:00,3.891797,0.0,-3.891797,0.0,-3.891797,0.0,-3.891797,0.0,-3.891797,0.0,-3.891797
2019-06-08 02:45:00,3.803906,0.0,-3.803906,0.0,-3.803906,0.0,-3.803906,0.0,-3.803906,0.0,-3.803906
2019-06-08 03:00:00,3.958594,0.0,-3.958594,0.0,-3.958594,0.0,-3.958594,0.0,-3.958594,0.0,-3.958594
2019-06-08 03:15:00,3.98302695,0.0,-3.98302695,0.0,-3.98302695,0.0,-3.98302695,0.0,-3.98302695,0.0,-3.98302695
2019-06-08 03:30:00,3.98302695,0.0,-3.98302695,0.0,-3.98302695,0.0,-3.98302695,0.0,-3.98302695,0.0,-3.98302695
2019-06-08 03:45:00,3.933984,0.0,-3.933984,0.0,-3.933984,0.0,-3.933984,0.0,-3.933984,0.0,-3.933984
2019-06-08 04:00:00,3.863672,0.0,-3.863672,0.0,-3.863672,0.0,-3.863672,0.0,-3.863672,0.0,-3.863672
2019-06-08 04:15:00,3.751172,0.0,-3.751172,0.0,-3.751172,0.0,-3.751172,0.0,-3.751172,0.0,-3.751172
2019-06-08 04:30:00,3.772265,0.0,-3.772265,0.0,-3.772265,0.0,-3.772265,0.0,-3.772265,0.0,-3.772265
2019-06-08 04:45:00,3.80039,0.0,-3.80039,0.0,-3.80039,0.0,-3.80039,0.0,-3.80039,0.0,-3.80039
2019-06-08 05:00:00,3.810937,0.0,-3.810937,0.0,-3.810937,0.0,-3.810937,0.0,-3.810937,0.0,-3.810937
2019-06-08 05:15:00,3.782812,3.773868,-0.00894391604614242,3.7803466,-0.0024653679962156616,3.7741807,-0.008631349288940271,3.755998,-0.026814103805541833,3.6976744711586322,-0.0851375288413676
2019-06-08 05:30:00,3.744141,3.7396324,-0.004508631912231387,3.7554898,0.011348826202392637,3.6970797,-0.04706134149169916,3.7190342,-0.02510680505371088,3.6979637042890015,-0.04617729571099849
2019-06-08 05:45:00,3.751172,3.7405658,-0.010606223175048779,3.732846,-0.01832597834777827,3.7310338,-0.020138197967529248,3.7381468,-0.013025218078613232,3.7183583688680746,-0.03281363113192537
2019-06-08 06:00:00,3.772265,3.7141736,-0.05809144462585447,3.7530742,-0.019190830841064432,3.7260618,-0.04620317901611326,3.7337718,-0.03849319900512693,3.7105770951639294,-0.06168790483607056
2019-06-08 06:15:00,3.708984,3.7211955,0.012211459365844668,3.7616544,0.05267037698364252,3.7306497,0.021665709701538027,3.7221425,0.013158457962036074,3.71075809966397,0.00177409966397013
2019-06-08 06:30:00,3.719531,3.6900306,-0.029500425201415936,3.714367,-0.005164087158203046,3.695161,-0.024369895797729413,3.6784954,-0.04103559289550773,3.677880656212853,-0.04165034378714694
2019-06-08 06:45:00,3.649219,3.6900785,0.04085949693298341,3.6343226,-0.014896356719970694,3.6342876,-0.014931404251098623,3.6149633,-0.03425570692443847,3.663086484003792,0.013867484003792008
2019-06-08 07:00:00,3.550781,3.4812224,-0.06955860887146015,3.5353413,-0.015439737182617375,3.5220885,-0.028692472320556828,3.5308542,-0.01992677484130878,3.5720211195466356,0.021240119546635405
2019-06-08 07:15:00,3.417187,3.3463328,-0.07085421153259297,3.3141792,-0.10300781794738789,3.2945998,-0.12258722850036641,3.4167912,-0.00039579936218281375,3.4358820348478196,0.018695034847819425
2019-06-08 07:30:00,3.244922,3.2038586,-0.041063386032104354,3.1441607,-0.10076125247192369,3.1225104,-0.12241156680297838,3.1711347,-0.07378728968811021,3.210070902296215,-0.034851097703784806
2019-06-08 07:45:00,3.055078,3.0412107,-0.013867348602294882,2.932534,-0.1225440205841064,2.965318,-0.08976003544616695,3.0073326,-0.047745436599731406,3.033293226374972,-0.021784773625027842
2019-06-08 08:00:00,2.840625,2.765015,-0.07561011314392108,2.7418156,-0.09880943298339862,2.7689912,-0.07163376808166522,2.7881875,-0.05243749618530291,2.8241862017873838,-0.0164387982126164
2019-06-08 08:15:00,2.583984,2.6264868,0.042502778259277285,2.427728,-0.1562560623016358,2.4257214,-0.15826259306335455,2.4322152,-0.1517687862243653,2.5993264567329475,0.01534245673294743
2019-06-08 08:30:00,2.320312,2.4072466,0.0869345896606446,2.13341,-0.18690202304077141,2.1314714,-0.18884060450744622,2.0678015,-0.2525105244750976,2.3322878026966447,0.011975802696644777
2019-06-08 08:45:00,2.003906,2.0796359,0.07572985853576641,1.9063923,-0.09751366410827655,1.903257,-0.10064898763275165,1.8395876,-0.16431843076324482,2.010248714783039,0.0063427147830386055
2019-06-08 09:00:00,1.796484,1.8076137,0.011129730430603058,1.8219147,0.02543067285156253,1.7876898,-0.008794194969177216,1.753828,-0.04265595129394528,1.7993184626921712,0.002834462692171247
2019-06-08 09:15:00,1.51875,1.5026747,-0.016075301170349166,1.4280089,-0.0907410860061646,1.4690043,-0.04974572658538823,1.4653523,-0.05339770317077641,1.5021666997975507,-0.016583300202449358
2019-06-08 09:30:00,1.248047,1.3519552,0.10390817539978037,1.2179707,-0.030076271125793363,1.2267189,-0.02132809741210928,1.2232002,-0.02484679801177969,1.2866541096528936,0.03860710965289371
2019-06-08 09:45:00,1.0125,1.1252538,0.11275379657745366,1.0050606,-0.007439446449279741,1.0494043,0.03690426349639897,1.0057961,-0.0067039251327514204,1.0131956954679835,0.000695695467983537
2019-06-08 10:00:00,0.748828,0.75408167,0.0052536664695739255,0.7376312,-0.01119679825592046,0.7253257,-0.023502296379089405,0.69440687,-0.054421132972717334,0.7857801199794647,0.03695211997946468
2019-06-08 10:15:00,0.583594,0.5891822,0.005588198047637993,0.6082832,0.024689221721649224,0.600723,0.017129028182983452,0.5818875,-0.0017065164031981883,0.640253559810698,0.056659559810698035
2019-06-08 10:30:00,0.365625,0.4316208,0.0659958064556122,0.4192884,0.05366339683532717,0.41170684,0.04608183503150942,0.40686566,0.04124065637588503,0.4397584514747437,0.0741334514747437
2019-06-08 10:45:00,0.225,0.24487884,0.0198788434267044,0.29072613,0.06572612524032592,0.28451452,0.05951451659202575,0.28664792,0.06164791584014892,0.3031583625329666,0.07815836253296657
2019-06-08 11:00:00,0.108984,0.09056211,-0.018421887370586393,0.13290317,0.023919173565864565,0.13380942,0.0248254174861908,0.12452327,0.015539267149925234,0.14554368111064528,0.03655968111064528
2019-06-08 11:15:00,0.0,0.0076363925,0.007636392489075661,0.037979078,0.03797907754778862,0.024394793,0.024394793435931206,0.028149962,0.028149962425231934,0.029939701253774466,0.029939701253774466
2019-06-08 11:30:00,0.0,0.0,0.0,0.0,0.0,0.0,0.0,0.0,0.0,3.518385057057369e-05,3.518385057057369e-05
2019-06-08 11:45:00,0.0,0.0,0.0,6.3729945e-05,6.37299453956075e-05,0.0009899109,0.00098991091363132,0.0,0.0,2.6350570573687955e-08,2.6350570573687955e-08
2019-06-08 12:00:00,0.0,0.0,0.0,0.00046348287,0.00046348286559805274,0.0,0.0,0.0,0.0,2.6350570573687955e-08,2.6350570573687955e-08
2019-06-08 12:15:00,0.0,0.0,0.0,0.0,0.0,0.0,0.0,5.7851452e-05,5.785145185654983e-05,2.6350570573687955e-08,2.6350570573687955e-08
2019-06-08 12:30:00,0.0,0.00021023539,0.00021023539011366665,0.0,0.0,0.00064054265,0.0006405426538549364,0.0,0.0,2.6350570573687955e-08,2.6350570573687955e-08
2019-06-08 12:45:00,0.0,0.00021023539,0.00021023539011366665,0.0,0.0,0.0,0.0,0.0,0.0,2.6350570573687955e-08,2.6350570573687955e-08
2019-06-08 13:00:00,0.0,0.00021023539,0.00021023539011366665,0.0,0.0,0.0,0.0,0.0,0.0,2.6350570573687955e-08,2.6350570573687955e-08
2019-06-08 13:15:00,0.0,0.00021023539,0.00021023539011366665,0.0,0.0,0.00024066144,0.00024066143669188023,0.0,0.0,2.6350570573687955e-08,2.6350570573687955e-08
2019-06-08 13:30:00,0.0,0.00021023539,0.00021023539011366665,0.0,0.0,0.0,0.0,0.00015721652,0.00015721652016509324,2.6350570573687955e-08,2.6350570573687955e-08
2019-06-08 13:45:00,0.0,0.00021023539,0.00021023539011366665,2.1678343e-05,2.167834281863179e-05,0.0,0.0,4.2227777e-05,4.222777715767734e-05,2.6350570573687955e-08,2.6350570573687955e-08
2019-06-08 14:00:00,0.0,0.00021023539,0.00021023539011366665,2.1678343e-05,2.167834281863179e-05,0.0,0.0,1.0104009e-05,1.0104008651978802e-05,2.6350570573687955e-08,2.6350570573687955e-08
2019-06-08 14:15:00,0.0,0.00021023539,0.00021023539011366665,2.1678343e-05,2.167834281863179e-05,3.578796e-05,3.578796167857945e-05,9.099786e-06,9.099786439037416e-06,2.6350570573687955e-08,2.6350570573687955e-08
2019-06-08 14:30:00,0.0,0.00021023539,0.00021023539011366665,0.0,0.0,3.0717267e-05,3.0717266781721264e-05,9.152711e-06,9.152710845228285e-06,2.6350570573687955e-08,2.6350570573687955e-08
2019-06-08 14:45:00,0.0,0.00021023539,0.00021023539011366665,1.5910186e-05,1.5910185538814403e-05,0.0,0.0,2.1690794e-06,2.169079380109906e-06,2.6350570573687955e-08,2.6350570573687955e-08
2019-06-08 15:00:00,0.0,0.00021023539,0.00021023539011366665,1.6508673e-05,1.6508673070347868e-05,0.0,0.0,0.0,0.0,2.6350570573687955e-08,2.6350570573687955e-08
2019-06-08 15:15:00,0.0,0.00021023539,0.00021023539011366665,0.0,0.0,0.0,0.0,0.0,0.0,2.6350570573687955e-08,2.6350570573687955e-08
2019-06-08 15:30:00,0.0,0.00021023539,0.00021023539011366665,1.6508673e-05,1.6508673070347868e-05,0.0,0.0,0.0,0.0,2.6350570573687955e-08,2.6350570573687955e-08
2019-06-08 15:45:00,0.0,0.00021023539,0.00021023539011366665,1.607705e-05,1.6077050531748682e-05,0.0,0.0,9.101699e-05,9.101699106395245e-05,2.6350570573687955e-08,2.6350570573687955e-08
2019-06-08 16:00:00,0.0,0.00021023539,0.00021023539011366665,5.458528e-05,5.4585281759500504e-05,0.0,0.0,0.0,0.0,2.6350570573687955e-08,2.6350570573687955e-08
2019-06-08 16:15:00,0.0,0.00021023539,0.00021023539011366665,5.458528e-05,5.4585281759500504e-05,0.0,0.0,0.0,0.0,2.6350570573687955e-08,2.6350570573687955e-08
2019-06-08 16:30:00,0.0,0.00021023539,0.00021023539011366665,0.00012869692,0.000128696920000948,0.0,0.0,0.0,0.0,2.6350570573687955e-08,2.6350570573687955e-08
2019-06-08 16:45:00,0.0,0.00021023539,0.00021023539011366665,1.676294e-05,1.6762940504122525e-05,0.0,0.0,0.0,0.0,2.6350570573687955e-08,2.6350570573687955e-08
2019-06-08 17:00:00,0.0,0.00021023539,0.00021023539011366665,3.3954446e-05,3.3954445825656876e-05,0.0,0.0,0.0,0.0,2.6350570573687955e-08,2.6350570573687955e-08
2019-06-08 17:15:00,0.0,0.00021023539,0.00021023539011366665,1.9602252e-05,1.9602251995820552e-05,0.0,0.0,0.0,0.0,2.6350570573687955e-08,2.6350570573687955e-08
2019-06-08 17:30:00,0.0,0.00021023539,0.00021023539011366665,7.5351604e-06,7.535160420957254e-06,0.0,0.0,0.00012078541,0.00012078540748916566,2.6350570573687955e-08,2.6350570573687955e-08
2019-06-08 17:45:00,0.0,0.00021023539,0.00021023539011366665,7.5351604e-06,7.535160420957254e-06,0.0,0.0,3.4459325e-07,3.44593246381919e-07,2.6350570573687955e-08,2.6350570573687955e-08
2019-06-08 18:00:00,0.0,0.00021023539,0.00021023539011366665,7.5351604e-06,7.535160420957254e-06,0.0,0.0,0.00012078541,0.00012078540748916566,2.6350570573687955e-08,2.6350570573687955e-08
2019-06-08 18:15:00,0.0,0.00021023539,0.00021023539011366665,7.5351604e-06,7.535160420957254e-06,0.0,0.0,7.0439187e-06,7.04391868566745e-06,2.6350570573687955e-08,2.6350570573687955e-08
2019-06-08 18:30:00,0.0,0.00021023539,0.00021023539011366665,0.0,0.0,0.0,0.0,5.6262948e-06,5.626294750982197e-06,2.6350570573687955e-08,2.6350570573687955e-08
2019-06-08 18:45:00,0.0,0.00021023539,0.00021023539011366665,0.0,0.0,1.2189426e-05,1.2189426342956722e-05,5.096526e-06,5.096525910630589e-06,2.6350570573687955e-08,2.6350570573687955e-08
2019-06-08 19:00:00,0.0,0.0,0.0,0.0,0.0,0.0,0.0,0.0,0.0,0.0,0.0
2019-06-08 19:15:00,0.0,0.0,0.0,0.0,0.0,0.0,0.0,0.0,0.0,0.0,0.0
2019-06-08 19:30:00,0.0,0.0,0.0,0.0,0.0,0.0,0.0,0.0,0.0,0.0,0.0
2019-06-08 19:45:00,0.0,0.0,0.0,0.0,0.0,0.0,0.0,0.0,0.0,0.0,0.0
2019-06-08 20:00:00,0.0,0.0,0.0,0.0,0.0,0.0,0.0,0.0,0.0,0.0,0.0
2019-06-08 20:15:00,0.0,0.0,0.0,0.0,0.0,0.0,0.0,0.0,0.0,0.0,0.0
2019-06-08 20:30:00,0.0,0.0,0.0,0.0,0.0,0.0,0.0,0.0,0.0,0.0,0.0
2019-06-08 20:45:00,0.0,0.0,0.0,0.0,0.0,0.0,0.0,0.0,0.0,0.0,0.0
2019-06-08 21:00:00,0.0,0.0,0.0,0.0,0.0,0.0,0.0,0.0,0.0,0.0,0.0
2019-06-08 21:15:00,0.0,0.0,0.0,0.0,0.0,0.0,0.0,0.0,0.0,0.0,0.0
2019-06-08 21:30:00,0.0,0.0,0.0,0.0,0.0,0.0,0.0,0.0,0.0,0.0,0.0
2019-06-08 21:45:00,0.126563,0.0,-0.126563,0.0,-0.126563,0.0,-0.126563,0.0,-0.126563,0.0,-0.126563
2019-06-08 22:00:00,0.225,0.0,-0.225,0.0,-0.225,0.0,-0.225,0.0,-0.225,0.0,-0.225
2019-06-08 22:15:00,0.362109,0.0,-0.362109,0.0,-0.362109,0.0,-0.362109,0.0,-0.362109,0.0,-0.362109
2019-06-08 22:30:00,0.590625,0.0,-0.590625,0.0,-0.590625,0.0,-0.590625,0.0,-0.590625,0.0,-0.590625
2019-06-08 22:45:00,0.84375,0.0,-0.84375,0.0,-0.84375,0.0,-0.84375,0.0,-0.84375,0.0,-0.84375
2019-06-08 23:00:00,1.125,0.0,-1.125,0.0,-1.125,0.0,-1.125,0.0,-1.125,0.0,-1.125
2019-06-08 23:15:00,1.430859,0.0,-1.430859,0.0,-1.430859,0.0,-1.430859,0.0,-1.430859,0.0,-1.430859
2019-06-08 23:30:00,1.733203,0.0,-1.733203,0.0,-1.733203,0.0,-1.733203,0.0,-1.733203,0.0,-1.733203
2019-06-08 23:45:00,2.017969,0.0,-2.017969,0.0,-2.017969,0.0,-2.017969,0.0,-2.017969,0.0,-2.017969
2019-06-09 00:00:00,2.288672,0.0,-2.288672,0.0,-2.288672,0.0,-2.288672,0.0,-2.288672,0.0,-2.288672
2019-06-09 00:15:00,2.555859,0.0,-2.555859,0.0,-2.555859,0.0,-2.555859,0.0,-2.555859,0.0,-2.555859
2019-06-09 00:30:00,2.798437,0.0,-2.798437,0.0,-2.798437,0.0,-2.798437,0.0,-2.798437,0.0,-2.798437
2019-06-09 00:45:00,3.0375,0.0,-3.0375,0.0,-3.0375,0.0,-3.0375,0.0,-3.0375,0.0,-3.0375
2019-06-09 01:00:00,3.269531,0.0,-3.269531,0.0,-3.269531,0.0,-3.269531,0.0,-3.269531,0.0,-3.269531
2019-06-09 01:15:00,3.438281,0.0,-3.438281,0.0,-3.438281,0.0,-3.438281,0.0,-3.438281,0.0,-3.438281
2019-06-09 01:30:00,3.554297,0.0,-3.554297,0.0,-3.554297,0.0,-3.554297,0.0,-3.554297,0.0,-3.554297
2019-06-09 01:45:00,3.772265,0.0,-3.772265,0.0,-3.772265,0.0,-3.772265,0.0,-3.772265,0.0,-3.772265
2019-06-09 02:00:00,3.867188,0.0,-3.867188,0.0,-3.867188,0.0,-3.867188,0.0,-3.867188,0.0,-3.867188
2019-06-09 02:15:00,3.98302695,0.0,-3.98302695,0.0,-3.98302695,0.0,-3.98302695,0.0,-3.98302695,0.0,-3.98302695
2019-06-09 02:30:00,3.98302695,0.0,-3.98302695,0.0,-3.98302695,0.0,-3.98302695,0.0,-3.98302695,0.0,-3.98302695
2019-06-09 02:45:00,3.98302695,0.0,-3.98302695,0.0,-3.98302695,0.0,-3.98302695,0.0,-3.98302695,0.0,-3.98302695
2019-06-09 03:00:00,3.98302695,0.0,-3.98302695,0.0,-3.98302695,0.0,-3.98302695,0.0,-3.98302695,0.0,-3.98302695
2019-06-09 03:15:00,3.98302695,0.0,-3.98302695,0.0,-3.98302695,0.0,-3.98302695,0.0,-3.98302695,0.0,-3.98302695
2019-06-09 03:30:00,3.98302695,0.0,-3.98302695,0.0,-3.98302695,0.0,-3.98302695,0.0,-3.98302695,0.0,-3.98302695
2019-06-09 03:45:00,3.98302695,0.0,-3.98302695,0.0,-3.98302695,0.0,-3.98302695,0.0,-3.98302695,0.0,-3.98302695
2019-06-09 04:00:00,3.98302695,0.0,-3.98302695,0.0,-3.98302695,0.0,-3.98302695,0.0,-3.98302695,0.0,-3.98302695
2019-06-09 04:15:00,3.860156,0.0,-3.860156,0.0,-3.860156,0.0,-3.860156,0.0,-3.860156,0.0,-3.860156
2019-06-09 04:30:00,3.98302695,0.0,-3.98302695,0.0,-3.98302695,0.0,-3.98302695,0.0,-3.98302695,0.0,-3.98302695
2019-06-09 04:45:00,3.98302695,0.0,-3.98302695,0.0,-3.98302695,0.0,-3.98302695,0.0,-3.98302695,0.0,-3.98302695
2019-06-09 05:00:00,3.944531,0.0,-3.944531,0.0,-3.944531,0.0,-3.944531,0.0,-3.944531,0.0,-3.944531
2019-06-09 05:15:00,3.909375,3.9570203,0.047645282745361506,3.949372,0.03999705314636248,3.938698,0.02932305335998553,3.8564074,-0.05296759605407697,3.9202477001255374,0.010872700125537538
2019-06-09 05:30:00,3.948047,3.9114916,-0.03655536753845201,3.9272892,-0.02075775248718248,3.9579751,0.009928149154663224,3.8799722,-0.06807478053283678,3.9280168915129354,-0.020030108487064435
2019-06-09 05:45:00,3.98302695,3.9208221,-0.06220480644531268,3.9340634,-0.0489635153991701,3.9469514,-0.036075560687256036,3.8434618,-0.13956519806213397,3.9234588066055,-0.05956814339450034
2019-06-09 06:00:00,3.98302695,3.9512296,-0.0317973777038576,3.9497318,-0.033295123217773614,3.9713407,-0.011686293719482599,3.8721497,-0.11087724411315936,3.9201981513306965,-0.06282879866930369
2019-06-09 06:15:00,3.835547,3.91275,0.07720300572204586,3.8457162,0.010169238021850546,3.8902628,0.05471584217834469,3.8216078,-0.01393917185974125,3.8602197482526783,0.02467274825267829
2019-06-09 06:30:00,3.846094,3.9037156,0.05762161050415049,3.855172,0.009077918869018653,3.8844426,0.03834856782531748,3.8218107,-0.024283277648925683,3.846313536388854,0.00021953638885419124
2019-06-09 06:45:00,3.726562,3.753761,0.02719905308532722,3.672736,-0.05382607051086419,3.7281878,0.0016257994537354215,3.7276702,0.0011081927185059293,3.7384436352304307,0.011881635230430732
2019-06-09 07:00:00,3.670312,3.6412234,-0.029088569366455097,3.6190183,-0.05129368373107912,3.6374452,-0.03286678858947756,3.6331918,-0.03712017604064943,3.6827246856994655,0.01241268569946552
2019-06-09 07:15:00,3.571875,3.5356221,-0.03625288009643546,3.4109397,-0.16093530654907218,3.535016,-0.03685894012451163,3.561816,-0.010059022903442294,3.4955687851158657,-0.07630621488413425
2019-06-09 07:30:00,3.371484,3.2749805,-0.09650345495605483,3.2524042,-0.11907978704833999,3.2521317,-0.11935229948425308,3.3160746,-0.05540939024353042,3.3558571003004487,-0.015626899699551444
2019-06-09 07:45:00,3.174609,3.1748283,0.00021929093933126254,3.0801387,-0.094470316680908,3.0649045,-0.10970454862976053,3.110662,-0.06394701651000956,3.1803101559440643,0.0057011559440645065
2019-06-09 08:00:00,2.998828,3.0013804,0.0025524435729979977,2.9034603,-0.09536773579406743,2.9170704,-0.08175761120605474,2.995382,-0.003445929458618213,3.0094564276096105,0.010628427609610469
2019-06-09 08:15:00,2.731641,2.819151,0.08750992468261698,2.7109044,-0.020736640182495325,2.6965842,-0.035056775299072473,2.655719,-0.07592195817565939,2.7361271921184467,0.004486192118446475
2019-06-09 08:30:00,2.492578,2.5299356,0.037357598373413126,2.3301632,-0.1624147595672607,2.326045,-0.166532963684082,2.2188318,-0.2737462224273681,2.54587493070899,0.05329693070898989
2019-06-09 08:45:00,2.211328,2.2990623,0.08773425204467777,2.0744267,-0.1369013489990234,2.1361592,-0.07516881840515133,2.0151157,-0.1962122620849609,2.257950093633121,0.046622093633120976
2019-06-09 09:00:00,1.923047,1.9642558,0.041208809783935596,1.8807672,-0.042279773780822705,1.9016051,-0.02144187075805659,1.901072,-0.021974974700927685,1.9470898570654815,0.024042857065481593
2019-06-09 09:15:00,1.652344,1.6578153,0.005471337181091274,1.6404082,-0.011935841697692906,1.6245697,-0.027774345535278355,1.6321007,-0.02024329866790775,1.654737394658922,0.0023933946589218547
2019-06-09 09:30:00,1.378125,1.4338025,0.055677485466003374,1.3616023,-0.016522693634033248,1.3638664,-0.01425855159759526,1.3534865,-0.024638462066650435,1.3794027416880479,0.0012777416880478398
2019-06-09 09:45:00,1.093359,1.2163565,0.12299751588439944,1.0759873,-0.01737166098022458,1.0740392,-0.019319779190063446,1.0831167,-0.010242349418640107,1.1256039862636176,0.0322449862636176
2019-06-09 10:00:00,0.812109,0.8353808,0.023271792617797882,0.88962406,0.0775150592002869,0.9047655,0.09265648671722415,0.8479552,0.03584622689819339,0.8743092189677846,0.062200218967784604
2019-06-09 10:15:00,0.569531,0.57260984,0.0030788418235778714,0.6889812,0.11945017542266845,0.623462,0.053931021350860586,0.67249954,0.10296853746795653,0.6741004769154092,0.10456947691540919
2019-06-09 10:30:00,0.365625,0.37534347,0.00971847176551821,0.47187245,0.10624744892120364,0.46465567,0.09903066754341128,0.46522722,0.0996022164821625,0.5507519934969699,0.18512699349696993
2019-06-09 10:45:00,0.210938,0.23099622,0.020058221303939833,0.30047643,0.08953843184661867,0.3027699,0.09183189936828615,0.277616,0.06667799421501161,0.32839473399330193,0.11745673399330195
2019-06-09 11:00:00,0.105469,0.100763425,-0.004705574769020074,0.16043185,0.05496284697628022,0.17630628,0.07083727751350404,0.16407886,0.05860986147499085,0.17583942292589438,0.07037042292589439
2019-06-09 11:15:00,0.017578,0.0028604544,-0.014717545623213053,0.03930579,0.02172779125881195,0.033987317,0.016409317234277725,0.04085313,0.02327513156247139,0.046829093879167207,0.029251093879167207
2019-06-09 11:30:00,0.0,0.0,0.0,0.0007733041,0.0007733040838502347,0.0,0.0,0.0,0.0,2.6350570573687955e-08,2.6350570573687955e-08
2019-06-09 11:45:00,0.0,0.0,0.0,0.0,0.0,0.0,0.0,2.3766193e-05,2.3766193407936953e-05,2.6350570573687955e-08,2.6350570573687955e-08
2019-06-09 12:00:00,0.0,0.0,0.0,0.0,0.0,0.0,0.0,1.294652e-05,1.2946519746037666e-05,2.6350570573687955e-08,2.6350570573687955e-08
2019-06-09 12:15:00,0.0,0.0,0.0,0.0,0.0,0.0,0.0,1.810046e-05,1.8100459783454426e-05,2.6350570573687955e-08,2.6350570573687955e-08
2019-06-09 12:30:00,0.0,0.0,0.0,0.0,0.0,0.0,0.0,2.5657646e-06,2.5657645892351866e-06,2.6350570573687955e-08,2.6350570573687955e-08
2019-06-09 12:45:00,0.0,0.00021023539,0.00021023539011366665,0.0,0.0,0.0,0.0,1.6860386e-05,1.686038558545988e-05,2.6350570573687955e-08,2.6350570573687955e-08
2019-06-09 13:00:00,0.0,0.00021023539,0.00021023539011366665,0.0,0.0,0.0,0.0,1.6807462e-05,1.6807462088763714e-05,2.6350570573687955e-08,2.6350570573687955e-08
2019-06-09 13:15:00,0.0,0.00021023539,0.00021023539011366665,0.0,0.0,0.0,0.0,5.629286e-06,5.629286079056328e-06,2.6350570573687955e-08,2.6350570573687955e-08
2019-06-09 13:30:00,0.0,0.00021023539,0.00021023539011366665,0.0,0.0,0.0,0.0,2.2069235e-06,2.2069234546506777e-06,2.6350570573687955e-08,2.6350570573687955e-08
2019-06-09 13:45:00,0.0,0.00021023539,0.00021023539011366665,0.0,0.0,0.0,0.0,5.629286e-06,5.629286079056328e-06,2.6350570573687955e-08,2.6350570573687955e-08
2019-06-09 14:00:00,0.0,0.00021023539,0.00021023539011366665,0.0,0.0,0.0,0.0,5.8311202e-06,5.831120233779075e-06,2.6350570573687955e-08,2.6350570573687955e-08
2019-06-09 14:15:00,0.0,0.00021023539,0.00021023539011366665,0.0,0.0,0.0,0.0,2.154739e-06,2.1547389223997016e-06,2.6350570573687955e-08,2.6350570573687955e-08
2019-06-09 14:30:00,0.0,0.00021023539,0.00021023539011366665,2.435681e-06,2.4356809262826573e-06,2.2804816e-05,2.2804815671406686e-05,5.5241776e-06,5.524177595361834e-06,2.6350570573687955e-08,2.6350570573687955e-08
2019-06-09 14:45:00,0.0,0.00021023539,0.00021023539011366665,3.0856872e-06,3.0856872399454005e-06,0.0,0.0,5.5241776e-06,5.524177595361834e-06,2.6350570573687955e-08,2.6350570573687955e-08
2019-06-09 15:00:00,0.0,0.00021023539,0.00021023539011366665,3.0856872e-06,3.0856872399454005e-06,0.0,0.0,5.5241776e-06,5.524177595361834e-06,2.6350570573687955e-08,2.6350570573687955e-08
2019-06-09 15:15:00,0.0,0.00021023539,0.00021023539011366665,3.0856872e-06,3.0856872399454005e-06,0.0,0.0,5.5241776e-06,5.524177595361834e-06,2.6350570573687955e-08,2.6350570573687955e-08
2019-06-09 15:30:00,0.0,0.00021023539,0.00021023539011366665,3.0856872e-06,3.0856872399454005e-06,1.0148699e-05,1.014869940263452e-05,5.5241776e-06,5.524177595361834e-06,2.6350570573687955e-08,2.6350570573687955e-08
2019-06-09 15:45:00,0.0,0.00021023539,0.00021023539011366665,3.517302e-06,3.517302047839621e-06,3.1619053e-05,3.1619052606401965e-05,5.0533595e-06,5.053359473095043e-06,2.6350570573687955e-08,2.6350570573687955e-08
2019-06-09 16:00:00,0.0,0.00021023539,0.00021023539011366665,0.0,0.0,1.1923925e-05,1.1923924830625765e-05,1.1156135e-06,1.115613486035727e-06,2.6350570573687955e-08,2.6350570573687955e-08
2019-06-09 16:15:00,0.0,0.00021023539,0.00021023539011366665,0.0,0.0,1.1923925e-05,1.1923924830625765e-05,1.1156135e-06,1.115613486035727e-06,2.6350570573687955e-08,2.6350570573687955e-08
2019-06-09 16:30:00,0.0,0.00021023539,0.00021023539011366665,0.0,0.0,1.1923925e-05,1.1923924830625765e-05,1.1156135e-06,1.115613486035727e-06,2.6350570573687955e-08,2.6350570573687955e-08
2019-06-09 16:45:00,0.0,0.00021023539,0.00021023539011366665,0.0,0.0,1.1923925e-05,1.1923924830625765e-05,1.1156135e-06,1.115613486035727e-06,2.6350570573687955e-08,2.6350570573687955e-08
2019-06-09 17:00:00,0.0,0.00021023539,0.00021023539011366665,0.0,0.0,4.1385147e-06,4.138514668738935e-06,1.168537e-06,1.1685369827318937e-06,2.6350570573687955e-08,2.6350570573687955e-08
2019-06-09 17:15:00,0.0,0.00021023539,0.00021023539011366665,0.0,0.0,4.1385147e-06,4.138514668738935e-06,1.168537e-06,1.1685369827318937e-06,2.6350570573687955e-08,2.6350570573687955e-08
2019-06-09 17:30:00,0.0,0.00021023539,0.00021023539011366665,0.0,0.0,4.1385147e-06,4.138514668738935e-06,1.168537e-06,1.1685369827318937e-06,2.6350570573687955e-08,2.6350570573687955e-08
2019-06-09 17:45:00,0.0,0.00021023539,0.00021023539011366665,0.0,0.0,4.1385147e-06,4.138514668738935e-06,1.1156135e-06,1.115613486035727e-06,2.6350570573687955e-08,2.6350570573687955e-08
2019-06-09 18:00:00,0.0,0.00021023539,0.00021023539011366665,0.0,0.0,4.1385147e-06,4.138514668738935e-06,1.1156135e-06,1.115613486035727e-06,2.6350570573687955e-08,2.6350570573687955e-08
2019-06-09 18:15:00,0.0,0.00021023539,0.00021023539011366665,0.0,0.0,4.1385147e-06,4.138514668738935e-06,1.168537e-06,1.1685369827318937e-06,2.6350570573687955e-08,2.6350570573687955e-08
2019-06-09 18:30:00,0.0,0.00021023539,0.00021023539011366665,0.0,0.0,8.201692e-06,8.201692253351212e-06,5.818031e-07,5.818030786031159e-07,2.6350570573687955e-08,2.6350570573687955e-08
2019-06-09 18:45:00,0.0,0.00021023539,0.00021023539011366665,0.0,0.0,8.201692e-06,8.201692253351212e-06,6.347267e-07,6.347266889861203e-07,2.6350570573687955e-08,2.6350570573687955e-08
2019-06-09 19:00:00,0.0,0.0,0.0,0.0,0.0,0.0,0.0,0.0,0.0,0.0,0.0
2019-06-09 19:15:00,0.0,0.0,0.0,0.0,0.0,0.0,0.0,0.0,0.0,0.0,0.0
2019-06-09 19:30:00,0.0,0.0,0.0,0.0,0.0,0.0,0.0,0.0,0.0,0.0,0.0
2019-06-09 19:45:00,0.0,0.0,0.0,0.0,0.0,0.0,0.0,0.0,0.0,0.0,0.0
2019-06-09 20:00:00,0.0,0.0,0.0,0.0,0.0,0.0,0.0,0.0,0.0,0.0,0.0
2019-06-09 20:15:00,0.0,0.0,0.0,0.0,0.0,0.0,0.0,0.0,0.0,0.0,0.0
2019-06-09 20:30:00,0.0,0.0,0.0,0.0,0.0,0.0,0.0,0.0,0.0,0.0,0.0
2019-06-09 20:45:00,0.0,0.0,0.0,0.0,0.0,0.0,0.0,0.0,0.0,0.0,0.0
2019-06-09 21:00:00,0.0,0.0,0.0,0.0,0.0,0.0,0.0,0.0,0.0,0.0,0.0
2019-06-09 21:15:00,0.007031,0.0,-0.007031,0.0,-0.007031,0.0,-0.007031,0.0,-0.007031,0.0,-0.007031
2019-06-09 21:30:00,0.0,0.0,0.0,0.0,0.0,0.0,0.0,0.0,0.0,0.0,0.0
2019-06-09 21:45:00,0.1125,0.0,-0.1125,0.0,-0.1125,0.0,-0.1125,0.0,-0.1125,0.0,-0.1125
2019-06-09 22:00:00,0.242578,0.0,-0.242578,0.0,-0.242578,0.0,-0.242578,0.0,-0.242578,0.0,-0.242578
2019-06-09 22:15:00,0.383203,0.0,-0.383203,0.0,-0.383203,0.0,-0.383203,0.0,-0.383203,0.0,-0.383203
2019-06-09 22:30:00,0.5625,0.0,-0.5625,0.0,-0.5625,0.0,-0.5625,0.0,-0.5625,0.0,-0.5625
2019-06-09 22:45:00,0.801562,0.0,-0.801562,0.0,-0.801562,0.0,-0.801562,0.0,-0.801562,0.0,-0.801562
2019-06-09 23:00:00,1.086328,0.0,-1.086328,0.0,-1.086328,0.0,-1.086328,0.0,-1.086328,0.0,-1.086328
2019-06-09 23:15:00,1.335938,0.0,-1.335938,0.0,-1.335938,0.0,-1.335938,0.0,-1.335938,0.0,-1.335938
2019-06-09 23:30:00,1.529297,0.0,-1.529297,0.0,-1.529297,0.0,-1.529297,0.0,-1.529297,0.0,-1.529297
2019-06-09 23:45:00,1.916016,0.0,-1.916016,0.0,-1.916016,0.0,-1.916016,0.0,-1.916016,0.0,-1.916016
2019-06-10 00:00:00,1.887891,0.0,-1.887891,0.0,-1.887891,0.0,-1.887891,0.0,-1.887891,0.0,-1.887891
2019-06-10 00:15:00,2.450391,0.0,-2.450391,0.0,-2.450391,0.0,-2.450391,0.0,-2.450391,0.0,-2.450391
2019-06-10 00:30:00,2.721094,0.0,-2.721094,0.0,-2.721094,0.0,-2.721094,0.0,-2.721094,0.0,-2.721094
2019-06-10 00:45:00,2.977734,0.0,-2.977734,0.0,-2.977734,0.0,-2.977734,0.0,-2.977734,0.0,-2.977734
2019-06-10 01:00:00,3.153516,0.0,-3.153516,0.0,-3.153516,0.0,-3.153516,0.0,-3.153516,0.0,-3.153516
2019-06-10 01:15:00,3.244922,0.0,-3.244922,0.0,-3.244922,0.0,-3.244922,0.0,-3.244922,0.0,-3.244922
2019-06-10 01:30:00,3.346875,0.0,-3.346875,0.0,-3.346875,0.0,-3.346875,0.0,-3.346875,0.0,-3.346875
2019-06-10 01:45:00,3.582422,0.0,-3.582422,0.0,-3.582422,0.0,-3.582422,0.0,-3.582422,0.0,-3.582422
2019-06-10 02:00:00,3.417187,0.0,-3.417187,0.0,-3.417187,0.0,-3.417187,0.0,-3.417187,0.0,-3.417187
2019-06-10 02:15:00,3.832031,0.0,-3.832031,0.0,-3.832031,0.0,-3.832031,0.0,-3.832031,0.0,-3.832031
2019-06-10 02:30:00,3.684375,0.0,-3.684375,0.0,-3.684375,0.0,-3.684375,0.0,-3.684375,0.0,-3.684375
2019-06-10 02:45:00,3.98302695,0.0,-3.98302695,0.0,-3.98302695,0.0,-3.98302695,0.0,-3.98302695,0.0,-3.98302695
2019-06-10 03:00:00,3.98302695,0.0,-3.98302695,0.0,-3.98302695,0.0,-3.98302695,0.0,-3.98302695,0.0,-3.98302695
2019-06-10 03:15:00,3.909375,0.0,-3.909375,0.0,-3.909375,0.0,-3.909375,0.0,-3.909375,0.0,-3.909375
2019-06-10 03:30:00,3.98302695,0.0,-3.98302695,0.0,-3.98302695,0.0,-3.98302695,0.0,-3.98302695,0.0,-3.98302695
2019-06-10 03:45:00,3.568359,0.0,-3.568359,0.0,-3.568359,0.0,-3.568359,0.0,-3.568359,0.0,-3.568359
2019-06-10 04:00:00,2.939062,0.0,-2.939062,0.0,-2.939062,0.0,-2.939062,0.0,-2.939062,0.0,-2.939062
2019-06-10 04:15:00,3.98302695,0.0,-3.98302695,0.0,-3.98302695,0.0,-3.98302695,0.0,-3.98302695,0.0,-3.98302695
2019-06-10 04:30:00,3.121875,0.0,-3.121875,0.0,-3.121875,0.0,-3.121875,0.0,-3.121875,0.0,-3.121875
2019-06-10 04:45:00,3.171094,0.0,-3.171094,0.0,-3.171094,0.0,-3.171094,0.0,-3.171094,0.0,-3.171094
2019-06-10 05:00:00,3.976172,0.0,-3.976172,0.0,-3.976172,0.0,-3.976172,0.0,-3.976172,0.0,-3.976172
2019-06-10 05:15:00,3.856641,3.5820656,-0.2745754177246096,3.7263172,-0.13032383271789572,3.7655225,-0.09111851998901388,3.7349744,-0.12166661569213888,3.660624513561623,-0.19601648643837732
2019-06-10 05:30:00,3.533203,3.6593416,0.1261385737152101,3.7208362,0.1876331625671388,3.7228851,0.18968213183593763,3.734597,0.20139396769714368,3.6713455116463427,0.13814251164634284
2019-06-10 05:45:00,3.76875,3.7363677,-0.03238229751586896,3.726942,-0.041807937622070135,3.7541957,-0.014554309844970525,3.7873797,0.01862974166870135,3.725108497190183,-0.043641502809816934
2019-06-10 06:00:00,3.740625,3.7506897,0.010064744949340731,3.694197,-0.0464280605316163,3.7563908,0.015765810012817294,3.7198088,-0.02081618309021005,3.7461211018097815,0.00549610180978144
2019-06-10 06:15:00,3.462891,3.6076422,0.1447511737670899,3.6242228,0.16133175543212896,3.7017474,0.23885641744995123,3.6783915,0.21550045660400396,3.650798650244078,0.18790765024407818
2019-06-10 06:30:00,3.564844,3.6940546,0.12921060357666025,3.6539826,0.08913863931274424,3.7092197,0.14437569413757334,3.6863086,0.12146462236022959,3.651206978788124,0.08636297878812416
2019-06-10 06:45:00,3.002344,3.2400725,0.23772848878479014,3.4323575,0.4300135496673585,3.3264368,0.32409275804138193,3.4321086,0.42976464067077647,3.494651863290924,0.4923078632909239
2019-06-10 07:00:00,3.202734,3.1867847,-0.015949255737304657,3.4530294,0.2502953941497803,3.4041457,0.20141171762084964,3.398157,0.1954228813323975,3.4763915745850795,0.27365757458507955
2019-06-10 07:15:00,3.241406,3.169786,-0.0716200235900879,3.4289122,0.1875061627807617,3.3713064,0.12990041937255858,3.324299,0.08289309706115722,3.4243438809060196,0.1829378809060196
2019-06-10 07:30:00,3.051562,2.950049,-0.10151307650756847,2.9915378,-0.060024190628051866,2.9730809,-0.07848112651062022,3.107352,0.055790018356323134,3.107077489811706,0.055515489811706065
2019-06-10 07:45:00,2.900391,2.9346747,0.03428373983764654,2.8708355,-0.029555457321166934,2.862021,-0.0383700306091308,2.9541411,0.05375013998413092,2.9814599928961485,0.08106899289614855
2019-06-10 08:00:00,2.358984,2.5080647,0.14908074685668948,2.6134503,0.25446628877258304,2.5595753,0.20059131929016116,2.4677558,0.10877179452514651,2.6876646500417793,0.3286806500417794
2019-06-10 08:15:00,2.562891,2.4508727,-0.11201834031677249,2.3355453,-0.2273456985626221,2.2719402,-0.29095076867675784,2.249738,-0.31315302201843265,2.43117667003271,-0.13171432996729004
2019-06-10 08:30:00,2.390625,2.3710263,-0.019598722457885742,2.1777282,-0.21289682388305664,2.208528,-0.1820969581604004,2.0529065,-0.33771848678588867,2.3548062069510087,-0.03581879304899127
2019-06-10 08:45:00,2.091797,2.1253922,0.03359519856262194,2.1462643,0.05446731465148913,2.1077108,0.015913838317870965,2.0180135,-0.07378352267456068,2.1598136551026497,0.06801665510264954
2019-06-10 09:00:00,1.873828,1.917665,0.04383700473022456,1.8341067,-0.03972131626892095,1.8858572,0.012029224464416455,1.8474193,-0.026408738067627002,1.9178754154360353,0.0440474154360353
2019-06-10 09:15:00,1.599609,1.6323179,0.03270890065765375,1.62492,0.025311010566711367,1.6330751,0.03346611806488031,1.5600425,-0.039566499504089414,1.6624227535895721,0.06281375358957209
2019-06-10 09:30:00,1.321875,1.2970145,-0.024860525131225497,1.2045578,-0.11731722354888907,1.3266643,0.004789328575134366,1.2938063,-0.028068685531616122,1.3837692018357077,0.06189420183570782
2019-06-10 09:45:00,1.082812,1.1415396,0.058727573669433486,1.0663178,-0.016494203292846787,1.0675852,-0.015226770126342881,1.057694,-0.025118041717529405,1.1042368112506222,0.021424811250622122
2019-06-10 10:00:00,0.819141,0.8463699,0.027228922161102287,0.82408404,0.004943043502807609,0.86339295,0.044251949104309074,0.867197,0.04805597713851928,0.9056032726035548,0.08646227260355477
2019-06-10 10:15:00,0.580078,0.5569481,-0.023129874637603742,0.67078304,0.09070504290771486,0.6308681,0.050790077278137225,0.6474966,0.0674185810775757,0.69086835847847,0.11079035847846996
2019-06-10 10:30:00,0.376172,0.39449108,0.01831907646942138,0.45483387,0.07866186516571044,0.48399696,0.10782495754051208,0.46515593,0.0889839293270111,0.5405522440646243,0.16438024406462431
2019-06-10 10:45:00,0.207422,0.2421319,0.03470990376758576,0.29592574,0.08850373642730713,0.2821049,0.07468290942001343,0.28007835,0.07265635149765015,0.31443594357761473,0.10701394357761473
2019-06-10 11:00:00,0.101953,0.089194424,-0.01275857554960251,0.15204184,0.05008883757305145,0.15624969,0.05429668707561493,0.13957898,0.037625983187675474,0.15966702047236228,0.05771402047236228
2019-06-10 11:15:00,0.031641,0.0034350767,-0.028205923319965603,0.034869105,0.003228104623794553,0.036812708,0.0051717077817916846,0.041215364,0.00957436388993263,0.05231288645615134,0.02067188645615134
2019-06-10 11:30:00,0.0,0.0,0.0,0.0,0.0,0.0,0.0,0.0,0.0,2.6350570573687955e-08,2.6350570573687955e-08
2019-06-10 11:45:00,0.0,0.0,0.0,0.0,0.0,0.0,0.0,8.2795916e-05,8.279591565951705e-05,2.6350570573687955e-08,2.6350570573687955e-08
2019-06-10 12:00:00,0.0,0.0,0.0,0.0,0.0,0.0,0.0,3.675997e-05,3.675997140817344e-05,2.6350570573687955e-08,2.6350570573687955e-08
2019-06-10 12:15:00,0.0,0.0,0.0,9.714124e-05,9.714123734738678e-05,0.0,0.0,2.6002746e-05,2.600274638098199e-05,2.6350570573687955e-08,2.6350570573687955e-08
2019-06-10 12:30:00,0.0,0.00021023539,0.00021023539011366665,8.393066e-05,8.393065945710987e-05,0.0,0.0,7.531824e-05,7.5318239396438e-05,2.6350570573687955e-08,2.6350570573687955e-08
2019-06-10 12:45:00,0.0,0.00021023539,0.00021023539011366665,0.00012706932,0.00012706931738648564,0.0,0.0,5.4771353e-05,5.477135346154682e-05,2.6350570573687955e-08,2.6350570573687955e-08
2019-06-10 13:00:00,0.0,0.00021023539,0.00021023539011366665,6.324582e-05,6.324581772787496e-05,0.0,0.0,4.5980785e-05,4.598078521667048e-05,2.6350570573687955e-08,2.6350570573687955e-08
2019-06-10 13:15:00,0.0,0.00021023539,0.00021023539011366665,6.324582e-05,6.324581772787496e-05,0.0,0.0,5.2972548e-05,5.297254756442271e-05,2.6350570573687955e-08,2.6350570573687955e-08
2019-06-10 13:30:00,0.0,0.00021023539,0.00021023539011366665,8.0682184e-05,8.068218448897824e-05,0.0,0.0,5.2972548e-05,5.297254756442271e-05,2.6350570573687955e-08,2.6350570573687955e-08
2019-06-10 13:45:00,0.0,0.00021023539,0.00021023539011366665,0.0,0.0,0.0,0.0,5.2972548e-05,5.297254756442271e-05,2.6350570573687955e-08,2.6350570573687955e-08
2019-06-10 14:00:00,0.0,0.00021023539,0.00021023539011366665,0.0,0.0,0.0,0.0,1.6673852e-05,1.667385186010506e-05,2.6350570573687955e-08,2.6350570573687955e-08
2019-06-10 14:15:00,0.0,0.00021023539,0.00021023539011366665,0.0,0.0,0.0,0.0,1.6755752e-05,1.6755751857999712e-05,2.6350570573687955e-08,2.6350570573687955e-08
2019-06-10 14:30:00,0.0,0.00021023539,0.00021023539011366665,0.0,0.0,3.1909996e-05,3.190999632352032e-05,4.87459e-05,4.8745900130597875e-05,2.6350570573687955e-08,2.6350570573687955e-08
2019-06-10 14:45:00,0.0,0.00021023539,0.00021023539011366665,0.0,0.0,0.0,0.0,1.6755752e-05,1.6755751857999712e-05,2.6350570573687955e-08,2.6350570573687955e-08
2019-06-10 15:00:00,0.0,0.00021023539,0.00021023539011366665,0.0,0.0,0.0,0.0,1.6808675e-05,1.680867535469588e-05,2.6350570573687955e-08,2.6350570573687955e-08
2019-06-10 15:15:00,0.0,0.00021023539,0.00021023539011366665,0.0,0.0,0.0,0.0,1.6755752e-05,1.6755751857999712e-05,2.6350570573687955e-08,2.6350570573687955e-08
2019-06-10 15:30:00,0.0,0.00021023539,0.00021023539011366665,0.0,0.0,0.0,0.0,5.577576e-06,5.5775758482923266e-06,2.6350570573687955e-08,2.6350570573687955e-08
2019-06-10 15:45:00,0.0,0.00021023539,0.00021023539011366665,0.0,0.0,0.0,0.0,2.1552132e-06,2.155213223886676e-06,2.6350570573687955e-08,2.6350570573687955e-08
2019-06-10 16:00:00,0.0,0.00021023539,0.00021023539011366665,0.0,0.0,0.0,0.0,1.9529052e-06,1.952905222424306e-06,2.6350570573687955e-08,2.6350570573687955e-08
2019-06-10 16:15:00,0.0,0.00021023539,0.00021023539011366665,0.0,0.0,0.0,0.0,5.3223434e-06,5.322343440639088e-06,2.6350570573687955e-08,2.6350570573687955e-08
2019-06-10 16:30:00,0.0,0.00021023539,0.00021023539011366665,0.0,0.0,0.0,0.0,5.3223434e-06,5.322343440639088e-06,2.6350570573687955e-08,2.6350570573687955e-08
2019-06-10 16:45:00,0.0,0.00021023539,0.00021023539011366665,0.0,0.0,0.0,0.0,5.3223434e-06,5.322343440639088e-06,2.6350570573687955e-08,2.6350570573687955e-08
2019-06-10 17:00:00,0.0,0.00021023539,0.00021023539011366665,0.0,0.0,0.0,0.0,5.3223434e-06,5.322343440639088e-06,2.6350570573687955e-08,2.6350570573687955e-08
2019-06-10 17:15:00,0.0,0.00021023539,0.00021023539011366665,0.0,0.0,0.0,0.0,5.3223434e-06,5.322343440639088e-06,2.6350570573687955e-08,2.6350570573687955e-08
2019-06-10 17:30:00,0.0,0.00021023539,0.00021023539011366665,0.0,0.0,1.6662518e-05,1.6662517737131566e-05,5.3223434e-06,5.322343440639088e-06,2.6350570573687955e-08,2.6350570573687955e-08
2019-06-10 17:45:00,0.0,0.00021023539,0.00021023539011366665,0.0,0.0,1.3984639e-05,1.3984638826514129e-05,1.3330587e-06,1.3330586625670549e-06,2.6350570573687955e-08,2.6350570573687955e-08
2019-06-10 18:00:00,0.0,0.00021023539,0.00021023539011366665,0.0,0.0,0.0,0.0,2.2168701e-06,2.2168701434566174e-06,2.6350570573687955e-08,2.6350570573687955e-08
2019-06-10 18:15:00,0.0,0.00021023539,0.00021023539011366665,0.0,0.0,7.546641e-06,7.546640972577734e-06,1.3330587e-06,1.3330586625670549e-06,2.6350570573687955e-08,2.6350570573687955e-08
2019-06-10 18:30:00,0.0,0.00021023539,0.00021023539011366665,0.0,0.0,0.0,0.0,1.683059e-06,1.68305905390298e-06,2.6350570573687955e-08,2.6350570573687955e-08
2019-06-10 18:45:00,0.0,0.00021023539,0.00021023539011366665,0.0,0.0,0.0,0.0,1.683059e-06,1.68305905390298e-06,2.6350570573687955e-08,2.6350570573687955e-08
2019-06-10 19:00:00,0.0,0.0,0.0,0.0,0.0,0.0,0.0,0.0,0.0,0.0,0.0
2019-06-10 19:15:00,0.0,0.0,0.0,0.0,0.0,0.0,0.0,0.0,0.0,0.0,0.0
2019-06-10 19:30:00,0.0,0.0,0.0,0.0,0.0,0.0,0.0,0.0,0.0,0.0,0.0
2019-06-10 19:45:00,0.0,0.0,0.0,0.0,0.0,0.0,0.0,0.0,0.0,0.0,0.0
2019-06-10 20:00:00,0.0,0.0,0.0,0.0,0.0,0.0,0.0,0.0,0.0,0.0,0.0
2019-06-10 20:15:00,0.0,0.0,0.0,0.0,0.0,0.0,0.0,0.0,0.0,0.0,0.0
2019-06-10 20:30:00,0.0,0.0,0.0,0.0,0.0,0.0,0.0,0.0,0.0,0.0,0.0
2019-06-10 20:45:00,0.0,0.0,0.0,0.0,0.0,0.0,0.0,0.0,0.0,0.0,0.0
2019-06-10 21:00:00,0.0,0.0,0.0,0.0,0.0,0.0,0.0,0.0,0.0,0.0,0.0
2019-06-10 21:15:00,0.0,0.0,0.0,0.0,0.0,0.0,0.0,0.0,0.0,0.0,0.0
2019-06-10 21:30:00,0.077344,0.0,-0.077344,0.0,-0.077344,0.0,-0.077344,0.0,-0.077344,0.0,-0.077344
2019-06-10 21:45:00,0.147656,0.0,-0.147656,0.0,-0.147656,0.0,-0.147656,0.0,-0.147656,0.0,-0.147656
2019-06-10 22:00:00,0.249609,0.0,-0.249609,0.0,-0.249609,0.0,-0.249609,0.0,-0.249609,0.0,-0.249609
2019-06-10 22:15:00,0.379687,0.0,-0.379687,0.0,-0.379687,0.0,-0.379687,0.0,-0.379687,0.0,-0.379687
2019-06-10 22:30:00,0.544922,0.0,-0.544922,0.0,-0.544922,0.0,-0.544922,0.0,-0.544922,0.0,-0.544922
2019-06-10 22:45:00,0.748828,0.0,-0.748828,0.0,-0.748828,0.0,-0.748828,0.0,-0.748828,0.0,-0.748828
2019-06-10 23:00:00,0.994922,0.0,-0.994922,0.0,-0.994922,0.0,-0.994922,0.0,-0.994922,0.0,-0.994922
2019-06-10 23:15:00,1.244531,0.0,-1.244531,0.0,-1.244531,0.0,-1.244531,0.0,-1.244531,0.0,-1.244531
2019-06-10 23:30:00,1.515234,0.0,-1.515234,0.0,-1.515234,0.0,-1.515234,0.0,-1.515234,0.0,-1.515234
2019-06-10 23:45:00,1.792969,0.0,-1.792969,0.0,-1.792969,0.0,-1.792969,0.0,-1.792969,0.0,-1.792969
2019-06-11 00:00:00,2.042578,0.0,-2.042578,0.0,-2.042578,0.0,-2.042578,0.0,-2.042578,0.0,-2.042578
2019-06-11 00:15:00,2.281641,0.0,-2.281641,0.0,-2.281641,0.0,-2.281641,0.0,-2.281641,0.0,-2.281641
2019-06-11 00:30:00,2.510156,0.0,-2.510156,0.0,-2.510156,0.0,-2.510156,0.0,-2.510156,0.0,-2.510156
2019-06-11 00:45:00,2.731641,0.0,-2.731641,0.0,-2.731641,0.0,-2.731641,0.0,-2.731641,0.0,-2.731641
2019-06-11 01:00:00,2.974219,0.0,-2.974219,0.0,-2.974219,0.0,-2.974219,0.0,-2.974219,0.0,-2.974219
2019-06-11 01:15:00,3.142969,0.0,-3.142969,0.0,-3.142969,0.0,-3.142969,0.0,-3.142969,0.0,-3.142969
2019-06-11 01:30:00,3.325781,0.0,-3.325781,0.0,-3.325781,0.0,-3.325781,0.0,-3.325781,0.0,-3.325781
2019-06-11 01:45:00,3.441797,0.0,-3.441797,0.0,-3.441797,0.0,-3.441797,0.0,-3.441797,0.0,-3.441797
2019-06-11 02:00:00,3.603516,0.0,-3.603516,0.0,-3.603516,0.0,-3.603516,0.0,-3.603516,0.0,-3.603516
2019-06-11 02:15:00,3.63164,0.0,-3.63164,0.0,-3.63164,0.0,-3.63164,0.0,-3.63164,0.0,-3.63164
2019-06-11 02:30:00,3.716016,0.0,-3.716016,0.0,-3.716016,0.0,-3.716016,0.0,-3.716016,0.0,-3.716016
2019-06-11 02:45:00,3.747656,0.0,-3.747656,0.0,-3.747656,0.0,-3.747656,0.0,-3.747656,0.0,-3.747656
2019-06-11 03:00:00,3.684375,0.0,-3.684375,0.0,-3.684375,0.0,-3.684375,0.0,-3.684375,0.0,-3.684375
2019-06-11 03:15:00,3.670312,0.0,-3.670312,0.0,-3.670312,0.0,-3.670312,0.0,-3.670312,0.0,-3.670312
2019-06-11 03:30:00,3.7125,0.0,-3.7125,0.0,-3.7125,0.0,-3.7125,0.0,-3.7125,0.0,-3.7125
2019-06-11 03:45:00,3.663281,0.0,-3.663281,0.0,-3.663281,0.0,-3.663281,0.0,-3.663281,0.0,-3.663281
2019-06-11 04:00:00,3.522656,0.0,-3.522656,0.0,-3.522656,0.0,-3.522656,0.0,-3.522656,0.0,-3.522656
2019-06-11 04:15:00,3.747656,0.0,-3.747656,0.0,-3.747656,0.0,-3.747656,0.0,-3.747656,0.0,-3.747656
2019-06-11 04:30:00,3.617578,0.0,-3.617578,0.0,-3.617578,0.0,-3.617578,0.0,-3.617578,0.0,-3.617578
2019-06-11 04:45:00,3.701953,0.0,-3.701953,0.0,-3.701953,0.0,-3.701953,0.0,-3.701953,0.0,-3.701953
2019-06-11 05:00:00,3.635156,0.0,-3.635156,0.0,-3.635156,0.0,-3.635156,0.0,-3.635156,0.0,-3.635156
2019-06-11 05:15:00,3.607031,3.6307151,0.023684131759643456,3.671377,0.06434594358825674,3.66523,0.05819903578186025,3.619097,0.012065994400024316,3.5834446492108794,-0.023586350789120747
2019-06-11 05:30:00,3.582422,3.6226585,0.04023649113464334,3.603664,0.021241921356200955,3.5952437,0.012821692398071072,3.6114168,0.028994816711425564,3.593630384398789,0.011208384398788684
2019-06-11 05:45:00,3.645703,3.6193721,-0.02633087055969252,3.6304164,-0.015286606719970841,3.6374102,-0.008292836120605607,3.6191158,-0.0265871705322267,3.6111740737826854,-0.03452892621731474
2019-06-11 06:00:00,3.389062,3.4422345,0.05317251614379881,3.4845734,0.09551136425781248,3.4580574,0.0689954035644531,3.534471,0.1454090350036621,3.52722277635329,0.13816077635329016
2019-06-11 06:15:00,3.417187,3.395834,-0.02135303088378926,3.4957473,0.07856032780456523,3.5146346,0.09744760922241191,3.449291,0.03210399082946758,3.5167352596320747,0.09954825963207448
2019-06-11 06:30:00,3.174609,3.3041556,0.12954658815002462,3.4955583,0.3209492618713381,3.3874633,0.2128543312225344,3.4597025,0.2850934917602541,3.496747108149551,0.32213810814955135
2019-06-11 06:45:00,3.128906,3.1376219,0.008715879577636532,3.2192683,0.09036232199096661,3.1475847,0.018678676742553524,3.2317953,0.1028893109741209,3.1601133461546658,0.031207346154665583
2019-06-11 07:00:00,3.132422,3.163273,0.030851096084594687,3.2647526,0.13233062641906734,3.2272258,0.09480378048706051,3.2413836,0.10896155255126949,3.3884911315744564,0.2560691315744563
2019-06-11 07:15:00,3.09375,2.9702513,-0.12349867820739746,3.0041084,-0.08964157104492188,3.015482,-0.07826805114746094,3.1211495,0.027399539947509766,3.0981766664978916,0.004426666497891585
2019-06-11 07:30:00,2.925,2.9050732,-0.019926834106445135,2.8590379,-0.06596212387084943,2.8405528,-0.08444719314575178,2.9712553,0.046255302429199396,2.9338453826506248,0.008845382650624956
2019-06-11 07:45:00,2.513672,2.6409078,0.12723576443481432,2.5802782,0.06660615818786608,2.4661217,-0.047550326416015753,2.450335,-0.06333697421264661,2.588744764848127,0.07507276484812708
2019-06-11 08:00:00,1.437891,1.4307363,-0.007154696670532257,1.5104765,0.07258546999359128,1.4988612,0.060970193656921357,1.4647381,0.026847130569457978,1.6864031578826129,0.24851215788261283
2019-06-11 08:15:00,2.5875,2.0409563,-0.5465437412261962,2.3240936,-0.26340641975402823,2.2819598,-0.30554022789001456,2.4128292,-0.1746708393096923,2.4308217609595086,-0.15667823904049127
2019-06-11 08:30:00,2.390625,2.0139785,-0.3766465187072754,2.2470171,-0.14360785484313965,2.3295336,-0.06109142303466797,2.2527673,-0.13785767555236816,2.389735221910109,-0.0008897780898911023
2019-06-11 08:45:00,1.905469,1.7708623,-0.13460665907287606,1.9240863,0.018617332321166913,1.8573605,-0.04810851778411873,1.8193979,-0.08607107366943367,2.012575480105765,0.10710648010576485
2019-06-11 09:00:00,1.655859,1.6830823,0.02722334214782718,1.7034525,0.047593467918396026,1.7173488,0.06148981401062015,1.6811839,0.025324934211730987,1.7029853557804768,0.04712635578047686
2019-06-11 09:15:00,1.188281,1.2436423,0.055361330169677814,1.2346721,0.046391069549560626,1.2434505,0.05516952242279061,1.2617962,0.07351523603820809,1.3500805833466243,0.16179958334662436
2019-06-11 09:30:00,0.882422,0.927421,0.044998973777770956,0.916915,0.03449299948501583,0.8898747,0.007452696731567343,0.8962482,0.013826221397399863,0.9245542176445656,0.04213221764456554
2019-06-11 09:45:00,0.646875,0.6716408,0.024765813350677512,0.6311662,-0.015708780288696267,0.6698043,0.022929275035858177,0.66921985,0.02234485149383547,0.7252107317367655,0.07833573173676556
2019-06-11 10:00:00,0.762891,0.65560186,-0.10728914090728758,0.8085496,0.04565858295822145,0.76321125,0.00032025030517579545,0.7692635,0.0063725059356689595,0.7700658449451636,0.007174844945163628
2019-06-11 10:15:00,0.439453,0.49360278,0.05414978248786928,0.49199528,0.05254227502059938,0.48432878,0.0448757765979767,0.50885314,0.06940013749313356,0.5469068519290555,0.10745385192905554
2019-06-11 10:30:00,0.284766,0.33178216,0.04701616218948362,0.30304998,0.018283981594085674,0.32874936,0.0439833586540222,0.33160174,0.046835738929748516,0.34192532010626125,0.057159320106261235
2019-06-11 10:45:00,0.189844,0.19432288,0.004478884082794177,0.20632291,0.016478908401489245,0.19450308,0.004659083825111376,0.19865134,0.008807343584060656,0.22098854545161298,0.031144545451612965
2019-06-11 11:00:00,0.0,0.029274449,0.02927444875240326,0.03655031,0.036550309509038925,0.035782363,0.03578236326575279,0.026864514,0.026864513754844666,0.031774505749337094,0.031774505749337094
2019-06-11 11:15:00,0.0,0.0,0.0,0.0064160503,0.006416050251573324,0.0030358196,0.003035819623619318,0.006809132,0.006809132173657417,0.009383509983321364,0.009383509983321364
2019-06-11 11:30:00,0.0,0.0,0.0,0.0,0.0,0.0,0.0,0.0,0.0,2.6350570573687955e-08,2.6350570573687955e-08
2019-06-11 11:45:00,0.0,0.0,0.0,0.000483701,0.0004837010055780411,0.0,0.0,0.0,0.0,2.6350570573687955e-08,2.6350570573687955e-08
2019-06-11 12:00:00,0.0,7.0882845e-05,7.088284473866224e-05,0.0,0.0,0.0,0.0,0.0,0.0,2.6350570573687955e-08,2.6350570573687955e-08
2019-06-11 12:15:00,0.0,7.0882845e-05,7.088284473866224e-05,0.0,0.0,0.0,0.0,0.0,0.0,2.6350570573687955e-08,2.6350570573687955e-08
2019-06-11 12:30:00,0.0,0.00021023539,0.00021023539011366665,0.00017829779,0.00017829779244493693,0.0,0.0,0.0,0.0,2.6350570573687955e-08,2.6350570573687955e-08
2019-06-11 12:45:00,0.0,0.00021023539,0.00021023539011366665,0.0002507976,0.0002507976023480296,0.0,0.0,7.3655276e-05,7.36552756279707e-05,2.6350570573687955e-08,2.6350570573687955e-08
2019-06-11 13:00:00,0.0,0.00021023539,0.00021023539011366665,0.00025280344,0.0002528034383431077,0.00034235275,0.0003423527523409575,2.9981768e-05,2.9981767511344515e-05,2.6350570573687955e-08,2.6350570573687955e-08
2019-06-11 13:15:00,0.0,0.00021023539,0.00021023539011366665,0.0002969085,0.0002969084889627993,0.0,0.0,2.7762142e-05,2.7762142053688876e-05,2.6350570573687955e-08,2.6350570573687955e-08
2019-06-11 13:30:00,0.0,0.00021023539,0.00021023539011366665,0.00025790132,0.0002579013234935701,0.0,0.0,0.0,0.0,2.6350570573687955e-08,2.6350570573687955e-08
2019-06-11 13:45:00,0.0,0.00021023539,0.00021023539011366665,0.00025790132,0.0002579013234935701,0.0,0.0,3.6294798e-05,3.629479761002585e-05,2.6350570573687955e-08,2.6350570573687955e-08
2019-06-11 14:00:00,0.0,0.00021023539,0.00021023539011366665,0.0002585513,0.0002585512993391603,0.0,0.0,0.0,0.0,2.6350570573687955e-08,2.6350570573687955e-08
2019-06-11 14:15:00,0.0,0.00021023539,0.00021023539011366665,0.0002585513,0.0002585512993391603,0.0,0.0,0.0,0.0,2.6350570573687955e-08,2.6350570573687955e-08
2019-06-11 14:30:00,0.0,0.00021023539,0.00021023539011366665,8.133219e-05,8.133218943839893e-05,0.0,0.0,5.627673e-05,5.627673090202734e-05,2.6350570573687955e-08,2.6350570573687955e-08
2019-06-11 14:45:00,0.0,0.00021023539,0.00021023539011366665,8.133219e-05,8.133218943839893e-05,0.0,0.0,5.627673e-05,5.627673090202734e-05,2.6350570573687955e-08,2.6350570573687955e-08
2019-06-11 15:00:00,0.0,0.00021023539,0.00021023539011366665,8.133219e-05,8.133218943839893e-05,0.0,0.0,1.26032655e-05,1.2603265531652141e-05,2.6350570573687955e-08,2.6350570573687955e-08
2019-06-11 15:15:00,0.0,0.00021023539,0.00021023539011366665,8.133219e-05,8.133218943839893e-05,0.0,0.0,2.7667343e-06,2.766734269243898e-06,2.6350570573687955e-08,2.6350570573687955e-08
2019-06-11 15:30:00,0.0,0.00021023539,0.00021023539011366665,0.00013107686,0.00013107685663271695,0.0,0.0,4.9490718e-05,4.949071808368899e-05,2.6350570573687955e-08,2.6350570573687955e-08
2019-06-11 15:45:00,0.0,0.00021023539,0.00021023539011366665,0.0,0.0,0.0,0.0,9.493242e-06,9.4932420324767e-06,2.6350570573687955e-08,2.6350570573687955e-08
2019-06-11 16:00:00,0.0,0.00021023539,0.00021023539011366665,0.0,0.0,0.0,0.0,9.7674265e-06,9.767426490725484e-06,2.6350570573687955e-08,2.6350570573687955e-08
2019-06-11 16:15:00,0.0,0.00021023539,0.00021023539011366665,0.0,0.0,0.0,0.0,8.883614e-06,8.88361410034122e-06,2.6350570573687955e-08,2.6350570573687955e-08
2019-06-11 16:30:00,0.0,0.00021023539,0.00021023539011366665,0.0,0.0,0.0,0.0,9.7674265e-06,9.767426490725484e-06,2.6350570573687955e-08,2.6350570573687955e-08
2019-06-11 16:45:00,0.0,0.00021023539,0.00021023539011366665,0.0,0.0,0.0,0.0,9.549981e-06,9.549980859446805e-06,2.6350570573687955e-08,2.6350570573687955e-08
2019-06-11 17:00:00,0.0,0.00021023539,0.00021023539011366665,0.0,0.0,0.00051833806,0.000518338056281209,8.719093e-06,8.719092875253409e-06,2.6350570573687955e-08,2.6350570573687955e-08
2019-06-11 17:15:00,0.0,0.00021023539,0.00021023539011366665,0.0,0.0,0.00016704235,0.00016704235167708248,9.549981e-06,9.549980859446805e-06,2.6350570573687955e-08,2.6350570573687955e-08
2019-06-11 17:30:00,0.0,0.00021023539,0.00021023539011366665,0.0,0.0,4.6458594e-05,4.64585937152151e-05,1.2966555e-05,1.2966555004823022e-05,2.6350570573687955e-08,2.6350570573687955e-08
2019-06-11 17:45:00,0.0,0.00021023539,0.00021023539011366665,0.0,0.0,0.0,0.0,8.719093e-06,8.719092875253409e-06,2.6350570573687955e-08,2.6350570573687955e-08
2019-06-11 18:00:00,0.0,0.00021023539,0.00021023539011366665,0.0,0.0,0.0,0.0,8.719093e-06,8.719092875253409e-06,2.6350570573687955e-08,2.6350570573687955e-08
2019-06-11 18:15:00,0.0,0.00021023539,0.00021023539011366665,0.0,0.0,0.0,0.0,1.2966555e-05,1.2966555004823022e-05,2.6350570573687955e-08,2.6350570573687955e-08
2019-06-11 18:30:00,0.0,0.00021023539,0.00021023539011366665,0.0,0.0,0.0,0.0,1.2016492e-06,1.201649183713016e-06,2.6350570573687955e-08,2.6350570573687955e-08
2019-06-11 18:45:00,0.0,0.00021023539,0.00021023539011366665,0.0,0.0,0.0,0.0,0.0,0.0,2.6350570573687955e-08,2.6350570573687955e-08
2019-06-11 19:00:00,0.0,0.0,0.0,0.0,0.0,0.0,0.0,0.0,0.0,0.0,0.0
2019-06-11 19:15:00,0.0,0.0,0.0,0.0,0.0,0.0,0.0,0.0,0.0,0.0,0.0
2019-06-11 19:30:00,0.0,0.0,0.0,0.0,0.0,0.0,0.0,0.0,0.0,0.0,0.0
2019-06-11 19:45:00,0.0,0.0,0.0,0.0,0.0,0.0,0.0,0.0,0.0,0.0,0.0
2019-06-11 20:00:00,0.0,0.0,0.0,0.0,0.0,0.0,0.0,0.0,0.0,0.0,0.0
2019-06-11 20:15:00,0.0,0.0,0.0,0.0,0.0,0.0,0.0,0.0,0.0,0.0,0.0
2019-06-11 20:30:00,0.0,0.0,0.0,0.0,0.0,0.0,0.0,0.0,0.0,0.0,0.0
2019-06-11 20:45:00,0.0,0.0,0.0,0.0,0.0,0.0,0.0,0.0,0.0,0.0,0.0
2019-06-11 21:00:00,0.0,0.0,0.0,0.0,0.0,0.0,0.0,0.0,0.0,0.0,0.0
2019-06-11 21:15:00,0.0,0.0,0.0,0.0,0.0,0.0,0.0,0.0,0.0,0.0,0.0
2019-06-11 21:30:00,0.0,0.0,0.0,0.0,0.0,0.0,0.0,0.0,0.0,0.0,0.0
2019-06-11 21:45:00,0.035156,0.0,-0.035156,0.0,-0.035156,0.0,-0.035156,0.0,-0.035156,0.0,-0.035156
2019-06-11 22:00:00,0.158203,0.0,-0.158203,0.0,-0.158203,0.0,-0.158203,0.0,-0.158203,0.0,-0.158203
2019-06-11 22:15:00,0.207422,0.0,-0.207422,0.0,-0.207422,0.0,-0.207422,0.0,-0.207422,0.0,-0.207422
2019-06-11 22:30:00,0.277734,0.0,-0.277734,0.0,-0.277734,0.0,-0.277734,0.0,-0.277734,0.0,-0.277734
2019-06-11 22:45:00,0.499219,0.0,-0.499219,0.0,-0.499219,0.0,-0.499219,0.0,-0.499219,0.0,-0.499219
2019-06-11 23:00:00,0.791016,0.0,-0.791016,0.0,-0.791016,0.0,-0.791016,0.0,-0.791016,0.0,-0.791016
2019-06-11 23:15:00,1.086328,0.0,-1.086328,0.0,-1.086328,0.0,-1.086328,0.0,-1.086328,0.0,-1.086328
2019-06-11 23:30:00,1.142578,0.0,-1.142578,0.0,-1.142578,0.0,-1.142578,0.0,-1.142578,0.0,-1.142578
2019-06-11 23:45:00,1.490625,0.0,-1.490625,0.0,-1.490625,0.0,-1.490625,0.0,-1.490625,0.0,-1.490625
2019-06-12 00:00:00,1.754297,0.0,-1.754297,0.0,-1.754297,0.0,-1.754297,0.0,-1.754297,0.0,-1.754297
2019-06-12 00:15:00,2.049609,0.0,-2.049609,0.0,-2.049609,0.0,-2.049609,0.0,-2.049609,0.0,-2.049609
2019-06-12 00:30:00,1.894922,0.0,-1.894922,0.0,-1.894922,0.0,-1.894922,0.0,-1.894922,0.0,-1.894922
2019-06-12 00:45:00,1.110937,0.0,-1.110937,0.0,-1.110937,0.0,-1.110937,0.0,-1.110937,0.0,-1.110937
2019-06-12 01:00:00,1.437891,0.0,-1.437891,0.0,-1.437891,0.0,-1.437891,0.0,-1.437891,0.0,-1.437891
2019-06-12 01:15:00,1.458984,0.0,-1.458984,0.0,-1.458984,0.0,-1.458984,0.0,-1.458984,0.0,-1.458984
2019-06-12 01:30:00,1.413281,0.0,-1.413281,0.0,-1.413281,0.0,-1.413281,0.0,-1.413281,0.0,-1.413281
2019-06-12 01:45:00,1.501172,0.0,-1.501172,0.0,-1.501172,0.0,-1.501172,0.0,-1.501172,0.0,-1.501172
2019-06-12 02:00:00,1.501172,0.0,-1.501172,0.0,-1.501172,0.0,-1.501172,0.0,-1.501172,0.0,-1.501172
2019-06-12 02:15:00,1.905469,0.0,-1.905469,0.0,-1.905469,0.0,-1.905469,0.0,-1.905469,0.0,-1.905469
2019-06-12 02:30:00,1.891406,0.0,-1.891406,0.0,-1.891406,0.0,-1.891406,0.0,-1.891406,0.0,-1.891406
2019-06-12 02:45:00,1.8,0.0,-1.8,0.0,-1.8,0.0,-1.8,0.0,-1.8,0.0,-1.8
2019-06-12 03:00:00,1.764844,0.0,-1.764844,0.0,-1.764844,0.0,-1.764844,0.0,-1.764844,0.0,-1.764844
2019-06-12 03:15:00,1.849219,0.0,-1.849219,0.0,-1.849219,0.0,-1.849219,0.0,-1.849219,0.0,-1.849219
2019-06-12 03:30:00,2.049609,0.0,-2.049609,0.0,-2.049609,0.0,-2.049609,0.0,-2.049609,0.0,-2.049609
2019-06-12 03:45:00,1.916016,0.0,-1.916016,0.0,-1.916016,0.0,-1.916016,0.0,-1.916016,0.0,-1.916016
2019-06-12 04:00:00,1.930078,0.0,-1.930078,0.0,-1.930078,0.0,-1.930078,0.0,-1.930078,0.0,-1.930078
2019-06-12 04:15:00,2.232422,0.0,-2.232422,0.0,-2.232422,0.0,-2.232422,0.0,-2.232422,0.0,-2.232422
2019-06-12 04:30:00,3.691406,0.0,-3.691406,0.0,-3.691406,0.0,-3.691406,0.0,-3.691406,0.0,-3.691406
2019-06-12 04:45:00,3.287109,0.0,-3.287109,0.0,-3.287109,0.0,-3.287109,0.0,-3.287109,0.0,-3.287109
2019-06-12 05:00:00,2.721094,0.0,-2.721094,0.0,-2.721094,0.0,-2.721094,0.0,-2.721094,0.0,-2.721094
2019-06-12 05:15:00,2.098828,2.2377174,0.13888939006042467,2.0987768,-5.118267822279421e-05,2.029613,-0.06921498196411147,2.129413,0.030584889480590682,2.1967159107883933,0.0978879107883932
2019-06-12 05:30:00,2.014453,2.2169282,0.2024752436370849,2.0805426,0.0660895643920898,2.242482,0.22802894694519038,2.1435328,0.1290797529907226,2.135323139765812,0.12087013976581185
2019-06-12 05:45:00,1.708594,1.9156202,0.2070262077865601,1.8886411,0.18004711900329595,1.9420507,0.23345669541931158,1.9025408,0.1939468029556275,1.8195698703943268,0.11097587039432688
2019-06-12 06:00:00,1.891406,2.0556862,0.16428023542785652,1.8566952,-0.03471082482910148,1.9545196,0.06311362947845467,1.9160328,0.024626791137695392,1.8404766057996114,-0.050929394200388556
2019-06-12 06:15:00,3.779297,3.3646924,-0.414604550430298,3.2900944,-0.48920262438964857,3.2301826,-0.549114352294922,3.2859273,-0.4933697043151857,3.413595523070052,-0.36570147692994803
2019-06-12 06:30:00,3.367969,3.2058318,-0.16213723387145995,3.2835183,-0.08445068563842772,3.1864853,-0.18148370947265624,3.1411176,-0.22685142721557616,3.3136331442339393,-0.0543358557660607
2019-06-12 06:45:00,3.578906,2.7870708,-0.7918352488098144,3.035239,-0.5436670187530517,2.9622386,-0.6166674498138427,3.0119677,-0.5669383410034179,3.3192894419748136,-0.25961655802518635
2019-06-12 07:00:00,2.3625,2.6257687,0.2632686614990236,2.5099442,0.14744420051574725,2.3971124,0.03461236953735369,2.3852394,0.022739362716674982,2.5849904672010577,0.22249046720105792
2019-06-12 07:15:00,3.195703,3.021025,-0.17467805760192867,3.128251,-0.06745192425537105,3.0652168,-0.13048622029113766,3.1760967,-0.019606322219848593,3.0867295035490834,-0.10897349645091658
2019-06-12 07:30:00,3.016406,3.2331212,0.21671515669250496,3.0911176,0.07471162046813973,3.012277,-0.004129112106323163,3.0666547,0.05024868215942391,2.8821161193658016,-0.13428988063419833
2019-06-12 07:45:00,3.114844,2.7864826,-0.3283614274444582,2.8738253,-0.24101868833923357,2.7878928,-0.32695118154907243,2.871593,-0.2432510014953615,2.823892066330868,-0.29095193366913197
2019-06-12 08:00:00,2.844141,2.9841847,0.14004374197387692,2.8544424,0.010301358016967743,2.7107224,-0.13341855355834964,2.800654,-0.043487065521240265,2.8037141283254936,-0.040426871674506426
2019-06-12 08:15:00,1.676953,2.0657637,0.3888107119293214,1.553812,-0.12314097302246085,1.6256125,-0.051340502670288,1.5452058,-0.13174716847228995,1.6495717385492608,-0.02738126145073916
2019-06-12 08:30:00,1.047656,1.6050858,0.557429849761963,0.9771223,-0.07053369317626945,0.9565065,-0.09114950929260246,0.9627918,-0.08486419950103752,1.0212737023809522,-0.026382297619047756
2019-06-12 08:45:00,1.072266,1.1660676,0.0938016002502442,1.0349548,-0.03731121369934076,1.0547528,-0.017513173309326113,1.0645725,-0.007693546501159609,1.1347392679705648,0.06247326797056485
2019-06-12 09:00:00,0.801562,0.78517014,-0.01639186211776733,0.79520935,-0.006352651798248288,0.80626875,0.004706751621246341,0.7893494,-0.012212622844696042,0.8286951165681016,0.02713311656810158
2019-06-12 09:15:00,0.675,0.6925657,0.017565679550170854,0.6595267,-0.01547329425811772,0.65983367,-0.015166330337524458,0.6686151,-0.0063848972320557085,0.6480720913376118,-0.026927908662388256
2019-06-12 09:30:00,0.699609,0.6271791,-0.07242991379165653,0.6131261,-0.08648290089035038,0.6539579,-0.04565109661483768,0.64625007,-0.0533589308586121,0.6376916846487568,-0.06191731535124323
2019-06-12 09:45:00,0.544922,0.545195,0.00027298348236082237,0.5254727,-0.019449299404144305,0.52242243,-0.02249956710052492,0.534455,-0.010466998645782488,0.5164460680967916,-0.028475931903208407
2019-06-12 10:00:00,0.439453,0.47654167,0.03708866817665102,0.42721424,-0.012238764932632429,0.4356752,-0.0037777961997985665,0.43732348,-0.002129519155502302,0.4397460130052396,0.00029301300523959517
2019-06-12 10:15:00,0.312891,0.34147733,0.028586334499359156,0.32025805,0.007367051156997706,0.31202158,-0.0008694166812896476,0.3192293,0.0063383047904968515,0.3237502883928927,0.01085928839289274
2019-06-12 10:30:00,0.217969,0.22716822,0.009199217301368717,0.22179614,0.0038271400747299233,0.21847145,0.0005024525938034097,0.2291904,0.011221394282341007,0.2229816391601357,0.005012639160135696
2019-06-12 10:45:00,0.140625,0.15228525,0.011660248041152954,0.14337307,0.0027480721473693848,0.13801886,-0.002606138586997986,0.14163043,0.001005426049232483,0.14115768638346138,0.0005326863834613782
2019-06-12 11:00:00,0.024609,0.043583114,0.018974113700151445,0.05437384,0.029764841732740403,0.04679893,0.02218992957210541,0.044691768,0.020082767543554307,0.03828489312077387,0.013675893120773872
2019-06-12 11:15:00,0.0,0.0,0.0,0.0017800023,0.0017800022615119815,0.001565004,0.00156500400044024,0.0023277558,0.002327755792066455,0.0005283240569540591,0.0005283240569540591
2019-06-12 11:30:00,0.0,0.0,0.0,0.0,0.0,0.0,0.0,0.0,0.0,2.6350570573687955e-08,2.6350570573687955e-08
2019-06-12 11:45:00,0.0,7.0882845e-05,7.088284473866224e-05,0.00044293934,0.0004429393447935581,0.0,0.0,0.0,0.0,2.6350570573687955e-08,2.6350570573687955e-08
2019-06-12 12:00:00,0.0,7.0882845e-05,7.088284473866224e-05,0.0,0.0,0.0,0.0,0.0,0.0,2.6350570573687955e-08,2.6350570573687955e-08
2019-06-12 12:15:00,0.0,7.0882845e-05,7.088284473866224e-05,0.0,0.0,0.0,0.0,0.0,0.0,2.6350570573687955e-08,2.6350570573687955e-08
2019-06-12 12:30:00,0.0,7.0882845e-05,7.088284473866224e-05,0.0,0.0,0.0,0.0,0.0,0.0,2.6350570573687955e-08,2.6350570573687955e-08
2019-06-12 12:45:00,0.0,7.0882845e-05,7.088284473866224e-05,0.0010823943,0.0010823942720890045,0.0,0.0,0.0,0.0,2.6350570573687955e-08,2.6350570573687955e-08
2019-06-12 13:00:00,0.0,0.0,0.0,0.00031804637,0.00031804636819288135,0.0,0.0,0.0,0.0,2.6350570573687955e-08,2.6350570573687955e-08
2019-06-12 13:15:00,0.0,0.0,0.0,0.00031060592,0.00031060591572895646,0.0,0.0,0.0,0.0,2.6350570573687955e-08,2.6350570573687955e-08
2019-06-12 13:30:00,0.0,0.0,0.0,0.00031060592,0.00031060591572895646,0.0,0.0,0.0001129182,0.00011291819828329608,2.6350570573687955e-08,2.6350570573687955e-08
2019-06-12 13:45:00,0.0,0.0,0.0,0.0,0.0,0.0,0.0,0.0,0.0,2.6350570573687955e-08,2.6350570573687955e-08
2019-06-12 14:00:00,0.0,0.0,0.0,0.00065055245,0.0006505524506792426,0.0003002386,0.0003002386074513197,1.0115922e-05,1.0115922123077326e-05,2.6350570573687955e-08,2.6350570573687955e-08
2019-06-12 14:15:00,0.0,0.0,0.0,0.000645294,0.0006452940287999809,0.00039153182,0.000391531822970137,0.0,0.0,2.6350570573687955e-08,2.6350570573687955e-08
2019-06-12 14:30:00,0.0,0.0,0.0,0.00021617273,0.00021617273159790784,0.0,0.0,2.2409197e-06,2.2409196844819235e-06,2.6350570573687955e-08,2.6350570573687955e-08
2019-06-12 14:45:00,0.0,7.0882845e-05,7.088284473866224e-05,0.00036007233,0.00036007232847623527,0.0,0.0,0.0,0.0,2.6350570573687955e-08,2.6350570573687955e-08
2019-06-12 15:00:00,0.0,7.0882845e-05,7.088284473866224e-05,0.00035855031,0.0003585503145586699,1.863382e-05,1.8633820218383335e-05,2.0823384e-06,2.082338369291392e-06,2.6350570573687955e-08,2.6350570573687955e-08
2019-06-12 15:15:00,0.0,7.0882845e-05,7.088284473866224e-05,0.00035855031,0.0003585503145586699,0.00013355908,0.00013355907867662609,0.000118735166,0.00011873516632476822,2.6350570573687955e-08,2.6350570573687955e-08
2019-06-12 15:30:00,0.0,7.0882845e-05,7.088284473866224e-05,0.00036021022,0.0003602102224249393,0.0,0.0,7.910666e-06,7.910665772214998e-06,2.6350570573687955e-08,2.6350570573687955e-08
2019-06-12 15:45:00,0.0,0.0,0.0,0.00036007233,0.00036007232847623527,0.0,0.0,1.919476e-05,1.9194760170648806e-05,2.6350570573687955e-08,2.6350570573687955e-08
2019-06-12 16:00:00,0.0,0.00021023539,0.00021023539011366665,0.0,0.0,3.6147972e-05,3.614797242335044e-05,4.847872e-06,4.847871878155274e-06,2.6350570573687955e-08,2.6350570573687955e-08
2019-06-12 16:15:00,0.0,7.0882845e-05,7.088284473866224e-05,1.5428614e-07,1.5428614119628037e-07,1.2876769e-05,1.2876768778369296e-05,4.922505e-06,4.922505013382761e-06,2.6350570573687955e-08,2.6350570573687955e-08
2019-06-12 16:30:00,0.0,0.00021023539,0.00021023539011366665,4.91859e-06,4.918590093438979e-06,3.6147972e-05,3.614797242335044e-05,4.7949484e-06,4.794948381459108e-06,2.6350570573687955e-08,2.6350570573687955e-08
2019-06-12 16:45:00,0.0,0.00021023539,0.00021023539011366665,4.91859e-06,4.918590093438979e-06,3.6147972e-05,3.614797242335044e-05,4.7949484e-06,4.794948381459108e-06,2.6350570573687955e-08,2.6350570573687955e-08
2019-06-12 17:00:00,0.0,0.00021023539,0.00021023539011366665,4.91859e-06,4.918590093438979e-06,3.6147972e-05,3.614797242335044e-05,4.7829903e-06,4.782990345120197e-06,2.6350570573687955e-08,2.6350570573687955e-08
2019-06-12 17:15:00,0.0,0.00021023539,0.00021023539011366665,1.5428614e-07,1.5428614119628037e-07,3.6147972e-05,3.614797242335044e-05,4.7829903e-06,4.782990345120197e-06,2.6350570573687955e-08,2.6350570573687955e-08
2019-06-12 17:30:00,0.0,0.00021023539,0.00021023539011366665,1.5428614e-07,1.5428614119628037e-07,3.6147972e-05,3.614797242335044e-05,4.7829903e-06,4.782990345120197e-06,2.6350570573687955e-08,2.6350570573687955e-08
2019-06-12 17:45:00,0.0,0.00021023539,0.00021023539011366665,0.0,0.0,3.4317236e-05,3.431723598623648e-05,4.7829903e-06,4.782990345120197e-06,2.6350570573687955e-08,2.6350570573687955e-08
2019-06-12 18:00:00,0.0,0.00021023539,0.00021023539011366665,1.5428614e-07,1.5428614119628037e-07,3.6147972e-05,3.614797242335044e-05,4.835914e-06,4.835913841816364e-06,2.6350570573687955e-08,2.6350570573687955e-08
2019-06-12 18:15:00,0.0,0.00021023539,0.00021023539011366665,1.5428614e-07,1.5428614119628037e-07,3.6147972e-05,3.614797242335044e-05,4.7829903e-06,4.782990345120197e-06,2.6350570573687955e-08,2.6350570573687955e-08
2019-06-12 18:30:00,0.0,0.00021023539,0.00021023539011366665,0.0,0.0,4.0211155e-05,4.0211154555436224e-05,4.302104e-06,4.302104116504779e-06,2.6350570573687955e-08,2.6350570573687955e-08
2019-06-12 18:45:00,0.0,0.00021023539,0.00021023539011366665,0.0,0.0,4.0211155e-05,4.0211154555436224e-05,4.302104e-06,4.302104116504779e-06,2.6350570573687955e-08,2.6350570573687955e-08
2019-06-12 19:00:00,0.0,0.0,0.0,0.0,0.0,0.0,0.0,0.0,0.0,0.0,0.0
2019-06-12 19:15:00,0.0,0.0,0.0,0.0,0.0,0.0,0.0,0.0,0.0,0.0,0.0
2019-06-12 19:30:00,0.0,0.0,0.0,0.0,0.0,0.0,0.0,0.0,0.0,0.0,0.0
2019-06-12 19:45:00,0.0,0.0,0.0,0.0,0.0,0.0,0.0,0.0,0.0,0.0,0.0
2019-06-12 20:00:00,0.0,0.0,0.0,0.0,0.0,0.0,0.0,0.0,0.0,0.0,0.0
2019-06-12 20:15:00,0.0,0.0,0.0,0.0,0.0,0.0,0.0,0.0,0.0,0.0,0.0
2019-06-12 20:30:00,0.0,0.0,0.0,0.0,0.0,0.0,0.0,0.0,0.0,0.0,0.0
2019-06-12 20:45:00,0.0,0.0,0.0,0.0,0.0,0.0,0.0,0.0,0.0,0.0,0.0
2019-06-12 21:00:00,0.0,0.0,0.0,0.0,0.0,0.0,0.0,0.0,0.0,0.0,0.0
2019-06-12 21:15:00,0.014062,0.0,-0.014062,0.0,-0.014062,0.0,-0.014062,0.0,-0.014062,0.0,-0.014062
2019-06-12 21:30:00,0.175781,0.0,-0.175781,0.0,-0.175781,0.0,-0.175781,0.0,-0.175781,0.0,-0.175781
2019-06-12 21:45:00,0.379687,0.0,-0.379687,0.0,-0.379687,0.0,-0.379687,0.0,-0.379687,0.0,-0.379687
2019-06-12 22:00:00,0.569531,0.0,-0.569531,0.0,-0.569531,0.0,-0.569531,0.0,-0.569531,0.0,-0.569531
2019-06-12 22:15:00,0.611719,0.0,-0.611719,0.0,-0.611719,0.0,-0.611719,0.0,-0.611719,0.0,-0.611719
2019-06-12 22:30:00,0.569531,0.0,-0.569531,0.0,-0.569531,0.0,-0.569531,0.0,-0.569531,0.0,-0.569531
2019-06-12 22:45:00,0.580078,0.0,-0.580078,0.0,-0.580078,0.0,-0.580078,0.0,-0.580078,0.0,-0.580078
2019-06-12 23:00:00,0.569531,0.0,-0.569531,0.0,-0.569531,0.0,-0.569531,0.0,-0.569531,0.0,-0.569531
2019-06-12 23:15:00,0.587109,0.0,-0.587109,0.0,-0.587109,0.0,-0.587109,0.0,-0.587109,0.0,-0.587109
2019-06-12 23:30:00,1.058203,0.0,-1.058203,0.0,-1.058203,0.0,-1.058203,0.0,-1.058203,0.0,-1.058203
2019-06-12 23:45:00,1.810547,0.0,-1.810547,0.0,-1.810547,0.0,-1.810547,0.0,-1.810547,0.0,-1.810547
2019-06-13 00:00:00,1.930078,0.0,-1.930078,0.0,-1.930078,0.0,-1.930078,0.0,-1.930078,0.0,-1.930078
2019-06-13 00:15:00,2.070703,0.0,-2.070703,0.0,-2.070703,0.0,-2.070703,0.0,-2.070703,0.0,-2.070703
2019-06-13 00:30:00,2.612109,0.0,-2.612109,0.0,-2.612109,0.0,-2.612109,0.0,-2.612109,0.0,-2.612109
2019-06-13 00:45:00,2.162109,0.0,-2.162109,0.0,-2.162109,0.0,-2.162109,0.0,-2.162109,0.0,-2.162109
2019-06-13 01:00:00,1.916016,0.0,-1.916016,0.0,-1.916016,0.0,-1.916016,0.0,-1.916016,0.0,-1.916016
2019-06-13 01:15:00,2.777344,0.0,-2.777344,0.0,-2.777344,0.0,-2.777344,0.0,-2.777344,0.0,-2.777344
2019-06-13 01:30:00,2.5875,0.0,-2.5875,0.0,-2.5875,0.0,-2.5875,0.0,-2.5875,0.0,-2.5875
2019-06-13 01:45:00,2.141016,0.0,-2.141016,0.0,-2.141016,0.0,-2.141016,0.0,-2.141016,0.0,-2.141016
2019-06-13 02:00:00,3.54375,0.0,-3.54375,0.0,-3.54375,0.0,-3.54375,0.0,-3.54375,0.0,-3.54375
2019-06-13 02:15:00,3.417187,0.0,-3.417187,0.0,-3.417187,0.0,-3.417187,0.0,-3.417187,0.0,-3.417187
2019-06-13 02:30:00,2.759766,0.0,-2.759766,0.0,-2.759766,0.0,-2.759766,0.0,-2.759766,0.0,-2.759766
2019-06-13 02:45:00,2.798437,0.0,-2.798437,0.0,-2.798437,0.0,-2.798437,0.0,-2.798437,0.0,-2.798437
2019-06-13 03:00:00,2.334375,0.0,-2.334375,0.0,-2.334375,0.0,-2.334375,0.0,-2.334375,0.0,-2.334375
2019-06-13 03:15:00,1.546875,0.0,-1.546875,0.0,-1.546875,0.0,-1.546875,0.0,-1.546875,0.0,-1.546875
2019-06-13 03:30:00,1.705078,0.0,-1.705078,0.0,-1.705078,0.0,-1.705078,0.0,-1.705078,0.0,-1.705078
2019-06-13 03:45:00,1.35,0.0,-1.35,0.0,-1.35,0.0,-1.35,0.0,-1.35,0.0,-1.35
2019-06-13 04:00:00,1.167187,0.0,-1.167187,0.0,-1.167187,0.0,-1.167187,0.0,-1.167187,0.0,-1.167187
2019-06-13 04:15:00,1.444922,0.0,-1.444922,0.0,-1.444922,0.0,-1.444922,0.0,-1.444922,0.0,-1.444922
2019-06-13 04:30:00,1.423828,0.0,-1.423828,0.0,-1.423828,0.0,-1.423828,0.0,-1.423828,0.0,-1.423828
2019-06-13 04:45:00,1.117969,0.0,-1.117969,0.0,-1.117969,0.0,-1.117969,0.0,-1.117969,0.0,-1.117969
2019-06-13 05:00:00,1.532812,0.0,-1.532812,0.0,-1.532812,0.0,-1.532812,0.0,-1.532812,0.0,-1.532812
2019-06-13 05:15:00,1.174219,1.2837772,0.10955823693847666,1.26867,0.0944509628829957,1.1814816,0.007262599807739356,1.180439,0.006219995361328223,1.2914086606407824,0.11718966064078251
2019-06-13 05:30:00,1.001953,1.0508255,0.048872476646423246,1.1686348,0.16668177230072012,1.0741384,0.07218540293884268,1.0368913,0.03493834120941153,1.1010475419759636,0.09909454197596346
2019-06-13 05:45:00,1.441406,1.3012848,-0.14012120996093747,1.4861852,0.04477919306182865,1.4131876,-0.02821837697601315,1.4220643,-0.019341695648193324,1.4951018768668678,0.05369587686686783
2019-06-13 06:00:00,2.144531,1.7767338,-0.36779724393463153,2.046654,-0.09787701402282734,2.1222613,-0.022269714218139836,2.0211432,-0.12338780198669452,1.9376838259948164,-0.20684717400518382
2019-06-13 06:15:00,2.1375,1.6270839,-0.510416102409363,1.9962591,-0.14124090671539324,2.0803547,-0.057145309448242365,2.0271459,-0.11035413742065447,1.9273291000163935,-0.21017089998360672
2019-06-13 06:30:00,1.691016,1.7211262,0.030110198768615648,1.758002,0.06698604277038567,1.7707096,0.0796936338272094,1.7120633,0.021047312530517504,1.7728900238305467,0.08187402383054665
2019-06-13 06:45:00,1.226953,1.7021787,0.47522571665954594,1.470378,0.24342504126739506,1.469229,0.24227598292541508,1.4627253,0.2357722817153931,1.440737446399534,0.21378444639953398
2019-06-13 07:00:00,0.734766,0.92936385,0.1945978467788696,0.7582091,0.02344310930633542,0.8022256,0.06745958975219724,0.7597809,0.02501488378906247,0.8096901172893526,0.07492411728935255
2019-06-13 07:15:00,0.636328,0.72957015,0.0932421503753662,0.6168463,-0.01948167698669434,0.6398154,0.0034873901100158644,0.6043851,-0.03194292204666138,0.6365532935315327,0.0002252935315326665
2019-06-13 07:30:00,0.615234,0.5949093,-0.0203246896591186,0.6121765,-0.003057522090911813,0.6201182,0.004884200778961234,0.5809901,-0.03424392393493647,0.5820017323556693,-0.033232267644330626
2019-06-13 07:45:00,0.914062,0.7017547,-0.21230731078338627,0.80369514,-0.11036685773086552,0.85289073,-0.061171270095825236,0.80598426,-0.10807774134826664,0.8370558149152707,-0.07700618508472934
2019-06-13 08:00:00,0.759375,0.6570298,-0.10234519243240359,0.74618894,-0.013186061382293723,0.75645906,-0.002915942668914817,0.69455254,-0.06482245922088625,0.7321332451383928,-0.02724175486160718
2019-06-13 08:15:00,0.573047,0.6060587,0.03301171677398684,0.58760524,0.014558237960815457,0.5739675,0.0009205164222717555,0.5959887,0.022941690853118923,0.5643878935237586,-0.008659106476241352
2019-06-13 08:30:00,0.246094,0.46161082,0.2155168238697052,0.28139424,0.03530024324035644,0.27705204,0.03095804486846923,0.29274705,0.04665305052375793,0.27706807688625584,0.030974076886255836
2019-06-13 08:45:00,0.175781,0.24888116,0.07310016121292115,0.18007515,0.004294153708457954,0.1704267,-0.005354303461074822,0.17865185,0.0028708543958664012,0.18441141399125094,0.008630413991250946
2019-06-13 09:00:00,0.228516,0.14702402,-0.0814919794473648,0.22023056,-0.008285435524940488,0.21280694,-0.015709059921264645,0.24903983,0.020523828777313236,0.22849633458304006,-1.966541695994084e-05
2019-06-13 09:15:00,0.232031,0.22766036,-0.004370642047882067,0.23198229,-4.870925521849312e-05,0.21778585,-0.014245149832725512,0.23143575,-0.0005952540454864375,0.201262504874646,-0.030768495125353984
2019-06-13 09:30:00,0.144141,0.15148996,0.0073489581670761195,0.12291367,-0.021227326479911796,0.13637334,-0.00776765891647338,0.14631648,0.002175483616828927,0.1300198910620484,-0.014121108937951599
2019-06-13 09:45:00,0.200391,0.16436681,-0.03602418848609926,0.1646851,-0.03570589968299867,0.16411991,-0.03627108582592012,0.19316724,-0.007223760572433485,0.1512943157818529,-0.04909668421814711
2019-06-13 10:00:00,0.116016,0.13465494,0.018638939174652105,0.09931984,-0.01669616201257705,0.12390565,0.007889651271343237,0.11299924,-0.003016761926174158,0.09895686598888609,-0.017059134011113905
2019-06-13 10:15:00,0.16875,0.065894276,-0.10285572409629823,0.14764799,-0.02110200822353364,0.16151837,-0.007231634855270397,0.15122011,-0.017529886960983287,0.1697160288918141,0.0009660288918141025
2019-06-13 10:30:00,0.326953,0.19350661,-0.13344638662624358,0.29597723,-0.030975765159606927,0.3056846,-0.02126840369987487,0.32193732,-0.005015677383422845,0.3059494894061286,-0.0210035105938714
2019-06-13 10:45:00,0.330469,0.23948024,-0.09098875786685945,0.29539478,-0.035074221748352064,0.30537987,-0.025089132446289075,0.34706756,0.016598564725875842,0.3403088598442623,0.009839859844262278
2019-06-13 11:00:00,0.151172,0.19339068,0.04221868233966827,0.22158562,0.07041361646938324,0.22251563,0.07134362774181366,0.21976833,0.06859633045482635,0.22662669508215688,0.07545469508215688
2019-06-13 11:15:00,0.1125,0.076862045,-0.03563795536756516,0.14771561,0.03521561324596405,0.14748526,0.03498525619506836,0.12809737,0.015597370266914365,0.13546667623991104,0.02296667623991104
2019-06-13 11:30:00,0.0,0.0014133452,0.0014133452204987407,0.00641195,0.0064119501039385796,0.00031918642,0.0003191864234395325,0.0026250142,0.002625014167279005,0.00715831116727446,0.00715831116727446
2019-06-13 11:45:00,0.0,0.0,0.0,0.0002582368,0.00025823680334724486,0.00017539608,0.00017539608234073967,0.0,0.0,2.6350570573687955e-08,2.6350570573687955e-08
2019-06-13 12:00:00,0.0,0.0,0.0,0.00011682857,0.00011682856711558998,0.0,0.0,0.0,0.0,2.6350570573687955e-08,2.6350570573687955e-08
2019-06-13 12:15:00,0.0,0.0,0.0,0.00046462376,0.00046462376485578716,0.0,0.0,0.0,0.0,2.6350570573687955e-08,2.6350570573687955e-08
2019-06-13 12:30:00,0.0,7.0882845e-05,7.088284473866224e-05,0.00019373409,0.00019373408576939255,0.0,0.0,0.0,0.0,2.6350570573687955e-08,2.6350570573687955e-08
2019-06-13 12:45:00,0.0,7.0882845e-05,7.088284473866224e-05,0.0004000093,0.0004000093031208962,0.0,0.0,0.0,0.0,2.6350570573687955e-08,2.6350570573687955e-08
2019-06-13 13:00:00,0.0,7.0882845e-05,7.088284473866224e-05,0.00035290935,0.0003529093519318849,0.0,0.0,0.0,0.0,2.6350570573687955e-08,2.6350570573687955e-08
2019-06-13 13:15:00,0.0,7.0882845e-05,7.088284473866224e-05,0.0003817863,0.0003817862889263779,0.0,0.0,0.0,0.0,2.6350570573687955e-08,2.6350570573687955e-08
2019-06-13 13:30:00,0.0,7.0882845e-05,7.088284473866224e-05,0.0,0.0,0.0,0.0,1.2641537e-05,1.2641537068702746e-05,2.6350570573687955e-08,2.6350570573687955e-08
2019-06-13 13:45:00,0.0,7.0882845e-05,7.088284473866224e-05,0.0,0.0,0.0,0.0,1.2641537e-05,1.2641537068702746e-05,2.6350570573687955e-08,2.6350570573687955e-08
2019-06-13 14:00:00,0.0,7.0882845e-05,7.088284473866224e-05,0.0,0.0,0.0,0.0,1.2641537e-05,1.2641537068702746e-05,2.6350570573687955e-08,2.6350570573687955e-08
2019-06-13 14:15:00,0.0,0.00021023539,0.00021023539011366665,5.5423393e-06,5.542339295061538e-06,0.0,0.0,1.5878635e-05,1.58786351676099e-05,2.6350570573687955e-08,2.6350570573687955e-08
2019-06-13 14:30:00,0.0,0.00021023539,0.00021023539011366665,0.0,0.0,0.0,0.0,1.3397793e-05,1.3397792827163357e-05,2.6350570573687955e-08,2.6350570573687955e-08
2019-06-13 14:45:00,0.0,7.0882845e-05,7.088284473866224e-05,0.0,0.0,0.0,0.0,1.2641537e-05,1.2641537068702746e-05,2.6350570573687955e-08,2.6350570573687955e-08
2019-06-13 15:00:00,0.0,7.0882845e-05,7.088284473866224e-05,0.0,0.0,0.0,0.0,1.5741998e-05,1.5741998140583746e-05,2.6350570573687955e-08,2.6350570573687955e-08
2019-06-13 15:15:00,0.0,0.00021023539,0.00021023539011366665,0.0,0.0,0.0,0.0,1.3385835e-05,1.3385834790824447e-05,2.6350570573687955e-08,2.6350570573687955e-08
2019-06-13 15:30:00,0.0,0.00021023539,0.00021023539011366665,4.91859e-06,4.918590093438979e-06,0.0,0.0,5.0653175e-06,5.065317509433953e-06,2.6350570573687955e-08,2.6350570573687955e-08
2019-06-13 15:45:00,0.0,7.0882845e-05,7.088284473866224e-05,4.91859e-06,4.918590093438979e-06,0.0,0.0,4.3090627e-06,4.309062660468044e-06,2.6350570573687955e-08,2.6350570573687955e-08
