date_time,actual_power,is_effective_time,linear_baseline_prediction,linear_baseline_error,original_nwp_prediction,original_nwp_error,downscaled_nwp_prediction,downscaled_nwp_error,hybrid_prediction,hybrid_error,random_forest_prediction,random_forest_error
2019-06-06 15:45:00,0.0,0,0.0,0.0,0.0,0.0,0.0,0.0,0.0,0.0,0.0,0.0
2019-06-06 16:00:00,0.0,0,0.0,0.0,0.0,0.0,0.0,0.0,0.0,0.0,0.0,0.0
2019-06-06 16:15:00,0.0,0,0.0,0.0,0.0,0.0,0.0,0.0,0.0,0.0,0.0,0.0
2019-06-06 16:30:00,0.0,0,0.0,0.0,0.0,0.0,0.0,0.0,0.0,0.0,0.0,0.0
2019-06-06 16:45:00,0.0,0,0.0,0.0,0.0,0.0,0.0,0.0,0.0,0.0,0.0,0.0
2019-06-06 17:00:00,0.0,0,0.0,0.0,0.0,0.0,0.0,0.0,0.0,0.0,0.0,0.0
2019-06-06 17:15:00,0.0,0,0.0,0.0,0.0,0.0,0.0,0.0,0.0,0.0,0.0,0.0
2019-06-06 17:30:00,0.0,0,0.0,0.0,0.0,0.0,0.0,0.0,0.0,0.0,0.0,0.0
2019-06-06 17:45:00,0.0,0,0.0,0.0,0.0,0.0,0.0,0.0,0.0,0.0,0.0,0.0
2019-06-06 18:00:00,0.0,0,0.0,0.0,0.0,0.0,0.0,0.0,0.0,0.0,0.0,0.0
2019-06-06 18:15:00,0.0,0,0.0,0.0,0.0,0.0,0.0,0.0,0.0,0.0,0.0,0.0
2019-06-06 18:30:00,0.0,0,0.0,0.0,0.0,0.0,0.0,0.0,0.0,0.0,0.0,0.0
2019-06-06 18:45:00,0.0,0,0.0,0.0,0.0,0.0,0.0,0.0,0.0,0.0,0.0,0.0
2019-06-06 19:00:00,0.0,0,0.0,0.0,0.0,0.0,0.0,0.0,0.0,0.0,0.0,0.0
2019-06-06 19:15:00,0.0,0,0.0,0.0,0.0,0.0,0.0,0.0,0.0,0.0,0.0,0.0
2019-06-06 19:30:00,0.0,0,0.0,0.0,0.0,0.0,0.0,0.0,0.0,0.0,0.0,0.0
2019-06-06 19:45:00,0.0,0,0.0,0.0,0.0,0.0,0.0,0.0,0.0,0.0,0.0,0.0
2019-06-06 20:00:00,0.0,0,0.0,0.0,0.0,0.0,0.0,0.0,0.0,0.0,0.0,0.0
2019-06-06 20:15:00,0.0,0,0.0,0.0,0.0,0.0,0.0,0.0,0.0,0.0,0.0,0.0
2019-06-06 20:30:00,0.0,0,0.0,0.0,0.0,0.0,0.0,0.0,0.0,0.0,0.0,0.0
2019-06-06 20:45:00,0.0,0,0.0,0.0,0.0,0.0,0.0,0.0,0.0,0.0,0.0,0.0
2019-06-06 21:00:00,0.0,0,0.0,0.0,0.0,0.0,0.0,0.0,0.0,0.0,0.0,0.0
2019-06-06 21:15:00,0.003516,0,0.0,-0.003516,0.0,-0.003516,0.0,-0.003516,0.0,-0.003516,0.0,-0.003516
2019-06-06 21:30:00,0.035156,0,0.0,-0.035156,0.0,-0.035156,0.0,-0.035156,0.0,-0.035156,0.0,-0.035156
2019-06-06 21:45:00,0.165234,0,0.0,-0.165234,0.0,-0.165234,0.0,-0.165234,0.0,-0.165234,0.0,-0.165234
2019-06-06 22:00:00,0.288281,0,0.0,-0.288281,0.0,-0.288281,0.0,-0.288281,0.0,-0.288281,0.0,-0.288281
2019-06-06 22:15:00,0.383203,0,0.0,-0.383203,0.0,-0.383203,0.0,-0.383203,0.0,-0.383203,0.0,-0.383203
2019-06-06 22:30:00,0.386719,0,0.0,-0.386719,0.0,-0.386719,0.0,-0.386719,0.0,-0.386719,0.0,-0.386719
2019-06-06 22:45:00,0.435937,0,0.0,-0.435937,0.0,-0.435937,0.0,-0.435937,0.0,-0.435937,0.0,-0.435937
2019-06-06 23:00:00,0.773438,0,0.0,-0.773438,0.0,-0.773438,0.0,-0.773438,0.0,-0.773438,0.0,-0.773438
2019-06-06 23:15:00,0.945703,0,0.0,-0.945703,0.0,-0.945703,0.0,-0.945703,0.0,-0.945703,0.0,-0.945703
2019-06-06 23:30:00,0.938672,0,0.0,-0.938672,0.0,-0.938672,0.0,-0.938672,0.0,-0.938672,0.0,-0.938672
2019-06-06 23:45:00,0.878906,0,0.0,-0.878906,0.0,-0.878906,0.0,-0.878906,0.0,-0.878906,0.0,-0.878906
2019-06-07 00:00:00,0.791016,0,0.0,-0.791016,0.0,-0.791016,0.0,-0.791016,0.0,-0.791016,0.0,-0.791016
2019-06-07 00:15:00,0.949219,0,0.0,-0.949219,0.0,-0.949219,0.0,-0.949219,0.0,-0.949219,0.0,-0.949219
2019-06-07 00:30:00,1.29375,0,0.0,-1.29375,0.0,-1.29375,0.0,-1.29375,0.0,-1.29375,0.0,-1.29375
2019-06-07 00:45:00,1.205859,0,0.0,-1.205859,0.0,-1.205859,0.0,-1.205859,0.0,-1.205859,0.0,-1.205859
2019-06-07 01:00:00,1.74375,0,0.0,-1.74375,0.0,-1.74375,0.0,-1.74375,0.0,-1.74375,0.0,-1.74375
2019-06-07 01:15:00,1.905469,0,0.0,-1.905469,0.0,-1.905469,0.0,-1.905469,0.0,-1.905469,0.0,-1.905469
2019-06-07 01:30:00,2.281641,0,0.0,-2.281641,0.0,-2.281641,0.0,-2.281641,0.0,-2.281641,0.0,-2.281641
2019-06-07 01:45:00,2.443359,0,0.0,-2.443359,0.0,-2.443359,0.0,-2.443359,0.0,-2.443359,0.0,-2.443359
2019-06-07 02:00:00,3.561328,0,0.0,-3.561328,0.0,-3.561328,0.0,-3.561328,0.0,-3.561328,0.0,-3.561328
2019-06-07 02:15:00,1.986328,0,0.0,-1.986328,0.0,-1.986328,0.0,-1.986328,0.0,-1.986328,0.0,-1.986328
2019-06-07 02:30:00,2.78789,0,0.0,-2.78789,0.0,-2.78789,0.0,-2.78789,0.0,-2.78789,0.0,-2.78789
2019-06-07 02:45:00,3.842578,0,0.0,-3.842578,0.0,-3.842578,0.0,-3.842578,0.0,-3.842578,0.0,-3.842578
2019-06-07 03:00:00,3.223828,0,0.0,-3.223828,0.0,-3.223828,0.0,-3.223828,0.0,-3.223828,0.0,-3.223828
2019-06-07 03:15:00,4.035937,0,0.0,-4.035937,0.0,-4.035937,0.0,-4.035937,0.0,-4.035937,0.0,-4.035937
2019-06-07 03:30:00,3.737109,0,0.0,-3.737109,0.0,-3.737109,0.0,-3.737109,0.0,-3.737109,0.0,-3.737109
2019-06-07 03:45:00,3.248437,0,0.0,-3.248437,0.0,-3.248437,0.0,-3.248437,0.0,-3.248437,0.0,-3.248437
2019-06-07 04:00:00,2.714062,0,0.0,-2.714062,0.0,-2.714062,0.0,-2.714062,0.0,-2.714062,0.0,-2.714062
2019-06-07 04:15:00,4.208203,0,0.0,-4.208203,0.0,-4.208203,0.0,-4.208203,0.0,-4.208203,0.0,-4.208203
2019-06-07 04:30:00,3.659765,0,0.0,-3.659765,0.0,-3.659765,0.0,-3.659765,0.0,-3.659765,0.0,-3.659765
2019-06-07 04:45:00,4.155468,0,0.0,-4.155468,0.0,-4.155468,0.0,-4.155468,0.0,-4.155468,0.0,-4.155468
2019-06-07 05:00:00,3.933984,0,0.0,-3.933984,0.0,-3.933984,0.0,-3.933984,0.0,-3.933984,0.0,-3.933984
2019-06-07 05:15:00,4.067578,0,0.0,-4.067578,0.0,-4.067578,0.0,-4.067578,0.0,-4.067578,0.0,-4.067578
2019-06-07 05:30:00,3.733594,0,0.0,-3.733594,0.0,-3.733594,0.0,-3.733594,0.0,-3.733594,0.0,-3.733594
2019-06-07 05:45:00,3.737109,0,0.0,-3.737109,0.0,-3.737109,0.0,-3.737109,0.0,-3.737109,0.0,-3.737109
2019-06-07 06:00:00,2.475,1,3.753820508729561,1.2788205087295608,3.8191557,1.3441556930541991,3.5786216,1.1036216259002685,3.5817657,1.1067656517028808,3.674619614868724,1.1996196148687237
2019-06-07 06:15:00,1.543359,1,1.7162654504817452,0.17290645048174524,1.6451168,0.10175780603027351,1.570237,0.02687804051971443,1.8303503,0.2869912798080445,1.6789582155800868,0.13559921558008692
2019-06-07 06:30:00,1.821094,1,1.9254479688726343,0.10435396887263426,2.020102,0.19900802407836915,1.7490556,-0.07203837599182128,1.8349345,0.013840473037719736,1.8037078064015908,-0.017386193598409205
2019-06-07 06:45:00,1.153125,1,1.404927733820031,0.25180273382003104,1.2738956,0.1207706212997437,1.087286,-0.06583900451660152,1.1683447,0.015219736099243208,1.183319439983161,0.03019443998316107
2019-06-07 07:00:00,1.423828,1,1.4470047369304946,0.02317673693049449,1.3934591,-0.03036891835021982,1.3677888,-0.05603920834350595,1.3444177,-0.07941030876922617,1.3848894970176562,-0.038938502982343914
2019-06-07 07:15:00,0.914062,1,1.0710098051974017,0.1569478051974017,0.934666,0.02060397795486446,0.8365618,-0.0775002009506226,0.8619788,-0.0520831710929871,0.8515831353379661,-0.062478864662033895
2019-06-07 07:30:00,0.495703,1,0.7684019490300174,0.27269894903001735,0.5242667,0.02856371981811523,0.49682754,0.0011245427818298293,0.49875996,0.003056955167770381,0.4985457279771735,0.002842727977173498
2019-06-07 07:45:00,0.228516,1,0.5654480849307618,0.3369320849307618,0.3081995,0.07968349507713318,0.35530114,0.1267851417388916,0.33546212,0.10694612315559388,0.24582781258970826,0.017311812589708264
2019-06-07 08:00:00,0.161719,1,0.39712247450565274,0.23540347450565274,0.23016612,0.06844712231731415,0.18087474,0.019155735116958617,0.19562727,0.033908272129058836,0.18948317018578492,0.02776417018578492
2019-06-07 08:15:00,0.1125,1,0.3483046755132517,0.23580467551325174,0.23303191,0.12053191363811493,0.14119112,0.028691124916076657,0.1536533,0.04115329384803772,0.12476275558583914,0.012262755585839141
2019-06-07 08:30:00,0.084375,1,0.3432038877866339,0.25882888778663393,0.21137023,0.12699522972106933,0.14338528,0.05901027619838714,0.12943462,0.045059615373611445,0.13363830813995412,0.04926330813995411
2019-06-07 08:45:00,0.140625,1,0.34281527701235337,0.20219027701235337,0.34549445,0.20486944913864136,0.2168678,0.07624280452728271,0.16158597,0.0209609717130661,0.14242055619242902,0.0017955561924290209
2019-06-07 09:00:00,0.189844,1,0.27662629330328903,0.08678229330328902,0.27951372,0.08966971669769286,0.15079059,-0.03905341293239595,0.15584126,-0.034002738851547254,0.19684398906046258,0.006999989060462564
2019-06-07 09:15:00,0.052734,1,0.20090597219700013,0.14817197219700012,0.2035101,0.1507761056098938,0.1151306,0.06239660331344604,0.12737693,0.07464292892551422,0.10892657186019279,0.05619257186019279
2019-06-07 09:30:00,0.066797,1,0.1886612979606812,0.12186429796068121,0.2095231,0.14272609668064118,0.083251506,0.01645450609016419,0.112429984,0.04563298391389847,0.07562619619533961,0.008829196195339617
2019-06-07 09:45:00,0.066797,1,0.19386841764336626,0.12707141764336627,0.14051707,0.07372007088947297,0.08295368,0.016156676581382756,0.09032557,0.023528571596622472,0.07483538610443054,0.008038386104430542
2019-06-07 10:00:00,0.179297,1,0.16223668804598224,-0.017060311954017776,0.16542321,-0.01387378556442262,0.12293677,-0.05636022968006135,0.19083247,0.01153546588706969,0.1516922273549405,-0.027604772645059505
2019-06-07 10:15:00,0.225,1,0.1990620824972933,-0.025937917502706714,0.21696506,-0.008034935593605047,0.16741094,-0.0575890600681305,0.19589297,-0.02910702526569367,0.19134995165651966,-0.03365004834348034
2019-06-07 10:30:00,0.203906,1,0.181565437502339,-0.022340562497661004,0.1902536,-0.013652399521827702,0.16632007,-0.0375859293756485,0.20459242,0.0006864216508865317,0.19232319959361696,-0.011582800406383043
2019-06-07 10:45:00,0.144141,1,0.14045158346287878,-0.0036894165371212095,0.13554716,-0.00859383889770507,0.13562045,-0.008520554986953727,0.15780045,0.013659450921058663,0.15255650156730685,0.00841550156730686
2019-06-07 11:00:00,0.0,0,0.0,0.0,0.0,0.0,0.0,0.0,0.0,0.0,0.0,0.0
2019-06-07 11:15:00,0.0,0,0.0,0.0,0.0,0.0,0.0,0.0,0.0,0.0,0.0,0.0
2019-06-07 11:30:00,0.0,0,0.0,0.0,0.0,0.0,0.0,0.0,0.0,0.0,0.0,0.0
2019-06-07 11:45:00,0.0,0,0.0,0.0,0.0,0.0,0.0,0.0,0.0,0.0,0.0,0.0
2019-06-07 12:00:00,0.0,0,0.0,0.0,0.0,0.0,0.0,0.0,0.0,0.0,0.0,0.0
2019-06-07 12:15:00,0.0,0,0.0,0.0,0.0,0.0,0.0,0.0,0.0,0.0,0.0,0.0
2019-06-07 12:30:00,0.0,0,0.0,0.0,0.0,0.0,0.0,0.0,0.0,0.0,0.0,0.0
2019-06-07 12:45:00,0.0,0,0.0,0.0,0.0,0.0,0.0,0.0,0.0,0.0,0.0,0.0
2019-06-07 13:00:00,0.0,0,0.0,0.0,0.0,0.0,0.0,0.0,0.0,0.0,0.0,0.0
2019-06-07 13:15:00,0.0,0,0.0,0.0,0.0,0.0,0.0,0.0,0.0,0.0,0.0,0.0
2019-06-07 13:30:00,0.0,0,0.0,0.0,0.0,0.0,0.0,0.0,0.0,0.0,0.0,0.0
2019-06-07 13:45:00,0.0,0,0.0,0.0,0.0,0.0,0.0,0.0,0.0,0.0,0.0,0.0
2019-06-07 14:00:00,0.0,0,0.0,0.0,0.0,0.0,0.0,0.0,0.0,0.0,0.0,0.0
2019-06-07 14:15:00,0.0,0,0.0,0.0,0.0,0.0,0.0,0.0,0.0,0.0,0.0,0.0
2019-06-07 14:30:00,0.0,0,0.0,0.0,0.0,0.0,0.0,0.0,0.0,0.0,0.0,0.0
2019-06-07 14:45:00,0.0,0,0.0,0.0,0.0,0.0,0.0,0.0,0.0,0.0,0.0,0.0
2019-06-07 15:00:00,0.0,0,0.0,0.0,0.0,0.0,0.0,0.0,0.0,0.0,0.0,0.0
2019-06-07 15:15:00,0.0,0,0.0,0.0,0.0,0.0,0.0,0.0,0.0,0.0,0.0,0.0
2019-06-07 15:30:00,0.0,0,0.0,0.0,0.0,0.0,0.0,0.0,0.0,0.0,0.0,0.0
2019-06-07 15:45:00,0.0,0,0.0,0.0,0.0,0.0,0.0,0.0,0.0,0.0,0.0,0.0
2019-06-07 16:00:00,0.0,0,0.0,0.0,0.0,0.0,0.0,0.0,0.0,0.0,0.0,0.0
2019-06-07 16:15:00,0.0,0,0.0,0.0,0.0,0.0,0.0,0.0,0.0,0.0,0.0,0.0
2019-06-07 16:30:00,0.0,0,0.0,0.0,0.0,0.0,0.0,0.0,0.0,0.0,0.0,0.0
2019-06-07 16:45:00,0.0,0,0.0,0.0,0.0,0.0,0.0,0.0,0.0,0.0,0.0,0.0
2019-06-07 17:00:00,0.0,0,0.0,0.0,0.0,0.0,0.0,0.0,0.0,0.0,0.0,0.0
2019-06-07 17:15:00,0.0,0,0.0,0.0,0.0,0.0,0.0,0.0,0.0,0.0,0.0,0.0
2019-06-07 17:30:00,0.0,0,0.0,0.0,0.0,0.0,0.0,0.0,0.0,0.0,0.0,0.0
2019-06-07 17:45:00,0.0,0,0.0,0.0,0.0,0.0,0.0,0.0,0.0,0.0,0.0,0.0
2019-06-07 18:00:00,0.0,0,0.0,0.0,0.0,0.0,0.0,0.0,0.0,0.0,0.0,0.0
2019-06-07 18:15:00,0.0,0,0.0,0.0,0.0,0.0,0.0,0.0,0.0,0.0,0.0,0.0
2019-06-07 18:30:00,0.0,0,0.0,0.0,0.0,0.0,0.0,0.0,0.0,0.0,0.0,0.0
2019-06-07 18:45:00,0.0,0,0.0,0.0,0.0,0.0,0.0,0.0,0.0,0.0,0.0,0.0
2019-06-07 19:00:00,0.0,0,0.0,0.0,0.0,0.0,0.0,0.0,0.0,0.0,0.0,0.0
2019-06-07 19:15:00,0.0,0,0.0,0.0,0.0,0.0,0.0,0.0,0.0,0.0,0.0,0.0
2019-06-07 19:30:00,0.0,0,0.0,0.0,0.0,0.0,0.0,0.0,0.0,0.0,0.0,0.0
2019-06-07 19:45:00,0.0,0,0.0,0.0,0.0,0.0,0.0,0.0,0.0,0.0,0.0,0.0
2019-06-07 20:00:00,0.0,0,0.0,0.0,0.0,0.0,0.0,0.0,0.0,0.0,0.0,0.0
2019-06-07 20:15:00,0.0,0,0.0,0.0,0.0,0.0,0.0,0.0,0.0,0.0,0.0,0.0
2019-06-07 20:30:00,0.0,0,0.0,0.0,0.0,0.0,0.0,0.0,0.0,0.0,0.0,0.0
2019-06-07 20:45:00,0.0,0,0.0,0.0,0.0,0.0,0.0,0.0,0.0,0.0,0.0,0.0
2019-06-07 21:00:00,0.0,0,0.0,0.0,0.0,0.0,0.0,0.0,0.0,0.0,0.0,0.0
2019-06-07 21:15:00,0.0,0,0.0,0.0,0.0,0.0,0.0,0.0,0.0,0.0,0.0,0.0
2019-06-07 21:30:00,0.028125,0,0.0,-0.028125,0.0,-0.028125,0.0,-0.028125,0.0,-0.028125,0.0,-0.028125
2019-06-07 21:45:00,0.133594,0,0.0,-0.133594,0.0,-0.133594,0.0,-0.133594,0.0,-0.133594,0.0,-0.133594
2019-06-07 22:00:00,0.291797,0,0.0,-0.291797,0.0,-0.291797,0.0,-0.291797,0.0,-0.291797,0.0,-0.291797
2019-06-07 22:15:00,0.404297,0,0.0,-0.404297,0.0,-0.404297,0.0,-0.404297,0.0,-0.404297,0.0,-0.404297
2019-06-07 22:30:00,0.601172,0,0.0,-0.601172,0.0,-0.601172,0.0,-0.601172,0.0,-0.601172,0.0,-0.601172
2019-06-07 22:45:00,0.752344,0,0.0,-0.752344,0.0,-0.752344,0.0,-0.752344,0.0,-0.752344,0.0,-0.752344
2019-06-07 23:00:00,0.896484,0,0.0,-0.896484,0.0,-0.896484,0.0,-0.896484,0.0,-0.896484,0.0,-0.896484
2019-06-07 23:15:00,1.163672,0,0.0,-1.163672,0.0,-1.163672,0.0,-1.163672,0.0,-1.163672,0.0,-1.163672
2019-06-07 23:30:00,1.399219,0,0.0,-1.399219,0.0,-1.399219,0.0,-1.399219,0.0,-1.399219,0.0,-1.399219
2019-06-07 23:45:00,1.659375,0,0.0,-1.659375,0.0,-1.659375,0.0,-1.659375,0.0,-1.659375,0.0,-1.659375
2019-06-08 00:00:00,1.944141,0,0.0,-1.944141,0.0,-1.944141,0.0,-1.944141,0.0,-1.944141,0.0,-1.944141
2019-06-08 00:15:00,2.183203,0,0.0,-2.183203,0.0,-2.183203,0.0,-2.183203,0.0,-2.183203,0.0,-2.183203
2019-06-08 00:30:00,2.383594,0,0.0,-2.383594,0.0,-2.383594,0.0,-2.383594,0.0,-2.383594,0.0,-2.383594
2019-06-08 00:45:00,2.714062,0,0.0,-2.714062,0.0,-2.714062,0.0,-2.714062,0.0,-2.714062,0.0,-2.714062
2019-06-08 01:00:00,2.960156,0,0.0,-2.960156,0.0,-2.960156,0.0,-2.960156,0.0,-2.960156,0.0,-2.960156
2019-06-08 01:15:00,3.107812,0,0.0,-3.107812,0.0,-3.107812,0.0,-3.107812,0.0,-3.107812,0.0,-3.107812
2019-06-08 01:30:00,3.336328,0,0.0,-3.336328,0.0,-3.336328,0.0,-3.336328,0.0,-3.336328,0.0,-3.336328
2019-06-08 01:45:00,3.624609,0,0.0,-3.624609,0.0,-3.624609,0.0,-3.624609,0.0,-3.624609,0.0,-3.624609
2019-06-08 02:00:00,3.649219,0,0.0,-3.649219,0.0,-3.649219,0.0,-3.649219,0.0,-3.649219,0.0,-3.649219
2019-06-08 02:15:00,3.793359,0,0.0,-3.793359,0.0,-3.793359,0.0,-3.793359,0.0,-3.793359,0.0,-3.793359
2019-06-08 02:30:00,3.891797,0,0.0,-3.891797,0.0,-3.891797,0.0,-3.891797,0.0,-3.891797,0.0,-3.891797
2019-06-08 02:45:00,3.803906,0,0.0,-3.803906,0.0,-3.803906,0.0,-3.803906,0.0,-3.803906,0.0,-3.803906
2019-06-08 03:00:00,3.958594,0,0.0,-3.958594,0.0,-3.958594,0.0,-3.958594,0.0,-3.958594,0.0,-3.958594
2019-06-08 03:15:00,4.028906,0,0.0,-4.028906,0.0,-4.028906,0.0,-4.028906,0.0,-4.028906,0.0,-4.028906
2019-06-08 03:30:00,4.021875,0,0.0,-4.021875,0.0,-4.021875,0.0,-4.021875,0.0,-4.021875,0.0,-4.021875
2019-06-08 03:45:00,3.933984,0,0.0,-3.933984,0.0,-3.933984,0.0,-3.933984,0.0,-3.933984,0.0,-3.933984
2019-06-08 04:00:00,3.863672,0,0.0,-3.863672,0.0,-3.863672,0.0,-3.863672,0.0,-3.863672,0.0,-3.863672
2019-06-08 04:15:00,3.751172,0,0.0,-3.751172,0.0,-3.751172,0.0,-3.751172,0.0,-3.751172,0.0,-3.751172
2019-06-08 04:30:00,3.772265,0,0.0,-3.772265,0.0,-3.772265,0.0,-3.772265,0.0,-3.772265,0.0,-3.772265
2019-06-08 04:45:00,3.80039,0,0.0,-3.80039,0.0,-3.80039,0.0,-3.80039,0.0,-3.80039,0.0,-3.80039
2019-06-08 05:00:00,3.810937,0,0.0,-3.810937,0.0,-3.810937,0.0,-3.810937,0.0,-3.810937,0.0,-3.810937
2019-06-08 05:15:00,3.782812,0,0.0,-3.782812,0.0,-3.782812,0.0,-3.782812,0.0,-3.782812,0.0,-3.782812
2019-06-08 05:30:00,3.744141,0,0.0,-3.744141,0.0,-3.744141,0.0,-3.744141,0.0,-3.744141,0.0,-3.744141
2019-06-08 05:45:00,3.751172,0,0.0,-3.751172,0.0,-3.751172,0.0,-3.751172,0.0,-3.751172,0.0,-3.751172
2019-06-08 06:00:00,3.772265,1,4.140121580368448,0.36785658036844815,3.7312646,-0.041000408782958964,3.6487782,-0.12348679985046385,3.6828742,-0.0893907972717285,3.670499503937739,-0.10176549606226093
2019-06-08 06:15:00,3.708984,1,4.0299196305023255,0.32093563050232543,3.7577426,0.048758643356323184,3.6417377,-0.06724630049133307,3.6932023,-0.01578174284362799,3.6755685830630513,-0.033415416936948716
2019-06-08 06:30:00,3.719531,1,3.9209889214243265,0.2014579214243266,3.6772003,-0.04233068261718742,3.5857763,-0.13375467095947258,3.6369724,-0.08255857263183586,3.62208706301936,-0.09744393698063991
2019-06-08 06:45:00,3.649219,1,3.8137997798606014,0.16458077986060138,3.594869,-0.05435010160827636,3.5624278,-0.08679124082946776,3.5818126,-0.06740637983703612,3.660967181285705,0.011748181285704984
2019-06-08 07:00:00,3.550781,1,3.5548720301536383,0.004091030153638098,3.506316,-0.044465053421020695,3.4239206,-0.12686036859130878,3.511872,-0.03890894685363788,3.5283323226429415,-0.02244867735705869
2019-06-08 07:15:00,3.417187,1,3.357542923013173,-0.059644076986827166,3.3548896,-0.06229736872863789,3.413598,-0.0035889393920900403,3.3409064,-0.07628061839294453,3.3899394298922845,-0.027247570107715724
2019-06-08 07:30:00,3.244922,1,3.1499990976221475,-0.09492290237785239,3.2639623,0.01904026882934584,3.1754985,-0.06942351443481432,3.1887095,-0.056212502548217635,3.2251074988475437,-0.0198145011524562
2019-06-08 07:45:00,3.055078,1,2.9637515437371458,-0.09132645626285418,3.0142212,-0.04085680859374996,3.1270437,0.07196572406005863,3.0204017,-0.034676283767700156,3.0251479111248485,-0.029930088875151473
2019-06-08 08:00:00,2.840625,1,2.7066816964196576,-0.13394330358034257,2.7983177,-0.04230732917785662,2.851624,0.010999011993408025,2.7754903,-0.06513471603393572,2.7185105258566193,-0.12211447414338084
2019-06-08 08:15:00,2.583984,1,2.545952923120711,-0.03803107687928886,2.7003174,0.11633338281249994,2.5640118,-0.01997218778991705,2.5259547,-0.05802927664184576,2.5896062197715897,0.005622219771589609
2019-06-08 08:30:00,2.320312,1,2.3483029140000973,0.027990914000097344,2.3909893,0.07067730358886726,2.0973861,-0.222925878250122,2.1706855,-0.14962647029113763,2.3013804479492403,-0.01893155205075958
2019-06-08 08:45:00,2.003906,1,2.068109569678456,0.06420356967845597,1.917944,-0.08596204553222675,1.8886129,-0.11529313359832782,1.9158578,-0.08804820809936542,1.9598653424306667,-0.04404065756933351
2019-06-08 09:00:00,1.796484,1,1.8295682418250325,0.033084241825032557,1.7602454,-0.036238557609558075,1.6910802,-0.10540378740692136,1.7575595,-0.03892446211242673,1.7541940865979715,-0.04228991340202848
2019-06-08 09:15:00,1.51875,1,1.5723863917986673,0.053636391798667304,1.5752836,0.056533646583557084,1.4460163,-0.07273368835449223,1.5370152,0.01826519966125484,1.495654614860483,-0.023095385139517033
2019-06-08 09:30:00,1.248047,1,1.3007049100708064,0.052657910070806446,1.3189489,0.0709018649368287,1.180261,-0.0677859841079711,1.2639103,0.015863293579101656,1.200347887546376,-0.047699112453623904
2019-06-08 09:45:00,1.0125,1,1.1047252726634937,0.09222527266349378,1.1199539,0.10745387077331547,0.9938125,-0.01868749856948848,1.0464559,0.0339558601379395,1.031602060659544,0.019102060659544007
2019-06-08 10:00:00,0.748828,1,0.7853864310759672,0.036558431075967124,0.7963944,0.047566407749175976,0.74893403,0.00010603053283686492,0.7267671,-0.022060877254486133,0.8242236678851066,0.07539566788510654
2019-06-08 10:15:00,0.583594,1,0.607364973959691,0.023770973959691077,0.7348096,0.15121557746505743,0.63542503,0.0518310311851502,0.66553044,0.08193644319152837,0.5630004649583942,-0.02059353504160577
2019-06-08 10:30:00,0.365625,1,0.4042731287561163,0.03864812875611634,0.4350629,0.06943788528442385,0.4469069,0.08128189444541933,0.38714814,0.021523141860961936,0.4040087847121392,0.03838378471213921
2019-06-08 10:45:00,0.225,1,0.2662420104815404,0.041242010481540387,0.31423348,0.08923348188400268,0.29282385,0.06782385110855102,0.30676466,0.08176466226577758,0.28885766570668403,0.06385766570668402
2019-06-08 11:00:00,0.108984,0,0.0,-0.108984,0.0,-0.108984,0.0,-0.108984,0.0,-0.108984,0.0,-0.108984
2019-06-08 11:15:00,0.0,0,0.0,0.0,0.0,0.0,0.0,0.0,0.0,0.0,0.0,0.0
2019-06-08 11:30:00,0.0,0,0.0,0.0,0.0,0.0,0.0,0.0,0.0,0.0,0.0,0.0
2019-06-08 11:45:00,0.0,0,0.0,0.0,0.0,0.0,0.0,0.0,0.0,0.0,0.0,0.0
2019-06-08 12:00:00,0.0,0,0.0,0.0,0.0,0.0,0.0,0.0,0.0,0.0,0.0,0.0
2019-06-08 12:15:00,0.0,0,0.0,0.0,0.0,0.0,0.0,0.0,0.0,0.0,0.0,0.0
2019-06-08 12:30:00,0.0,0,0.0,0.0,0.0,0.0,0.0,0.0,0.0,0.0,0.0,0.0
2019-06-08 12:45:00,0.0,0,0.0,0.0,0.0,0.0,0.0,0.0,0.0,0.0,0.0,0.0
2019-06-08 13:00:00,0.0,0,0.0,0.0,0.0,0.0,0.0,0.0,0.0,0.0,0.0,0.0
2019-06-08 13:15:00,0.0,0,0.0,0.0,0.0,0.0,0.0,0.0,0.0,0.0,0.0,0.0
2019-06-08 13:30:00,0.0,0,0.0,0.0,0.0,0.0,0.0,0.0,0.0,0.0,0.0,0.0
2019-06-08 13:45:00,0.0,0,0.0,0.0,0.0,0.0,0.0,0.0,0.0,0.0,0.0,0.0
2019-06-08 14:00:00,0.0,0,0.0,0.0,0.0,0.0,0.0,0.0,0.0,0.0,0.0,0.0
2019-06-08 14:15:00,0.0,0,0.0,0.0,0.0,0.0,0.0,0.0,0.0,0.0,0.0,0.0
2019-06-08 14:30:00,0.0,0,0.0,0.0,0.0,0.0,0.0,0.0,0.0,0.0,0.0,0.0
2019-06-08 14:45:00,0.0,0,0.0,0.0,0.0,0.0,0.0,0.0,0.0,0.0,0.0,0.0
2019-06-08 15:00:00,0.0,0,0.0,0.0,0.0,0.0,0.0,0.0,0.0,0.0,0.0,0.0
2019-06-08 15:15:00,0.0,0,0.0,0.0,0.0,0.0,0.0,0.0,0.0,0.0,0.0,0.0
2019-06-08 15:30:00,0.0,0,0.0,0.0,0.0,0.0,0.0,0.0,0.0,0.0,0.0,0.0
2019-06-08 15:45:00,0.0,0,0.0,0.0,0.0,0.0,0.0,0.0,0.0,0.0,0.0,0.0
2019-06-08 16:00:00,0.0,0,0.0,0.0,0.0,0.0,0.0,0.0,0.0,0.0,0.0,0.0
2019-06-08 16:15:00,0.0,0,0.0,0.0,0.0,0.0,0.0,0.0,0.0,0.0,0.0,0.0
2019-06-08 16:30:00,0.0,0,0.0,0.0,0.0,0.0,0.0,0.0,0.0,0.0,0.0,0.0
2019-06-08 16:45:00,0.0,0,0.0,0.0,0.0,0.0,0.0,0.0,0.0,0.0,0.0,0.0
2019-06-08 17:00:00,0.0,0,0.0,0.0,0.0,0.0,0.0,0.0,0.0,0.0,0.0,0.0
2019-06-08 17:15:00,0.0,0,0.0,0.0,0.0,0.0,0.0,0.0,0.0,0.0,0.0,0.0
2019-06-08 17:30:00,0.0,0,0.0,0.0,0.0,0.0,0.0,0.0,0.0,0.0,0.0,0.0
2019-06-08 17:45:00,0.0,0,0.0,0.0,0.0,0.0,0.0,0.0,0.0,0.0,0.0,0.0
2019-06-08 18:00:00,0.0,0,0.0,0.0,0.0,0.0,0.0,0.0,0.0,0.0,0.0,0.0
2019-06-08 18:15:00,0.0,0,0.0,0.0,0.0,0.0,0.0,0.0,0.0,0.0,0.0,0.0
2019-06-08 18:30:00,0.0,0,0.0,0.0,0.0,0.0,0.0,0.0,0.0,0.0,0.0,0.0
2019-06-08 18:45:00,0.0,0,0.0,0.0,0.0,0.0,0.0,0.0,0.0,0.0,0.0,0.0
2019-06-08 19:00:00,0.0,0,0.0,0.0,0.0,0.0,0.0,0.0,0.0,0.0,0.0,0.0
2019-06-08 19:15:00,0.0,0,0.0,0.0,0.0,0.0,0.0,0.0,0.0,0.0,0.0,0.0
2019-06-08 19:30:00,0.0,0,0.0,0.0,0.0,0.0,0.0,0.0,0.0,0.0,0.0,0.0
2019-06-08 19:45:00,0.0,0,0.0,0.0,0.0,0.0,0.0,0.0,0.0,0.0,0.0,0.0
2019-06-08 20:00:00,0.0,0,0.0,0.0,0.0,0.0,0.0,0.0,0.0,0.0,0.0,0.0
2019-06-08 20:15:00,0.0,0,0.0,0.0,0.0,0.0,0.0,0.0,0.0,0.0,0.0,0.0
2019-06-08 20:30:00,0.0,0,0.0,0.0,0.0,0.0,0.0,0.0,0.0,0.0,0.0,0.0
2019-06-08 20:45:00,0.0,0,0.0,0.0,0.0,0.0,0.0,0.0,0.0,0.0,0.0,0.0
2019-06-08 21:00:00,0.0,0,0.0,0.0,0.0,0.0,0.0,0.0,0.0,0.0,0.0,0.0
2019-06-08 21:15:00,0.0,0,0.0,0.0,0.0,0.0,0.0,0.0,0.0,0.0,0.0,0.0
2019-06-08 21:30:00,0.0,0,0.0,0.0,0.0,0.0,0.0,0.0,0.0,0.0,0.0,0.0
2019-06-08 21:45:00,0.126563,0,0.0,-0.126563,0.0,-0.126563,0.0,-0.126563,0.0,-0.126563,0.0,-0.126563
2019-06-08 22:00:00,0.225,0,0.0,-0.225,0.0,-0.225,0.0,-0.225,0.0,-0.225,0.0,-0.225
2019-06-08 22:15:00,0.362109,0,0.0,-0.362109,0.0,-0.362109,0.0,-0.362109,0.0,-0.362109,0.0,-0.362109
2019-06-08 22:30:00,0.590625,0,0.0,-0.590625,0.0,-0.590625,0.0,-0.590625,0.0,-0.590625,0.0,-0.590625
2019-06-08 22:45:00,0.84375,0,0.0,-0.84375,0.0,-0.84375,0.0,-0.84375,0.0,-0.84375,0.0,-0.84375
2019-06-08 23:00:00,1.125,0,0.0,-1.125,0.0,-1.125,0.0,-1.125,0.0,-1.125,0.0,-1.125
2019-06-08 23:15:00,1.430859,0,0.0,-1.430859,0.0,-1.430859,0.0,-1.430859,0.0,-1.430859,0.0,-1.430859
2019-06-08 23:30:00,1.733203,0,0.0,-1.733203,0.0,-1.733203,0.0,-1.733203,0.0,-1.733203,0.0,-1.733203
2019-06-08 23:45:00,2.017969,0,0.0,-2.017969,0.0,-2.017969,0.0,-2.017969,0.0,-2.017969,0.0,-2.017969
2019-06-09 00:00:00,2.288672,0,0.0,-2.288672,0.0,-2.288672,0.0,-2.288672,0.0,-2.288672,0.0,-2.288672
2019-06-09 00:15:00,2.555859,0,0.0,-2.555859,0.0,-2.555859,0.0,-2.555859,0.0,-2.555859,0.0,-2.555859
2019-06-09 00:30:00,2.798437,0,0.0,-2.798437,0.0,-2.798437,0.0,-2.798437,0.0,-2.798437,0.0,-2.798437
2019-06-09 00:45:00,3.0375,0,0.0,-3.0375,0.0,-3.0375,0.0,-3.0375,0.0,-3.0375,0.0,-3.0375
2019-06-09 01:00:00,3.269531,0,0.0,-3.269531,0.0,-3.269531,0.0,-3.269531,0.0,-3.269531,0.0,-3.269531
2019-06-09 01:15:00,3.438281,0,0.0,-3.438281,0.0,-3.438281,0.0,-3.438281,0.0,-3.438281,0.0,-3.438281
2019-06-09 01:30:00,3.554297,0,0.0,-3.554297,0.0,-3.554297,0.0,-3.554297,0.0,-3.554297,0.0,-3.554297
2019-06-09 01:45:00,3.772265,0,0.0,-3.772265,0.0,-3.772265,0.0,-3.772265,0.0,-3.772265,0.0,-3.772265
2019-06-09 02:00:00,3.867188,0,0.0,-3.867188,0.0,-3.867188,0.0,-3.867188,0.0,-3.867188,0.0,-3.867188
2019-06-09 02:15:00,4.039453,0,0.0,-4.039453,0.0,-4.039453,0.0,-4.039453,0.0,-4.039453,0.0,-4.039453
2019-06-09 02:30:00,4.021875,0,0.0,-4.021875,0.0,-4.021875,0.0,-4.021875,0.0,-4.021875,0.0,-4.021875
2019-06-09 02:45:00,4.081641,0,0.0,-4.081641,0.0,-4.081641,0.0,-4.081641,0.0,-4.081641,0.0,-4.081641
2019-06-09 03:00:00,4.127344,0,0.0,-4.127344,0.0,-4.127344,0.0,-4.127344,0.0,-4.127344,0.0,-4.127344
2019-06-09 03:15:00,4.123828,0,0.0,-4.123828,0.0,-4.123828,0.0,-4.123828,0.0,-4.123828,0.0,-4.123828
2019-06-09 03:30:00,4.130859,0,0.0,-4.130859,0.0,-4.130859,0.0,-4.130859,0.0,-4.130859,0.0,-4.130859
2019-06-09 03:45:00,4.183594,0,0.0,-4.183594,0.0,-4.183594,0.0,-4.183594,0.0,-4.183594,0.0,-4.183594
2019-06-09 04:00:00,4.018359,0,0.0,-4.018359,0.0,-4.018359,0.0,-4.018359,0.0,-4.018359,0.0,-4.018359
2019-06-09 04:15:00,3.860156,0,0.0,-3.860156,0.0,-3.860156,0.0,-3.860156,0.0,-3.860156,0.0,-3.860156
2019-06-09 04:30:00,4.004297,0,0.0,-4.004297,0.0,-4.004297,0.0,-4.004297,0.0,-4.004297,0.0,-4.004297
2019-06-09 04:45:00,3.983203,0,0.0,-3.983203,0.0,-3.983203,0.0,-3.983203,0.0,-3.983203,0.0,-3.983203
2019-06-09 05:00:00,3.944531,0,0.0,-3.944531,0.0,-3.944531,0.0,-3.944531,0.0,-3.944531,0.0,-3.944531
2019-06-09 05:15:00,3.909375,0,0.0,-3.909375,0.0,-3.909375,0.0,-3.909375,0.0,-3.909375,0.0,-3.909375
2019-06-09 05:30:00,3.948047,0,0.0,-3.948047,0.0,-3.948047,0.0,-3.948047,0.0,-3.948047,0.0,-3.948047
2019-06-09 05:45:00,4.046484,0,0.0,-4.046484,0.0,-4.046484,0.0,-4.046484,0.0,-4.046484,0.0,-4.046484
2019-06-09 06:00:00,4.004297,1,4.2425483458443365,0.23825134584433627,3.6351955,-0.3691015063018801,3.877902,-0.126394969055176,3.8328104,-0.1714865980834963,3.979424105343995,-0.024872894656005062
2019-06-09 06:15:00,3.835547,1,4.132411452560732,0.29686445256073224,3.7175503,-0.1179967222900391,3.9023125,0.06676551716613766,3.8243394,-0.011207610198974649,3.9278411873672643,0.09229418736726425
2019-06-09 06:30:00,3.846094,1,3.995104748123925,0.14901074812392512,3.5583541,-0.28773986067199697,3.7610493,-0.08504472937011709,3.7383687,-0.10772525038146963,3.858801470875359,0.01270747087535895
2019-06-09 06:45:00,3.726562,1,3.900029273705883,0.17346727370588289,3.596021,-0.13054106303405755,3.8063471,0.07978513172912605,3.669532,-0.057029939376830985,3.75118643313343,0.024624433133430212
2019-06-09 07:00:00,3.670312,1,3.6693440100204686,-0.0009679899795314029,3.5189881,-0.15132386752319338,3.6886382,0.01832621029663084,3.623518,-0.04679400988769533,3.6917155240825195,0.021403524082519443
2019-06-09 07:15:00,3.571875,1,3.5003205667982513,-0.07155443320174859,3.388234,-0.18364109992980948,3.569958,-0.0019170284271239346,3.439365,-0.1325100898742675,3.4933212760499233,-0.07855372395007665
2019-06-09 07:30:00,3.371484,1,3.252258946326511,-0.11922505367348935,3.2605255,-0.11095853498840347,3.306982,-0.06450195959472671,3.2108786,-0.16060538938903823,3.30054368433023,-0.0709403156697701
2019-06-09 07:45:00,3.174609,1,3.074215525417653,-0.10039347458234671,3.1127863,-0.061822706970214636,3.1157641,-0.05884485891723612,3.0831804,-0.09142857244873026,3.127724911667749,-0.04688408833225077
2019-06-09 08:00:00,2.998828,1,2.8541813854028235,-0.14464661459717654,2.9601684,-0.03865963833618169,2.861877,-0.13695103543090825,2.9142299,-0.08459813015747075,2.9766773006505196,-0.02215069934948044
2019-06-09 08:15:00,2.731641,1,2.6713791781796643,-0.060261821820335904,2.8125672,0.08092623403930643,2.6818209,-0.04982013055419943,2.764408,0.03276711157226542,2.6975347212903307,-0.034106278709669535
2019-06-09 08:30:00,2.492578,1,2.5277277134439267,0.0351497134439267,2.64892,0.1563420592041016,2.3356802,-0.15689775364685055,2.5014975,0.008919507095336954,2.5411945300870737,0.048616530087073784
2019-06-09 08:45:00,2.211328,1,2.332303694417038,0.12097569441703815,2.2741563,0.06282833201599125,2.0202858,-0.19104215519714352,2.1001713,-0.11115667240905758,2.1930440433688556,-0.01828395663114435
2019-06-09 09:00:00,1.923047,1,2.0010501544863306,0.07800315448633066,1.9459732,0.02292615788269048,1.928516,0.005469030311584522,1.9000361,-0.023010903427123974,1.9339452787181253,0.01089827871812532
2019-06-09 09:15:00,1.652344,1,1.7647672328920125,0.1124232328920125,1.6544008,0.0020568255004882463,1.5659707,-0.08637334074401859,1.6590278,0.00668381486511227,1.6678541024507032,0.015510102450703167
2019-06-09 09:30:00,1.378125,1,1.499154460558884,0.12102946055888397,1.3998655,0.021740508079528764,1.3586847,-0.01944034099578862,1.3663317,-0.011793303489685103,1.3667714582474917,-0.011353541752508356
2019-06-09 09:45:00,1.093359,1,1.2384736509298429,0.14511465092984288,1.1913689,0.09800993749237064,1.0581002,-0.035258776458740204,1.1631073,0.06974827596282962,1.1363320079798997,0.04297300797989978
2019-06-09 10:00:00,0.812109,1,0.8928067319198917,0.08069773191989171,0.96811986,0.1560108596954346,0.79585564,-0.0162533586349487,0.86305076,0.050941758838653595,0.8979176041196862,0.08580860411968627
2019-06-09 10:15:00,0.569531,1,0.6646804695793389,0.0951494695793389,0.7161035,0.14657249416732787,0.66066986,0.09113886322402953,0.7570295,0.18749847378158568,0.6802017368286434,0.11067073682864337
2019-06-09 10:30:00,0.365625,1,0.4641064603826275,0.0984814603826275,0.5145555,0.1489305138587952,0.51070887,0.14508386850357058,0.4950553,0.12943028807640078,0.4956170602709331,0.12999206027093313
2019-06-09 10:45:00,0.210938,1,0.30944287990638575,0.09850487990638576,0.3173468,0.10640881129455568,0.2755797,0.06464169093322755,0.31177047,0.10083246895027162,0.3069230634344211,0.09598506343442112
2019-06-09 11:00:00,0.105469,1,0.12231738599653519,0.016848385996535195,0.26023668,0.15476768050765993,0.12916163,0.023692626100540168,0.15087502,0.04540601704692841,0.18859765849901983,0.08312865849901983
2019-06-09 11:15:00,0.017578,0,0.0,-0.017578,0.0,-0.017578,0.0,-0.017578,0.0,-0.017578,0.0,-0.017578
2019-06-09 11:30:00,0.0,0,0.0,0.0,0.0,0.0,0.0,0.0,0.0,0.0,0.0,0.0
2019-06-09 11:45:00,0.0,0,0.0,0.0,0.0,0.0,0.0,0.0,0.0,0.0,0.0,0.0
2019-06-09 12:00:00,0.0,0,0.0,0.0,0.0,0.0,0.0,0.0,0.0,0.0,0.0,0.0
2019-06-09 12:15:00,0.0,0,0.0,0.0,0.0,0.0,0.0,0.0,0.0,0.0,0.0,0.0
2019-06-09 12:30:00,0.0,0,0.0,0.0,0.0,0.0,0.0,0.0,0.0,0.0,0.0,0.0
2019-06-09 12:45:00,0.0,0,0.0,0.0,0.0,0.0,0.0,0.0,0.0,0.0,0.0,0.0
2019-06-09 13:00:00,0.0,0,0.0,0.0,0.0,0.0,0.0,0.0,0.0,0.0,0.0,0.0
2019-06-09 13:15:00,0.0,0,0.0,0.0,0.0,0.0,0.0,0.0,0.0,0.0,0.0,0.0
2019-06-09 13:30:00,0.0,0,0.0,0.0,0.0,0.0,0.0,0.0,0.0,0.0,0.0,0.0
2019-06-09 13:45:00,0.0,0,0.0,0.0,0.0,0.0,0.0,0.0,0.0,0.0,0.0,0.0
2019-06-09 14:00:00,0.0,0,0.0,0.0,0.0,0.0,0.0,0.0,0.0,0.0,0.0,0.0
2019-06-09 14:15:00,0.0,0,0.0,0.0,0.0,0.0,0.0,0.0,0.0,0.0,0.0,0.0
2019-06-09 14:30:00,0.0,0,0.0,0.0,0.0,0.0,0.0,0.0,0.0,0.0,0.0,0.0
2019-06-09 14:45:00,0.0,0,0.0,0.0,0.0,0.0,0.0,0.0,0.0,0.0,0.0,0.0
2019-06-09 15:00:00,0.0,0,0.0,0.0,0.0,0.0,0.0,0.0,0.0,0.0,0.0,0.0
2019-06-09 15:15:00,0.0,0,0.0,0.0,0.0,0.0,0.0,0.0,0.0,0.0,0.0,0.0
2019-06-09 15:30:00,0.0,0,0.0,0.0,0.0,0.0,0.0,0.0,0.0,0.0,0.0,0.0
2019-06-09 15:45:00,0.0,0,0.0,0.0,0.0,0.0,0.0,0.0,0.0,0.0,0.0,0.0
2019-06-09 16:00:00,0.0,0,0.0,0.0,0.0,0.0,0.0,0.0,0.0,0.0,0.0,0.0
2019-06-09 16:15:00,0.0,0,0.0,0.0,0.0,0.0,0.0,0.0,0.0,0.0,0.0,0.0
2019-06-09 16:30:00,0.0,0,0.0,0.0,0.0,0.0,0.0,0.0,0.0,0.0,0.0,0.0
2019-06-09 16:45:00,0.0,0,0.0,0.0,0.0,0.0,0.0,0.0,0.0,0.0,0.0,0.0
2019-06-09 17:00:00,0.0,0,0.0,0.0,0.0,0.0,0.0,0.0,0.0,0.0,0.0,0.0
2019-06-09 17:15:00,0.0,0,0.0,0.0,0.0,0.0,0.0,0.0,0.0,0.0,0.0,0.0
2019-06-09 17:30:00,0.0,0,0.0,0.0,0.0,0.0,0.0,0.0,0.0,0.0,0.0,0.0
2019-06-09 17:45:00,0.0,0,0.0,0.0,0.0,0.0,0.0,0.0,0.0,0.0,0.0,0.0
2019-06-09 18:00:00,0.0,0,0.0,0.0,0.0,0.0,0.0,0.0,0.0,0.0,0.0,0.0
2019-06-09 18:15:00,0.0,0,0.0,0.0,0.0,0.0,0.0,0.0,0.0,0.0,0.0,0.0
2019-06-09 18:30:00,0.0,0,0.0,0.0,0.0,0.0,0.0,0.0,0.0,0.0,0.0,0.0
2019-06-09 18:45:00,0.0,0,0.0,0.0,0.0,0.0,0.0,0.0,0.0,0.0,0.0,0.0
2019-06-09 19:00:00,0.0,0,0.0,0.0,0.0,0.0,0.0,0.0,0.0,0.0,0.0,0.0
2019-06-09 19:15:00,0.0,0,0.0,0.0,0.0,0.0,0.0,0.0,0.0,0.0,0.0,0.0
2019-06-09 19:30:00,0.0,0,0.0,0.0,0.0,0.0,0.0,0.0,0.0,0.0,0.0,0.0
2019-06-09 19:45:00,0.0,0,0.0,0.0,0.0,0.0,0.0,0.0,0.0,0.0,0.0,0.0
2019-06-09 20:00:00,0.0,0,0.0,0.0,0.0,0.0,0.0,0.0,0.0,0.0,0.0,0.0
2019-06-09 20:15:00,0.0,0,0.0,0.0,0.0,0.0,0.0,0.0,0.0,0.0,0.0,0.0
2019-06-09 20:30:00,0.0,0,0.0,0.0,0.0,0.0,0.0,0.0,0.0,0.0,0.0,0.0
2019-06-09 20:45:00,0.0,0,0.0,0.0,0.0,0.0,0.0,0.0,0.0,0.0,0.0,0.0
2019-06-09 21:00:00,0.0,0,0.0,0.0,0.0,0.0,0.0,0.0,0.0,0.0,0.0,0.0
2019-06-09 21:15:00,0.007031,0,0.0,-0.007031,0.0,-0.007031,0.0,-0.007031,0.0,-0.007031,0.0,-0.007031
2019-06-09 21:30:00,0.0,0,0.0,0.0,0.0,0.0,0.0,0.0,0.0,0.0,0.0,0.0
2019-06-09 21:45:00,0.1125,0,0.0,-0.1125,0.0,-0.1125,0.0,-0.1125,0.0,-0.1125,0.0,-0.1125
2019-06-09 22:00:00,0.242578,0,0.0,-0.242578,0.0,-0.242578,0.0,-0.242578,0.0,-0.242578,0.0,-0.242578
2019-06-09 22:15:00,0.383203,0,0.0,-0.383203,0.0,-0.383203,0.0,-0.383203,0.0,-0.383203,0.0,-0.383203
2019-06-09 22:30:00,0.5625,0,0.0,-0.5625,0.0,-0.5625,0.0,-0.5625,0.0,-0.5625,0.0,-0.5625
2019-06-09 22:45:00,0.801562,0,0.0,-0.801562,0.0,-0.801562,0.0,-0.801562,0.0,-0.801562,0.0,-0.801562
2019-06-09 23:00:00,1.086328,0,0.0,-1.086328,0.0,-1.086328,0.0,-1.086328,0.0,-1.086328,0.0,-1.086328
2019-06-09 23:15:00,1.335938,0,0.0,-1.335938,0.0,-1.335938,0.0,-1.335938,0.0,-1.335938,0.0,-1.335938
2019-06-09 23:30:00,1.529297,0,0.0,-1.529297,0.0,-1.529297,0.0,-1.529297,0.0,-1.529297,0.0,-1.529297
2019-06-09 23:45:00,1.916016,0,0.0,-1.916016,0.0,-1.916016,0.0,-1.916016,0.0,-1.916016,0.0,-1.916016
2019-06-10 00:00:00,1.887891,0,0.0,-1.887891,0.0,-1.887891,0.0,-1.887891,0.0,-1.887891,0.0,-1.887891
2019-06-10 00:15:00,2.450391,0,0.0,-2.450391,0.0,-2.450391,0.0,-2.450391,0.0,-2.450391,0.0,-2.450391
2019-06-10 00:30:00,2.721094,0,0.0,-2.721094,0.0,-2.721094,0.0,-2.721094,0.0,-2.721094,0.0,-2.721094
2019-06-10 00:45:00,2.977734,0,0.0,-2.977734,0.0,-2.977734,0.0,-2.977734,0.0,-2.977734,0.0,-2.977734
2019-06-10 01:00:00,3.153516,0,0.0,-3.153516,0.0,-3.153516,0.0,-3.153516,0.0,-3.153516,0.0,-3.153516
2019-06-10 01:15:00,3.244922,0,0.0,-3.244922,0.0,-3.244922,0.0,-3.244922,0.0,-3.244922,0.0,-3.244922
2019-06-10 01:30:00,3.346875,0,0.0,-3.346875,0.0,-3.346875,0.0,-3.346875,0.0,-3.346875,0.0,-3.346875
2019-06-10 01:45:00,3.582422,0,0.0,-3.582422,0.0,-3.582422,0.0,-3.582422,0.0,-3.582422,0.0,-3.582422
2019-06-10 02:00:00,3.417187,0,0.0,-3.417187,0.0,-3.417187,0.0,-3.417187,0.0,-3.417187,0.0,-3.417187
2019-06-10 02:15:00,3.832031,0,0.0,-3.832031,0.0,-3.832031,0.0,-3.832031,0.0,-3.832031,0.0,-3.832031
2019-06-10 02:30:00,3.684375,0,0.0,-3.684375,0.0,-3.684375,0.0,-3.684375,0.0,-3.684375,0.0,-3.684375
2019-06-10 02:45:00,4.007812,0,0.0,-4.007812,0.0,-4.007812,0.0,-4.007812,0.0,-4.007812,0.0,-4.007812
2019-06-10 03:00:00,4.035937,0,0.0,-4.035937,0.0,-4.035937,0.0,-4.035937,0.0,-4.035937,0.0,-4.035937
2019-06-10 03:15:00,3.909375,0,0.0,-3.909375,0.0,-3.909375,0.0,-3.909375,0.0,-3.909375,0.0,-3.909375
2019-06-10 03:30:00,4.208203,0,0.0,-4.208203,0.0,-4.208203,0.0,-4.208203,0.0,-4.208203,0.0,-4.208203
2019-06-10 03:45:00,3.568359,0,0.0,-3.568359,0.0,-3.568359,0.0,-3.568359,0.0,-3.568359,0.0,-3.568359
2019-06-10 04:00:00,2.939062,0,0.0,-2.939062,0.0,-2.939062,0.0,-2.939062,0.0,-2.939062,0.0,-2.939062
2019-06-10 04:15:00,4.000781,0,0.0,-4.000781,0.0,-4.000781,0.0,-4.000781,0.0,-4.000781,0.0,-4.000781
2019-06-10 04:30:00,3.121875,0,0.0,-3.121875,0.0,-3.121875,0.0,-3.121875,0.0,-3.121875,0.0,-3.121875
2019-06-10 04:45:00,3.171094,0,0.0,-3.171094,0.0,-3.171094,0.0,-3.171094,0.0,-3.171094,0.0,-3.171094
2019-06-10 05:00:00,3.976172,0,0.0,-3.976172,0.0,-3.976172,0.0,-3.976172,0.0,-3.976172,0.0,-3.976172
2019-06-10 05:15:00,3.856641,0,0.0,-3.856641,0.0,-3.856641,0.0,-3.856641,0.0,-3.856641,0.0,-3.856641
2019-06-10 05:30:00,3.533203,0,0.0,-3.533203,0.0,-3.533203,0.0,-3.533203,0.0,-3.533203,0.0,-3.533203
2019-06-10 05:45:00,3.76875,0,0.0,-3.76875,0.0,-3.76875,0.0,-3.76875,0.0,-3.76875,0.0,-3.76875
2019-06-10 06:00:00,3.740625,1,4.294628580105713,0.554003580105713,3.910751,0.1701261043548583,3.884437,0.14381208419799796,3.8490813,0.10845627784728995,3.8362804169792106,0.09565541697921054
2019-06-10 06:15:00,3.462891,1,4.131942864038369,0.6690518640383694,3.7377577,0.274866682800293,3.6843004,0.2214094226684571,3.7128782,0.24998722723388678,3.715955529701422,0.253064529701422
2019-06-10 06:30:00,3.564844,1,4.2094847398899775,0.6446407398899776,3.7552984,0.19045437608337412,3.6396184,0.0747743967590333,3.6614504,0.09660638604736338,3.7368654281144247,0.17202142811442478
2019-06-10 06:45:00,3.002344,1,3.6607098312135324,0.6583658312135325,3.4790587,0.47671474252319346,3.4516222,0.44927824769592295,3.5053024,0.5029584291992188,3.5064395459372975,0.5040955459372976
2019-06-10 07:00:00,3.202734,1,3.535353415263824,0.332619415263824,3.4089952,0.20626115151977542,3.34888,0.14614605256652835,3.484938,0.2822039062652588,3.57224307193587,0.36950907193587
2019-06-10 07:15:00,3.241406,1,3.423152294199782,0.18174629419978183,3.3498971,0.10849114622497558,3.3823962,0.14099022116088866,3.3935146,0.15210863317871093,3.511545075007965,0.2701390750079651
2019-06-10 07:30:00,3.051562,1,3.150840481718495,0.09927848171849485,3.181341,0.12977893284606923,3.1059182,0.05435616902160634,3.1153607,0.06379873684692372,3.1267207700824082,0.07515877008240812
2019-06-10 07:45:00,2.900391,1,2.989129720463322,0.0887387204633221,3.0866244,0.18623338392639166,2.9775128,0.07712183645629889,2.9737577,0.07336674383544928,2.924102227019349,0.023711227019349135
2019-06-10 08:00:00,2.358984,1,2.6192145482069655,0.26023054820696556,2.604211,0.2452270919952393,2.5870233,0.22803925820922855,2.5459576,0.18697356530761722,2.6437326699310457,0.28474866993104575
2019-06-10 08:15:00,2.562891,1,2.48513251075465,-0.07775848924535023,2.4647944,-0.09809660264587405,2.5197644,-0.0431265766296387,2.434769,-0.12812208482360843,2.4177351242723435,-0.14515587572765654
2019-06-10 08:30:00,2.390625,1,2.45091548925733,0.06029048925732994,2.417962,0.027337074279785156,2.201407,-0.18921804428100586,2.2121809,-0.17844414710998535,2.3282825753975196,-0.062342424602480406
2019-06-10 08:45:00,2.091797,1,2.2473928344151384,0.15559583441513825,2.0415168,-0.050280219146728644,2.1923451,0.10054814236450182,2.0113456,-0.08045137507629407,2.1419987298717547,0.05020172987175453
2019-06-10 09:00:00,1.873828,1,1.9688322317996363,0.09500423179963624,1.747923,-0.1259049834518433,1.9019308,0.028102809020996045,1.7796379,-0.09419006722259526,1.8664493724442537,-0.007378627555746364
2019-06-10 09:15:00,1.599609,1,1.7325422770612617,0.13293327706126168,1.5633948,-0.036214215072631895,1.5576047,-0.04200432947540289,1.725467,0.12585796662902826,1.7071449525288367,0.10753595252883663
2019-06-10 09:30:00,1.321875,1,1.4628476585292225,0.14097265852922258,1.3749255,0.05305049419403085,1.3461568,0.024281835556030362,1.355522,0.03364703655242929,1.3310510985417585,0.009176098541758604
2019-06-10 09:45:00,1.082812,1,1.2345420510152416,0.1517300510152415,1.1338468,0.05103475979614247,1.1641085,0.0812965147857665,1.1692175,0.08640546730804433,1.19555074280649,0.11273874280648988
2019-06-10 10:00:00,0.819141,1,0.9052007456120914,0.0860597456120914,0.8717171,0.05257609537506103,0.99509007,0.1759490673866272,0.84534645,0.026205450805664054,1.0140463315701342,0.19490533157013423
2019-06-10 10:15:00,0.580078,1,0.6811176471781414,0.1010396471781414,0.67198664,0.09190863949966432,0.71605736,0.13597936017227175,0.77165073,0.19157273156356813,0.7145915043760683,0.13451350437606835
2019-06-10 10:30:00,0.376172,1,0.4764969575027992,0.10032495750279918,0.4577911,0.08161909001159667,0.52439475,0.14822275059509277,0.49860105,0.12242904918479919,0.49921911389541085,0.12304711389541084
2019-06-10 10:45:00,0.207422,1,0.2975515358687586,0.0901295358687586,0.27071518,0.06329317705917359,0.2984197,0.09099771397399903,0.31324303,0.10582103150177002,0.31003283908456114,0.10261083908456115
2019-06-10 11:00:00,0.101953,1,0.10674113783776251,0.00478813783776251,0.20405418,0.10210117680740356,0.11935595,0.017402946779251097,0.14029959,0.03834658844184875,0.17315815094378706,0.07120515094378706
2019-06-10 11:15:00,0.031641,0,0.0,-0.031641,0.0,-0.031641,0.0,-0.031641,0.0,-0.031641,0.0,-0.031641
2019-06-10 11:30:00,0.0,0,0.0,0.0,0.0,0.0,0.0,0.0,0.0,0.0,0.0,0.0
2019-06-10 11:45:00,0.0,0,0.0,0.0,0.0,0.0,0.0,0.0,0.0,0.0,0.0,0.0
2019-06-10 12:00:00,0.0,0,0.0,0.0,0.0,0.0,0.0,0.0,0.0,0.0,0.0,0.0
2019-06-10 12:15:00,0.0,0,0.0,0.0,0.0,0.0,0.0,0.0,0.0,0.0,0.0,0.0
2019-06-10 12:30:00,0.0,0,0.0,0.0,0.0,0.0,0.0,0.0,0.0,0.0,0.0,0.0
2019-06-10 12:45:00,0.0,0,0.0,0.0,0.0,0.0,0.0,0.0,0.0,0.0,0.0,0.0
2019-06-10 13:00:00,0.0,0,0.0,0.0,0.0,0.0,0.0,0.0,0.0,0.0,0.0,0.0
2019-06-10 13:15:00,0.0,0,0.0,0.0,0.0,0.0,0.0,0.0,0.0,0.0,0.0,0.0
2019-06-10 13:30:00,0.0,0,0.0,0.0,0.0,0.0,0.0,0.0,0.0,0.0,0.0,0.0
2019-06-10 13:45:00,0.0,0,0.0,0.0,0.0,0.0,0.0,0.0,0.0,0.0,0.0,0.0
2019-06-10 14:00:00,0.0,0,0.0,0.0,0.0,0.0,0.0,0.0,0.0,0.0,0.0,0.0
2019-06-10 14:15:00,0.0,0,0.0,0.0,0.0,0.0,0.0,0.0,0.0,0.0,0.0,0.0
2019-06-10 14:30:00,0.0,0,0.0,0.0,0.0,0.0,0.0,0.0,0.0,0.0,0.0,0.0
2019-06-10 14:45:00,0.0,0,0.0,0.0,0.0,0.0,0.0,0.0,0.0,0.0,0.0,0.0
2019-06-10 15:00:00,0.0,0,0.0,0.0,0.0,0.0,0.0,0.0,0.0,0.0,0.0,0.0
2019-06-10 15:15:00,0.0,0,0.0,0.0,0.0,0.0,0.0,0.0,0.0,0.0,0.0,0.0
2019-06-10 15:30:00,0.0,0,0.0,0.0,0.0,0.0,0.0,0.0,0.0,0.0,0.0,0.0
2019-06-10 15:45:00,0.0,0,0.0,0.0,0.0,0.0,0.0,0.0,0.0,0.0,0.0,0.0
2019-06-10 16:00:00,0.0,0,0.0,0.0,0.0,0.0,0.0,0.0,0.0,0.0,0.0,0.0
2019-06-10 16:15:00,0.0,0,0.0,0.0,0.0,0.0,0.0,0.0,0.0,0.0,0.0,0.0
2019-06-10 16:30:00,0.0,0,0.0,0.0,0.0,0.0,0.0,0.0,0.0,0.0,0.0,0.0
2019-06-10 16:45:00,0.0,0,0.0,0.0,0.0,0.0,0.0,0.0,0.0,0.0,0.0,0.0
2019-06-10 17:00:00,0.0,0,0.0,0.0,0.0,0.0,0.0,0.0,0.0,0.0,0.0,0.0
2019-06-10 17:15:00,0.0,0,0.0,0.0,0.0,0.0,0.0,0.0,0.0,0.0,0.0,0.0
2019-06-10 17:30:00,0.0,0,0.0,0.0,0.0,0.0,0.0,0.0,0.0,0.0,0.0,0.0
2019-06-10 17:45:00,0.0,0,0.0,0.0,0.0,0.0,0.0,0.0,0.0,0.0,0.0,0.0
2019-06-10 18:00:00,0.0,0,0.0,0.0,0.0,0.0,0.0,0.0,0.0,0.0,0.0,0.0
2019-06-10 18:15:00,0.0,0,0.0,0.0,0.0,0.0,0.0,0.0,0.0,0.0,0.0,0.0
2019-06-10 18:30:00,0.0,0,0.0,0.0,0.0,0.0,0.0,0.0,0.0,0.0,0.0,0.0
2019-06-10 18:45:00,0.0,0,0.0,0.0,0.0,0.0,0.0,0.0,0.0,0.0,0.0,0.0
2019-06-10 19:00:00,0.0,0,0.0,0.0,0.0,0.0,0.0,0.0,0.0,0.0,0.0,0.0
2019-06-10 19:15:00,0.0,0,0.0,0.0,0.0,0.0,0.0,0.0,0.0,0.0,0.0,0.0
2019-06-10 19:30:00,0.0,0,0.0,0.0,0.0,0.0,0.0,0.0,0.0,0.0,0.0,0.0
2019-06-10 19:45:00,0.0,0,0.0,0.0,0.0,0.0,0.0,0.0,0.0,0.0,0.0,0.0
2019-06-10 20:00:00,0.0,0,0.0,0.0,0.0,0.0,0.0,0.0,0.0,0.0,0.0,0.0
2019-06-10 20:15:00,0.0,0,0.0,0.0,0.0,0.0,0.0,0.0,0.0,0.0,0.0,0.0
2019-06-10 20:30:00,0.0,0,0.0,0.0,0.0,0.0,0.0,0.0,0.0,0.0,0.0,0.0
2019-06-10 20:45:00,0.0,0,0.0,0.0,0.0,0.0,0.0,0.0,0.0,0.0,0.0,0.0
2019-06-10 21:00:00,0.0,0,0.0,0.0,0.0,0.0,0.0,0.0,0.0,0.0,0.0,0.0
2019-06-10 21:15:00,0.0,0,0.0,0.0,0.0,0.0,0.0,0.0,0.0,0.0,0.0,0.0
2019-06-10 21:30:00,0.077344,0,0.0,-0.077344,0.0,-0.077344,0.0,-0.077344,0.0,-0.077344,0.0,-0.077344
2019-06-10 21:45:00,0.147656,0,0.0,-0.147656,0.0,-0.147656,0.0,-0.147656,0.0,-0.147656,0.0,-0.147656
2019-06-10 22:00:00,0.249609,0,0.0,-0.249609,0.0,-0.249609,0.0,-0.249609,0.0,-0.249609,0.0,-0.249609
2019-06-10 22:15:00,0.379687,0,0.0,-0.379687,0.0,-0.379687,0.0,-0.379687,0.0,-0.379687,0.0,-0.379687
2019-06-10 22:30:00,0.544922,0,0.0,-0.544922,0.0,-0.544922,0.0,-0.544922,0.0,-0.544922,0.0,-0.544922
2019-06-10 22:45:00,0.748828,0,0.0,-0.748828,0.0,-0.748828,0.0,-0.748828,0.0,-0.748828,0.0,-0.748828
2019-06-10 23:00:00,0.994922,0,0.0,-0.994922,0.0,-0.994922,0.0,-0.994922,0.0,-0.994922,0.0,-0.994922
2019-06-10 23:15:00,1.244531,0,0.0,-1.244531,0.0,-1.244531,0.0,-1.244531,0.0,-1.244531,0.0,-1.244531
2019-06-10 23:30:00,1.515234,0,0.0,-1.515234,0.0,-1.515234,0.0,-1.515234,0.0,-1.515234,0.0,-1.515234
2019-06-10 23:45:00,1.792969,0,0.0,-1.792969,0.0,-1.792969,0.0,-1.792969,0.0,-1.792969,0.0,-1.792969
2019-06-11 00:00:00,2.042578,0,0.0,-2.042578,0.0,-2.042578,0.0,-2.042578,0.0,-2.042578,0.0,-2.042578
2019-06-11 00:15:00,2.281641,0,0.0,-2.281641,0.0,-2.281641,0.0,-2.281641,0.0,-2.281641,0.0,-2.281641
2019-06-11 00:30:00,2.510156,0,0.0,-2.510156,0.0,-2.510156,0.0,-2.510156,0.0,-2.510156,0.0,-2.510156
2019-06-11 00:45:00,2.731641,0,0.0,-2.731641,0.0,-2.731641,0.0,-2.731641,0.0,-2.731641,0.0,-2.731641
2019-06-11 01:00:00,2.974219,0,0.0,-2.974219,0.0,-2.974219,0.0,-2.974219,0.0,-2.974219,0.0,-2.974219
2019-06-11 01:15:00,3.142969,0,0.0,-3.142969,0.0,-3.142969,0.0,-3.142969,0.0,-3.142969,0.0,-3.142969
2019-06-11 01:30:00,3.325781,0,0.0,-3.325781,0.0,-3.325781,0.0,-3.325781,0.0,-3.325781,0.0,-3.325781
2019-06-11 01:45:00,3.441797,0,0.0,-3.441797,0.0,-3.441797,0.0,-3.441797,0.0,-3.441797,0.0,-3.441797
2019-06-11 02:00:00,3.603516,0,0.0,-3.603516,0.0,-3.603516,0.0,-3.603516,0.0,-3.603516,0.0,-3.603516
2019-06-11 02:15:00,3.63164,0,0.0,-3.63164,0.0,-3.63164,0.0,-3.63164,0.0,-3.63164,0.0,-3.63164
2019-06-11 02:30:00,3.716016,0,0.0,-3.716016,0.0,-3.716016,0.0,-3.716016,0.0,-3.716016,0.0,-3.716016
2019-06-11 02:45:00,3.747656,0,0.0,-3.747656,0.0,-3.747656,0.0,-3.747656,0.0,-3.747656,0.0,-3.747656
2019-06-11 03:00:00,3.684375,0,0.0,-3.684375,0.0,-3.684375,0.0,-3.684375,0.0,-3.684375,0.0,-3.684375
2019-06-11 03:15:00,3.670312,0,0.0,-3.670312,0.0,-3.670312,0.0,-3.670312,0.0,-3.670312,0.0,-3.670312
2019-06-11 03:30:00,3.7125,0,0.0,-3.7125,0.0,-3.7125,0.0,-3.7125,0.0,-3.7125,0.0,-3.7125
2019-06-11 03:45:00,3.663281,0,0.0,-3.663281,0.0,-3.663281,0.0,-3.663281,0.0,-3.663281,0.0,-3.663281
2019-06-11 04:00:00,3.522656,0,0.0,-3.522656,0.0,-3.522656,0.0,-3.522656,0.0,-3.522656,0.0,-3.522656
2019-06-11 04:15:00,3.747656,0,0.0,-3.747656,0.0,-3.747656,0.0,-3.747656,0.0,-3.747656,0.0,-3.747656
2019-06-11 04:30:00,3.617578,0,0.0,-3.617578,0.0,-3.617578,0.0,-3.617578,0.0,-3.617578,0.0,-3.617578
2019-06-11 04:45:00,3.701953,0,0.0,-3.701953,0.0,-3.701953,0.0,-3.701953,0.0,-3.701953,0.0,-3.701953
2019-06-11 05:00:00,3.635156,0,0.0,-3.635156,0.0,-3.635156,0.0,-3.635156,0.0,-3.635156,0.0,-3.635156
2019-06-11 05:15:00,3.607031,0,0.0,-3.607031,0.0,-3.607031,0.0,-3.607031,0.0,-3.607031,0.0,-3.607031
2019-06-11 05:30:00,3.582422,0,0.0,-3.582422,0.0,-3.582422,0.0,-3.582422,0.0,-3.582422,0.0,-3.582422
2019-06-11 05:45:00,3.645703,0,0.0,-3.645703,0.0,-3.645703,0.0,-3.645703,0.0,-3.645703,0.0,-3.645703
2019-06-11 06:00:00,3.389062,1,3.7710499415196628,0.38198794151966275,3.523881,0.1348189585571289,3.438819,0.049756931579589825,3.4901137,0.10105173519897459,3.530448938354821,0.1413869383548212
2019-06-11 06:15:00,3.417187,1,3.7299809089909663,0.31279390899096615,3.531949,0.11476204327392558,3.4165816,-0.0006053692932130872,3.5471663,0.1299793475036619,3.5033950803193137,0.08620808031931348
2019-06-11 06:30:00,3.174609,1,3.7467997199449297,0.5721907199449299,3.5842981,0.40968913385009786,3.4628236,0.28821462937927267,3.5096827,0.33507365533447286,3.508452411281532,0.3338434112815323
2019-06-11 06:45:00,3.128906,1,3.388549351534765,0.2596433515347649,3.3144934,0.18558741773986798,3.232129,0.1032230969848631,3.2412019,0.11229587759399395,3.238622819390354,0.10971681939035394
2019-06-11 07:00:00,3.132422,1,3.315857792875243,0.18343579287524303,3.3752484,0.2428264321594238,3.1924212,0.05999919789123531,3.25225,0.1198279561309814,3.3806139155396835,0.24819191553968345
2019-06-11 07:15:00,3.09375,1,3.167285779511915,0.07353577951191514,3.1383765,0.044626474380493164,3.0848088,-0.008941173553466797,3.0755076,-0.018242359161376953,3.1142631584235683,0.020513158423568267
2019-06-11 07:30:00,2.925,1,2.927463457736599,0.002463457736599395,3.0683427,0.14334268569946307,2.9310908,0.0060908317565919745,3.010415,0.08541507720947283,2.8778636227659407,-0.04713637723405917
2019-06-11 07:45:00,2.513672,1,2.6118680662745737,0.09819606627457356,2.8205361,0.30686413662719714,2.4198864,-0.09378564936828626,2.7076864,0.19401442425537097,2.5540749025435123,0.0404029025435122
2019-06-11 08:00:00,1.437891,1,1.5896038652961202,0.15171286529612016,1.6512451,0.21335411718749997,1.4567859,0.018894917282104462,1.6589043,0.22101331404113767,1.7225508977783213,0.28465989777832124
2019-06-11 08:15:00,2.5875,1,2.4402173060958576,-0.14728269390414228,2.5417964,-0.045703554153442294,2.5291815,-0.05831851959228507,2.3964186,-0.19108142852783194,2.3848836353838756,-0.2026163646161243
2019-06-11 08:30:00,2.390625,1,2.4141463941362193,0.023521394136219342,2.5220258,0.13140082359313965,2.415368,0.024743080139160156,2.3037548,-0.08687019348144531,2.35749782170993,-0.03312717829007017
2019-06-11 08:45:00,1.905469,1,2.1012772103563093,0.19580821035630924,2.0173278,0.11185878549194328,1.9475373,0.04206830297088615,1.9092731,0.003804147583007733,1.9674228952361483,0.06195389523614825
2019-06-11 09:00:00,1.655859,1,1.7093259844118682,0.05346698441186826,1.8443854,0.1885263855133057,1.7585043,0.10264527150726321,1.7514222,0.09556316682434085,1.752928485588499,0.09706948558849904
2019-06-11 09:15:00,1.188281,1,1.254300772933722,0.06601977293372219,1.2483242,0.0600431558074952,1.2401181,0.05183714594268807,1.2911239,0.10284286703491219,1.3133296617647248,0.12504866176472484
2019-06-11 09:30:00,0.882422,1,0.9724960038280285,0.09007400382802844,0.9950289,0.1126069130210876,0.9770237,0.09460172074127193,0.9685596,0.08613762276458736,1.0062029239566648,0.12378092395666473
2019-06-11 09:45:00,0.646875,1,0.7199402043045007,0.0730652043045007,0.7006047,0.053729677200317405,0.6740462,0.027171218395233177,0.72328633,0.07641133069992068,0.7535433803191682,0.10666838031916825
2019-06-11 10:00:00,0.762891,1,0.7797489361700177,0.01685793617001774,0.8015338,0.038642818244934096,0.7915674,0.028676385196685805,0.8569066,0.09401559284591676,0.869523706727596,0.10663270672759606
2019-06-11 10:15:00,0.439453,1,0.4868388621650781,0.04738586216507812,0.48308665,0.04363364560317995,0.4960702,0.05661720616531374,0.5064074,0.06695438010406496,0.5270641366892067,0.08761113668920673
2019-06-11 10:30:00,0.284766,1,0.32682484691341673,0.042058846913416714,0.33003396,0.045267957958221416,0.29454985,0.00978385260963438,0.32371053,0.03894453099632261,0.3418090923780788,0.05704309237807881
2019-06-11 10:45:00,0.189844,1,0.22085330363179456,0.03100930363179455,0.20754725,0.017703247409820544,0.20785293,0.018008929830551135,0.18639757,-0.003446432608604444,0.2317257125003244,0.04188171250032438
2019-06-11 11:00:00,0.0,1,0.03847551442068409,0.03847551442068409,0.0607814,0.06078140065073967,0.075039975,0.07503997534513474,0.052615993,0.05261599272489548,0.048348992014800786,0.048348992014800786
2019-06-11 11:15:00,0.0,0,0.0,0.0,0.0,0.0,0.0,0.0,0.0,0.0,0.0,0.0
2019-06-11 11:30:00,0.0,0,0.0,0.0,0.0,0.0,0.0,0.0,0.0,0.0,0.0,0.0
2019-06-11 11:45:00,0.0,0,0.0,0.0,0.0,0.0,0.0,0.0,0.0,0.0,0.0,0.0
2019-06-11 12:00:00,0.0,0,0.0,0.0,0.0,0.0,0.0,0.0,0.0,0.0,0.0,0.0
2019-06-11 12:15:00,0.0,0,0.0,0.0,0.0,0.0,0.0,0.0,0.0,0.0,0.0,0.0
2019-06-11 12:30:00,0.0,0,0.0,0.0,0.0,0.0,0.0,0.0,0.0,0.0,0.0,0.0
2019-06-11 12:45:00,0.0,0,0.0,0.0,0.0,0.0,0.0,0.0,0.0,0.0,0.0,0.0
2019-06-11 13:00:00,0.0,0,0.0,0.0,0.0,0.0,0.0,0.0,0.0,0.0,0.0,0.0
2019-06-11 13:15:00,0.0,0,0.0,0.0,0.0,0.0,0.0,0.0,0.0,0.0,0.0,0.0
2019-06-11 13:30:00,0.0,0,0.0,0.0,0.0,0.0,0.0,0.0,0.0,0.0,0.0,0.0
2019-06-11 13:45:00,0.0,0,0.0,0.0,0.0,0.0,0.0,0.0,0.0,0.0,0.0,0.0
2019-06-11 14:00:00,0.0,0,0.0,0.0,0.0,0.0,0.0,0.0,0.0,0.0,0.0,0.0
2019-06-11 14:15:00,0.0,0,0.0,0.0,0.0,0.0,0.0,0.0,0.0,0.0,0.0,0.0
2019-06-11 14:30:00,0.0,0,0.0,0.0,0.0,0.0,0.0,0.0,0.0,0.0,0.0,0.0
2019-06-11 14:45:00,0.0,0,0.0,0.0,0.0,0.0,0.0,0.0,0.0,0.0,0.0,0.0
2019-06-11 15:00:00,0.0,0,0.0,0.0,0.0,0.0,0.0,0.0,0.0,0.0,0.0,0.0
2019-06-11 15:15:00,0.0,0,0.0,0.0,0.0,0.0,0.0,0.0,0.0,0.0,0.0,0.0
2019-06-11 15:30:00,0.0,0,0.0,0.0,0.0,0.0,0.0,0.0,0.0,0.0,0.0,0.0
2019-06-11 15:45:00,0.0,0,0.0,0.0,0.0,0.0,0.0,0.0,0.0,0.0,0.0,0.0
2019-06-11 16:00:00,0.0,0,0.0,0.0,0.0,0.0,0.0,0.0,0.0,0.0,0.0,0.0
2019-06-11 16:15:00,0.0,0,0.0,0.0,0.0,0.0,0.0,0.0,0.0,0.0,0.0,0.0
2019-06-11 16:30:00,0.0,0,0.0,0.0,0.0,0.0,0.0,0.0,0.0,0.0,0.0,0.0
2019-06-11 16:45:00,0.0,0,0.0,0.0,0.0,0.0,0.0,0.0,0.0,0.0,0.0,0.0
2019-06-11 17:00:00,0.0,0,0.0,0.0,0.0,0.0,0.0,0.0,0.0,0.0,0.0,0.0
2019-06-11 17:15:00,0.0,0,0.0,0.0,0.0,0.0,0.0,0.0,0.0,0.0,0.0,0.0
2019-06-11 17:30:00,0.0,0,0.0,0.0,0.0,0.0,0.0,0.0,0.0,0.0,0.0,0.0
2019-06-11 17:45:00,0.0,0,0.0,0.0,0.0,0.0,0.0,0.0,0.0,0.0,0.0,0.0
2019-06-11 18:00:00,0.0,0,0.0,0.0,0.0,0.0,0.0,0.0,0.0,0.0,0.0,0.0
2019-06-11 18:15:00,0.0,0,0.0,0.0,0.0,0.0,0.0,0.0,0.0,0.0,0.0,0.0
2019-06-11 18:30:00,0.0,0,0.0,0.0,0.0,0.0,0.0,0.0,0.0,0.0,0.0,0.0
2019-06-11 18:45:00,0.0,0,0.0,0.0,0.0,0.0,0.0,0.0,0.0,0.0,0.0,0.0
2019-06-11 19:00:00,0.0,0,0.0,0.0,0.0,0.0,0.0,0.0,0.0,0.0,0.0,0.0
2019-06-11 19:15:00,0.0,0,0.0,0.0,0.0,0.0,0.0,0.0,0.0,0.0,0.0,0.0
2019-06-11 19:30:00,0.0,0,0.0,0.0,0.0,0.0,0.0,0.0,0.0,0.0,0.0,0.0
2019-06-11 19:45:00,0.0,0,0.0,0.0,0.0,0.0,0.0,0.0,0.0,0.0,0.0,0.0
2019-06-11 20:00:00,0.0,0,0.0,0.0,0.0,0.0,0.0,0.0,0.0,0.0,0.0,0.0
2019-06-11 20:15:00,0.0,0,0.0,0.0,0.0,0.0,0.0,0.0,0.0,0.0,0.0,0.0
2019-06-11 20:30:00,0.0,0,0.0,0.0,0.0,0.0,0.0,0.0,0.0,0.0,0.0,0.0
2019-06-11 20:45:00,0.0,0,0.0,0.0,0.0,0.0,0.0,0.0,0.0,0.0,0.0,0.0
2019-06-11 21:00:00,0.0,0,0.0,0.0,0.0,0.0,0.0,0.0,0.0,0.0,0.0,0.0
2019-06-11 21:15:00,0.0,0,0.0,0.0,0.0,0.0,0.0,0.0,0.0,0.0,0.0,0.0
2019-06-11 21:30:00,0.0,0,0.0,0.0,0.0,0.0,0.0,0.0,0.0,0.0,0.0,0.0
2019-06-11 21:45:00,0.035156,0,0.0,-0.035156,0.0,-0.035156,0.0,-0.035156,0.0,-0.035156,0.0,-0.035156
2019-06-11 22:00:00,0.158203,0,0.0,-0.158203,0.0,-0.158203,0.0,-0.158203,0.0,-0.158203,0.0,-0.158203
2019-06-11 22:15:00,0.207422,0,0.0,-0.207422,0.0,-0.207422,0.0,-0.207422,0.0,-0.207422,0.0,-0.207422
2019-06-11 22:30:00,0.277734,0,0.0,-0.277734,0.0,-0.277734,0.0,-0.277734,0.0,-0.277734,0.0,-0.277734
2019-06-11 22:45:00,0.499219,0,0.0,-0.499219,0.0,-0.499219,0.0,-0.499219,0.0,-0.499219,0.0,-0.499219
2019-06-11 23:00:00,0.791016,0,0.0,-0.791016,0.0,-0.791016,0.0,-0.791016,0.0,-0.791016,0.0,-0.791016
2019-06-11 23:15:00,1.086328,0,0.0,-1.086328,0.0,-1.086328,0.0,-1.086328,0.0,-1.086328,0.0,-1.086328
2019-06-11 23:30:00,1.142578,0,0.0,-1.142578,0.0,-1.142578,0.0,-1.142578,0.0,-1.142578,0.0,-1.142578
2019-06-11 23:45:00,1.490625,0,0.0,-1.490625,0.0,-1.490625,0.0,-1.490625,0.0,-1.490625,0.0,-1.490625
2019-06-12 00:00:00,1.754297,0,0.0,-1.754297,0.0,-1.754297,0.0,-1.754297,0.0,-1.754297,0.0,-1.754297
2019-06-12 00:15:00,2.049609,0,0.0,-2.049609,0.0,-2.049609,0.0,-2.049609,0.0,-2.049609,0.0,-2.049609
2019-06-12 00:30:00,1.894922,0,0.0,-1.894922,0.0,-1.894922,0.0,-1.894922,0.0,-1.894922,0.0,-1.894922
2019-06-12 00:45:00,1.110937,0,0.0,-1.110937,0.0,-1.110937,0.0,-1.110937,0.0,-1.110937,0.0,-1.110937
2019-06-12 01:00:00,1.437891,0,0.0,-1.437891,0.0,-1.437891,0.0,-1.437891,0.0,-1.437891,0.0,-1.437891
2019-06-12 01:15:00,1.458984,0,0.0,-1.458984,0.0,-1.458984,0.0,-1.458984,0.0,-1.458984,0.0,-1.458984
2019-06-12 01:30:00,1.413281,0,0.0,-1.413281,0.0,-1.413281,0.0,-1.413281,0.0,-1.413281,0.0,-1.413281
2019-06-12 01:45:00,1.501172,0,0.0,-1.501172,0.0,-1.501172,0.0,-1.501172,0.0,-1.501172,0.0,-1.501172
2019-06-12 02:00:00,1.501172,0,0.0,-1.501172,0.0,-1.501172,0.0,-1.501172,0.0,-1.501172,0.0,-1.501172
2019-06-12 02:15:00,1.905469,0,0.0,-1.905469,0.0,-1.905469,0.0,-1.905469,0.0,-1.905469,0.0,-1.905469
2019-06-12 02:30:00,1.891406,0,0.0,-1.891406,0.0,-1.891406,0.0,-1.891406,0.0,-1.891406,0.0,-1.891406
2019-06-12 02:45:00,1.8,0,0.0,-1.8,0.0,-1.8,0.0,-1.8,0.0,-1.8,0.0,-1.8
2019-06-12 03:00:00,1.764844,0,0.0,-1.764844,0.0,-1.764844,0.0,-1.764844,0.0,-1.764844,0.0,-1.764844
2019-06-12 03:15:00,1.849219,0,0.0,-1.849219,0.0,-1.849219,0.0,-1.849219,0.0,-1.849219,0.0,-1.849219
2019-06-12 03:30:00,2.049609,0,0.0,-2.049609,0.0,-2.049609,0.0,-2.049609,0.0,-2.049609,0.0,-2.049609
2019-06-12 03:45:00,1.916016,0,0.0,-1.916016,0.0,-1.916016,0.0,-1.916016,0.0,-1.916016,0.0,-1.916016
2019-06-12 04:00:00,1.930078,0,0.0,-1.930078,0.0,-1.930078,0.0,-1.930078,0.0,-1.930078,0.0,-1.930078
2019-06-12 04:15:00,2.232422,0,0.0,-2.232422,0.0,-2.232422,0.0,-2.232422,0.0,-2.232422,0.0,-2.232422
2019-06-12 04:30:00,3.691406,0,0.0,-3.691406,0.0,-3.691406,0.0,-3.691406,0.0,-3.691406,0.0,-3.691406
2019-06-12 04:45:00,3.287109,0,0.0,-3.287109,0.0,-3.287109,0.0,-3.287109,0.0,-3.287109,0.0,-3.287109
2019-06-12 05:00:00,2.721094,0,0.0,-2.721094,0.0,-2.721094,0.0,-2.721094,0.0,-2.721094,0.0,-2.721094
2019-06-12 05:15:00,2.098828,0,0.0,-2.098828,0.0,-2.098828,0.0,-2.098828,0.0,-2.098828,0.0,-2.098828
2019-06-12 05:30:00,2.014453,0,0.0,-2.014453,0.0,-2.014453,0.0,-2.014453,0.0,-2.014453,0.0,-2.014453
2019-06-12 05:45:00,1.708594,0,0.0,-1.708594,0.0,-1.708594,0.0,-1.708594,0.0,-1.708594,0.0,-1.708594
2019-06-12 06:00:00,1.891406,1,1.9438976443598126,0.052491644359812684,1.8659942,-0.02541178498840324,1.8830568,-0.00834924016571037,1.7752643,-0.11614173684692375,1.772738636462921,-0.11866736353707896
2019-06-12 06:15:00,3.779297,1,3.6860643392485475,-0.09323266075145265,3.5277655,-0.25153148753356946,3.018413,-0.7608839331359865,3.0074277,-0.77186930758667,3.49383572740384,-0.28546127259616005
2019-06-12 06:30:00,3.367969,1,3.4987662242527735,0.13079722425277351,3.3602428,-0.007726156372070303,2.8746395,-0.49332948889160155,3.0408418,-0.32712718214416503,3.3564484230158724,-0.011520576984127562
2019-06-12 06:45:00,3.578906,1,3.5928376877916346,0.013931687791634673,3.4935956,-0.08531039987182609,2.84879,-0.730116069656372,2.947018,-0.6318880919036864,3.4454367253762253,-0.13346927462377467
2019-06-12 07:00:00,2.3625,1,2.4943668129395524,0.1318668129395526,2.5525465,0.19004650115966815,2.5212805,0.15878052711486834,2.4779828,0.11548275947570819,2.7217388208454762,0.3592388208454764
2019-06-12 07:15:00,3.195703,1,2.9797768171997223,-0.21592618280027764,3.0982342,-0.09746882336425777,3.1253939,-0.07030913250732418,3.0231218,-0.17258116619873043,3.0627939740518206,-0.13290902594817933
2019-06-12 07:30:00,3.016406,1,2.8660583248707843,-0.15034767512921565,2.9607568,-0.055649221282958905,2.8243842,-0.19202178750610344,2.861359,-0.15504711900329582,2.8846698299249582,-0.13173617007504168
2019-06-12 07:45:00,3.114844,1,2.8469897721793123,-0.2678542278206879,2.9533489,-0.1614951249542238,2.7771885,-0.3376554604949953,2.853528,-0.2613159772338869,2.8694728260349915,-0.24537117396500863
2019-06-12 08:00:00,2.844141,1,2.645181970405723,-0.19895902959427714,2.8667848,0.02264381101989743,2.738658,-0.10548304864501956,2.7281382,-0.1160027916107178,2.7912374494728156,-0.05290355052718443
2019-06-12 08:15:00,1.676953,1,1.65124583478968,-0.025707165210320015,1.5965809,-0.08037213700103751,1.5724599,-0.10449306385803214,1.7112917,0.034338670799255455,1.689783589759003,0.012830589759003086
2019-06-12 08:30:00,1.047656,1,1.055955647003949,0.00829964700394914,1.0073614,-0.04029458795166008,1.2488909,0.2012348767700196,1.2891763,0.24152034487152108,1.2748336837725083,0.22717768377250835
2019-06-12 08:45:00,1.072266,1,1.1231975129507232,0.05093151295072329,1.1878234,0.11555741480255133,1.2732428,0.20097683123016363,1.174,0.10173402479553229,1.2182472542686356,0.14598125426863562
2019-06-12 09:00:00,0.801562,1,0.7665464942290658,-0.03501550577093415,0.7362218,-0.0653402096862793,0.8310939,0.02953190735626221,0.7990164,-0.0025455839271545377,0.7876756562275097,-0.013886343772490317
2019-06-12 09:15:00,0.675,1,0.6394712265425456,-0.03552877345745442,0.6304995,-0.04450051784515385,0.64203376,-0.03296624422073369,0.662482,-0.012517976760864302,0.6565906154508971,-0.018409384549102903
2019-06-12 09:30:00,0.699609,1,0.6536534728359208,-0.045955527164079246,0.6722065,-0.027402478965759314,0.67068666,-0.028922337802887,0.7122042,0.012595217910766565,0.6653256582533126,-0.03428334174668746
2019-06-12 09:45:00,0.544922,1,0.530973920184404,-0.013948079815595982,0.48372552,-0.06119648201179506,0.5108911,-0.03403092009735109,0.52882993,-0.016092067787170428,0.5408035486254021,-0.004118451374597876
2019-06-12 10:00:00,0.439453,1,0.3785604858811752,-0.06089251411882479,0.35976198,-0.07969101684379576,0.39289364,-0.04655935781288145,0.39637655,-0.043076449802398664,0.43302632284964737,-0.006426677150352611
2019-06-12 10:15:00,0.312891,1,0.2850613296572784,-0.027829670342721602,0.30032295,-0.012568050113677953,0.30890796,-0.003983044115066503,0.3124401,-0.0004509026679992423,0.33219402247356444,0.01930302247356447
2019-06-12 10:30:00,0.217969,1,0.22042345573205346,0.0024544557320534677,0.1869888,-0.030980199235916134,0.20922484,-0.008744164961814876,0.20210056,-0.01586843993091583,0.22591075935417645,0.007941759354176459
2019-06-12 10:45:00,0.140625,1,0.1562981073973171,0.015673107397317088,0.097862914,-0.04276208579540253,0.13485993,-0.005765065550804138,0.12223211,-0.018392890691757202,0.1501110134941142,0.00948601349411421
2019-06-12 11:00:00,0.024609,1,0.04558171981470971,0.02097271981470971,0.060686853,0.03607785278296471,0.07996803,0.05535902777051926,0.035467364,0.01085836389398575,0.05072241831518396,0.02611341831518396
2019-06-12 11:15:00,0.0,0,0.0,0.0,0.0,0.0,0.0,0.0,0.0,0.0,0.0,0.0
2019-06-12 11:30:00,0.0,0,0.0,0.0,0.0,0.0,0.0,0.0,0.0,0.0,0.0,0.0
2019-06-12 11:45:00,0.0,0,0.0,0.0,0.0,0.0,0.0,0.0,0.0,0.0,0.0,0.0
2019-06-12 12:00:00,0.0,0,0.0,0.0,0.0,0.0,0.0,0.0,0.0,0.0,0.0,0.0
2019-06-12 12:15:00,0.0,0,0.0,0.0,0.0,0.0,0.0,0.0,0.0,0.0,0.0,0.0
2019-06-12 12:30:00,0.0,0,0.0,0.0,0.0,0.0,0.0,0.0,0.0,0.0,0.0,0.0
2019-06-12 12:45:00,0.0,0,0.0,0.0,0.0,0.0,0.0,0.0,0.0,0.0,0.0,0.0
2019-06-12 13:00:00,0.0,0,0.0,0.0,0.0,0.0,0.0,0.0,0.0,0.0,0.0,0.0
2019-06-12 13:15:00,0.0,0,0.0,0.0,0.0,0.0,0.0,0.0,0.0,0.0,0.0,0.0
2019-06-12 13:30:00,0.0,0,0.0,0.0,0.0,0.0,0.0,0.0,0.0,0.0,0.0,0.0
2019-06-12 13:45:00,0.0,0,0.0,0.0,0.0,0.0,0.0,0.0,0.0,0.0,0.0,0.0
2019-06-12 14:00:00,0.0,0,0.0,0.0,0.0,0.0,0.0,0.0,0.0,0.0,0.0,0.0
2019-06-12 14:15:00,0.0,0,0.0,0.0,0.0,0.0,0.0,0.0,0.0,0.0,0.0,0.0
2019-06-12 14:30:00,0.0,0,0.0,0.0,0.0,0.0,0.0,0.0,0.0,0.0,0.0,0.0
2019-06-12 14:45:00,0.0,0,0.0,0.0,0.0,0.0,0.0,0.0,0.0,0.0,0.0,0.0
2019-06-12 15:00:00,0.0,0,0.0,0.0,0.0,0.0,0.0,0.0,0.0,0.0,0.0,0.0
2019-06-12 15:15:00,0.0,0,0.0,0.0,0.0,0.0,0.0,0.0,0.0,0.0,0.0,0.0
2019-06-12 15:30:00,0.0,0,0.0,0.0,0.0,0.0,0.0,0.0,0.0,0.0,0.0,0.0
2019-06-12 15:45:00,0.0,0,0.0,0.0,0.0,0.0,0.0,0.0,0.0,0.0,0.0,0.0
2019-06-12 16:00:00,0.0,0,0.0,0.0,0.0,0.0,0.0,0.0,0.0,0.0,0.0,0.0
2019-06-12 16:15:00,0.0,0,0.0,0.0,0.0,0.0,0.0,0.0,0.0,0.0,0.0,0.0
2019-06-12 16:30:00,0.0,0,0.0,0.0,0.0,0.0,0.0,0.0,0.0,0.0,0.0,0.0
2019-06-12 16:45:00,0.0,0,0.0,0.0,0.0,0.0,0.0,0.0,0.0,0.0,0.0,0.0
2019-06-12 17:00:00,0.0,0,0.0,0.0,0.0,0.0,0.0,0.0,0.0,0.0,0.0,0.0
2019-06-12 17:15:00,0.0,0,0.0,0.0,0.0,0.0,0.0,0.0,0.0,0.0,0.0,0.0
2019-06-12 17:30:00,0.0,0,0.0,0.0,0.0,0.0,0.0,0.0,0.0,0.0,0.0,0.0
2019-06-12 17:45:00,0.0,0,0.0,0.0,0.0,0.0,0.0,0.0,0.0,0.0,0.0,0.0
2019-06-12 18:00:00,0.0,0,0.0,0.0,0.0,0.0,0.0,0.0,0.0,0.0,0.0,0.0
2019-06-12 18:15:00,0.0,0,0.0,0.0,0.0,0.0,0.0,0.0,0.0,0.0,0.0,0.0
2019-06-12 18:30:00,0.0,0,0.0,0.0,0.0,0.0,0.0,0.0,0.0,0.0,0.0,0.0
2019-06-12 18:45:00,0.0,0,0.0,0.0,0.0,0.0,0.0,0.0,0.0,0.0,0.0,0.0
2019-06-12 19:00:00,0.0,0,0.0,0.0,0.0,0.0,0.0,0.0,0.0,0.0,0.0,0.0
2019-06-12 19:15:00,0.0,0,0.0,0.0,0.0,0.0,0.0,0.0,0.0,0.0,0.0,0.0
2019-06-12 19:30:00,0.0,0,0.0,0.0,0.0,0.0,0.0,0.0,0.0,0.0,0.0,0.0
2019-06-12 19:45:00,0.0,0,0.0,0.0,0.0,0.0,0.0,0.0,0.0,0.0,0.0,0.0
2019-06-12 20:00:00,0.0,0,0.0,0.0,0.0,0.0,0.0,0.0,0.0,0.0,0.0,0.0
2019-06-12 20:15:00,0.0,0,0.0,0.0,0.0,0.0,0.0,0.0,0.0,0.0,0.0,0.0
2019-06-12 20:30:00,0.0,0,0.0,0.0,0.0,0.0,0.0,0.0,0.0,0.0,0.0,0.0
2019-06-12 20:45:00,0.0,0,0.0,0.0,0.0,0.0,0.0,0.0,0.0,0.0,0.0,0.0
2019-06-12 21:00:00,0.0,0,0.0,0.0,0.0,0.0,0.0,0.0,0.0,0.0,0.0,0.0
2019-06-12 21:15:00,0.014062,0,0.0,-0.014062,0.0,-0.014062,0.0,-0.014062,0.0,-0.014062,0.0,-0.014062
2019-06-12 21:30:00,0.175781,0,0.0,-0.175781,0.0,-0.175781,0.0,-0.175781,0.0,-0.175781,0.0,-0.175781
2019-06-12 21:45:00,0.379687,0,0.0,-0.379687,0.0,-0.379687,0.0,-0.379687,0.0,-0.379687,0.0,-0.379687
2019-06-12 22:00:00,0.569531,0,0.0,-0.569531,0.0,-0.569531,0.0,-0.569531,0.0,-0.569531,0.0,-0.569531
2019-06-12 22:15:00,0.611719,0,0.0,-0.611719,0.0,-0.611719,0.0,-0.611719,0.0,-0.611719,0.0,-0.611719
2019-06-12 22:30:00,0.569531,0,0.0,-0.569531,0.0,-0.569531,0.0,-0.569531,0.0,-0.569531,0.0,-0.569531
2019-06-12 22:45:00,0.580078,0,0.0,-0.580078,0.0,-0.580078,0.0,-0.580078,0.0,-0.580078,0.0,-0.580078
2019-06-12 23:00:00,0.569531,0,0.0,-0.569531,0.0,-0.569531,0.0,-0.569531,0.0,-0.569531,0.0,-0.569531
2019-06-12 23:15:00,0.587109,0,0.0,-0.587109,0.0,-0.587109,0.0,-0.587109,0.0,-0.587109,0.0,-0.587109
2019-06-12 23:30:00,1.058203,0,0.0,-1.058203,0.0,-1.058203,0.0,-1.058203,0.0,-1.058203,0.0,-1.058203
2019-06-12 23:45:00,1.810547,0,0.0,-1.810547,0.0,-1.810547,0.0,-1.810547,0.0,-1.810547,0.0,-1.810547
2019-06-13 00:00:00,1.930078,0,0.0,-1.930078,0.0,-1.930078,0.0,-1.930078,0.0,-1.930078,0.0,-1.930078
2019-06-13 00:15:00,2.070703,0,0.0,-2.070703,0.0,-2.070703,0.0,-2.070703,0.0,-2.070703,0.0,-2.070703
2019-06-13 00:30:00,2.612109,0,0.0,-2.612109,0.0,-2.612109,0.0,-2.612109,0.0,-2.612109,0.0,-2.612109
2019-06-13 00:45:00,2.162109,0,0.0,-2.162109,0.0,-2.162109,0.0,-2.162109,0.0,-2.162109,0.0,-2.162109
2019-06-13 01:00:00,1.916016,0,0.0,-1.916016,0.0,-1.916016,0.0,-1.916016,0.0,-1.916016,0.0,-1.916016
2019-06-13 01:15:00,2.777344,0,0.0,-2.777344,0.0,-2.777344,0.0,-2.777344,0.0,-2.777344,0.0,-2.777344
2019-06-13 01:30:00,2.5875,0,0.0,-2.5875,0.0,-2.5875,0.0,-2.5875,0.0,-2.5875,0.0,-2.5875
2019-06-13 01:45:00,2.141016,0,0.0,-2.141016,0.0,-2.141016,0.0,-2.141016,0.0,-2.141016,0.0,-2.141016
2019-06-13 02:00:00,3.54375,0,0.0,-3.54375,0.0,-3.54375,0.0,-3.54375,0.0,-3.54375,0.0,-3.54375
2019-06-13 02:15:00,3.417187,0,0.0,-3.417187,0.0,-3.417187,0.0,-3.417187,0.0,-3.417187,0.0,-3.417187
2019-06-13 02:30:00,2.759766,0,0.0,-2.759766,0.0,-2.759766,0.0,-2.759766,0.0,-2.759766,0.0,-2.759766
2019-06-13 02:45:00,2.798437,0,0.0,-2.798437,0.0,-2.798437,0.0,-2.798437,0.0,-2.798437,0.0,-2.798437
2019-06-13 03:00:00,2.334375,0,0.0,-2.334375,0.0,-2.334375,0.0,-2.334375,0.0,-2.334375,0.0,-2.334375
2019-06-13 03:15:00,1.546875,0,0.0,-1.546875,0.0,-1.546875,0.0,-1.546875,0.0,-1.546875,0.0,-1.546875
2019-06-13 03:30:00,1.705078,0,0.0,-1.705078,0.0,-1.705078,0.0,-1.705078,0.0,-1.705078,0.0,-1.705078
2019-06-13 03:45:00,1.35,0,0.0,-1.35,0.0,-1.35,0.0,-1.35,0.0,-1.35,0.0,-1.35
2019-06-13 04:00:00,1.167187,0,0.0,-1.167187,0.0,-1.167187,0.0,-1.167187,0.0,-1.167187,0.0,-1.167187
2019-06-13 04:15:00,1.444922,0,0.0,-1.444922,0.0,-1.444922,0.0,-1.444922,0.0,-1.444922,0.0,-1.444922
2019-06-13 04:30:00,1.423828,0,0.0,-1.423828,0.0,-1.423828,0.0,-1.423828,0.0,-1.423828,0.0,-1.423828
2019-06-13 04:45:00,1.117969,0,0.0,-1.117969,0.0,-1.117969,0.0,-1.117969,0.0,-1.117969,0.0,-1.117969
2019-06-13 05:00:00,1.532812,0,0.0,-1.532812,0.0,-1.532812,0.0,-1.532812,0.0,-1.532812,0.0,-1.532812
2019-06-13 05:15:00,1.174219,0,0.0,-1.174219,0.0,-1.174219,0.0,-1.174219,0.0,-1.174219,0.0,-1.174219
2019-06-13 05:30:00,1.001953,0,0.0,-1.001953,0.0,-1.001953,0.0,-1.001953,0.0,-1.001953,0.0,-1.001953
2019-06-13 05:45:00,1.441406,0,0.0,-1.441406,0.0,-1.441406,0.0,-1.441406,0.0,-1.441406,0.0,-1.441406
2019-06-13 06:00:00,2.144531,1,2.0211620746676364,-0.12336892533236377,1.844579,-0.29995201860046405,2.1455927,0.0010616895141599691,2.0315197,-0.11301134858703632,1.8747813656047014,-0.26974963439529875
2019-06-13 06:15:00,2.1375,1,2.063516296011822,-0.0739837039881781,2.0937846,-0.04371542930603045,2.0262299,-0.11127014160156268,1.9429142,-0.1945857524871828,2.0983920136209346,-0.03910798637906554
2019-06-13 06:30:00,1.691016,1,1.6946951712158544,0.003679171215854371,1.8415321,0.15051611116790764,1.7293229,0.038306910308837816,1.7008703,0.009854275497436449,1.7002960529270175,0.00928005292701739
2019-06-13 06:45:00,1.226953,1,1.3616576711904955,0.13470467119049556,1.4487594,0.22180643660736088,1.4063077,0.17935469729614262,1.5048896,0.27793660742950443,1.3781242470232151,0.15117124702321516
2019-06-13 07:00:00,0.734766,1,0.8554108789664241,0.12064487896642406,0.81348103,0.07871503284835812,0.8106049,0.07583887031936642,0.74863416,0.013868159564971894,0.7737639557914504,0.03899795579145038
2019-06-13 07:15:00,0.636328,1,0.7532601207584134,0.11693212075841342,0.6401706,0.003842574188232417,0.6971774,0.06084941012573242,0.65824276,0.02191476208877563,0.6356149697394705,-0.0007130302605294903
2019-06-13 07:30:00,0.615234,1,0.7416458068407075,0.12641180684070752,0.5793199,-0.03591410568618769,0.62487626,0.009642260757446341,0.5938062,-0.021427792819976754,0.5899216678514874,-0.025312332148512584
2019-06-13 07:45:00,0.914062,1,1.0221980189003244,0.10813601890032432,0.8605883,-0.05347368785095219,0.85867023,-0.05539176531982426,0.8807322,-0.033329821311950725,0.8347014050971137,-0.07936059490288638
2019-06-13 08:00:00,0.759375,1,0.8319178161426435,0.07254281614264346,0.7830348,0.023659801483154275,0.66445017,-0.09492483139038088,0.7688929,0.009517884254455544,0.7304151389170616,-0.028959861082938465
2019-06-13 08:15:00,0.573047,1,0.7060329080876021,0.13298590808760213,0.59568805,0.022641045024871853,0.5254364,-0.04761059863281247,0.5556664,-0.017380612918853733,0.5705724998619486,-0.0024745001380513942
2019-06-13 08:30:00,0.246094,1,0.4594877945203447,0.2133937945203447,0.3757157,0.1296217027721405,0.3515369,0.10544289980506896,0.2577783,0.011684286933898919,0.2802705252177101,0.03417652521771011
2019-06-13 08:45:00,0.175781,1,0.386165716406781,0.210384716406781,0.30982184,0.13404084410095216,0.24540506,0.06962406303310395,0.22181821,0.046037208694458015,0.19553450542760634,0.019753505427606344
2019-06-13 09:00:00,0.228516,1,0.2977749211617964,0.06925892116179638,0.2961772,0.0676612084236145,0.24895252,0.020436522873878482,0.20226932,-0.026246684280395505,0.22564909063939553,-0.0028669093606044638
2019-06-13 09:15:00,0.232031,1,0.29027142081445234,0.058240420814452354,0.15960781,-0.07242318723773955,0.18487126,-0.04715974364852904,0.16519558,-0.06683541570281981,0.19889758877292368,-0.033133411227076304
2019-06-13 09:30:00,0.144141,1,0.2159849671699885,0.0718439671699885,0.1068036,-0.03733739652967452,0.11834831,-0.025792692092418662,0.13431123,-0.009829771009445182,0.13807974983311058,-0.006061250166889409
2019-06-13 09:45:00,0.200391,1,0.22547524201759428,0.025084242017594266,0.11983807,-0.08055293360090257,0.14502564,-0.055365359273910536,0.16040629,-0.03998470851516725,0.15307590782534855,-0.04731509217465146
2019-06-13 10:00:00,0.116016,1,0.11992114019703393,0.0039051401970339322,0.060337868,-0.0556781324121952,0.105495505,-0.01052049496507644,0.11568396,-0.0003320420656204165,0.1254483375494535,0.00943233754945351
2019-06-13 10:15:00,0.16875,0,0.0,-0.16875,0.0,-0.16875,0.0,-0.16875,0.0,-0.16875,0.0,-0.16875
2019-06-13 10:30:00,0.326953,1,0.2665440491660611,-0.06040895083393888,0.27481285,-0.05214015262413024,0.29251468,-0.03443831818389892,0.28116858,-0.04578441994476318,0.28715067672069405,-0.03980232327930594
2019-06-13 10:45:00,0.330469,1,0.3021078881849195,-0.028361111815080498,0.32464957,-0.005819427627563489,0.4014521,0.07098309431648253,0.3543886,0.02391959462738036,0.3411297670554795,0.01066076705547947
2019-06-13 11:00:00,0.151172,0,0.0,-0.151172,0.0,-0.151172,0.0,-0.151172,0.0,-0.151172,0.0,-0.151172
2019-06-13 11:15:00,0.1125,0,0.0,-0.1125,0.0,-0.1125,0.0,-0.1125,0.0,-0.1125,0.0,-0.1125
2019-06-13 11:30:00,0.0,0,0.0,0.0,0.0,0.0,0.0,0.0,0.0,0.0,0.0,0.0
2019-06-13 11:45:00,0.0,0,0.0,0.0,0.0,0.0,0.0,0.0,0.0,0.0,0.0,0.0
2019-06-13 12:00:00,0.0,0,0.0,0.0,0.0,0.0,0.0,0.0,0.0,0.0,0.0,0.0
2019-06-13 12:15:00,0.0,0,0.0,0.0,0.0,0.0,0.0,0.0,0.0,0.0,0.0,0.0
2019-06-13 12:30:00,0.0,0,0.0,0.0,0.0,0.0,0.0,0.0,0.0,0.0,0.0,0.0
2019-06-13 12:45:00,0.0,0,0.0,0.0,0.0,0.0,0.0,0.0,0.0,0.0,0.0,0.0
2019-06-13 13:00:00,0.0,0,0.0,0.0,0.0,0.0,0.0,0.0,0.0,0.0,0.0,0.0
2019-06-13 13:15:00,0.0,0,0.0,0.0,0.0,0.0,0.0,0.0,0.0,0.0,0.0,0.0
2019-06-13 13:30:00,0.0,0,0.0,0.0,0.0,0.0,0.0,0.0,0.0,0.0,0.0,0.0
2019-06-13 13:45:00,0.0,0,0.0,0.0,0.0,0.0,0.0,0.0,0.0,0.0,0.0,0.0
2019-06-13 14:00:00,0.0,0,0.0,0.0,0.0,0.0,0.0,0.0,0.0,0.0,0.0,0.0
2019-06-13 14:15:00,0.0,0,0.0,0.0,0.0,0.0,0.0,0.0,0.0,0.0,0.0,0.0
2019-06-13 14:30:00,0.0,0,0.0,0.0,0.0,0.0,0.0,0.0,0.0,0.0,0.0,0.0
2019-06-13 14:45:00,0.0,0,0.0,0.0,0.0,0.0,0.0,0.0,0.0,0.0,0.0,0.0
2019-06-13 15:00:00,0.0,0,0.0,0.0,0.0,0.0,0.0,0.0,0.0,0.0,0.0,0.0
2019-06-13 15:15:00,0.0,0,0.0,0.0,0.0,0.0,0.0,0.0,0.0,0.0,0.0,0.0
2019-06-13 15:30:00,0.0,0,0.0,0.0,0.0,0.0,0.0,0.0,0.0,0.0,0.0,0.0
2019-06-13 15:45:00,0.0,0,0.0,0.0,0.0,0.0,0.0,0.0,0.0,0.0,0.0,0.0
