date_time,actual_power,basic_prediction,basic_error,nwp_enhanced_prediction,nwp_enhanced_error,nwp_only_prediction,nwp_only_error,random_forest_prediction,random_forest_error
2019-06-06 16:00:00,0.0,4.023658109524556e-07,4.023658109524556e-07,3.7407597468732276e-06,3.7407597468732276e-06,0.0,0.0,0.0,0.0
2019-06-06 16:15:00,0.0,4.0606537748528566e-07,4.0606537748528566e-07,3.742846495078875e-06,3.742846495078875e-06,0.0,0.0,0.0,0.0
2019-06-06 16:30:00,0.0,4.026457653642409e-07,4.026457653642409e-07,3.65485526636113e-06,3.65485526636113e-06,0.0,0.0,0.0,0.0
2019-06-06 16:45:00,0.0,3.970847227740331e-07,3.970847227740331e-07,5.017685886429001e-06,5.017685886429001e-06,7.158405696269872e-05,7.158405696269872e-05,0.0,0.0
2019-06-06 17:00:00,0.0,0.0,0.0,5.679104197577232e-06,5.679104197577232e-06,0.0,0.0,0.0,0.0
2019-06-06 17:15:00,0.0,9.575288023189183e-07,9.575288023189183e-07,3.1637894922953906e-06,3.1637894922953906e-06,0.0,0.0,0.0,0.0
2019-06-06 17:30:00,0.0,9.881146862578087e-07,9.881146862578087e-07,3.4166925124301345e-06,3.4166925124301345e-06,4.858167309850762e-06,4.858167309850762e-06,0.0,0.0
2019-06-06 17:45:00,0.0,9.785265932061505e-07,9.785265932061505e-07,0.0,0.0,0.0,0.0,0.0,0.0
2019-06-06 18:00:00,0.0,9.74229797450129e-07,9.74229797450129e-07,0.0,0.0,0.0,0.0,0.0,0.0
2019-06-06 18:15:00,0.0,1.4771149105880182e-06,1.4771149105880182e-06,0.0,0.0,0.0,0.0,0.0,0.0
2019-06-06 18:30:00,0.0,1.4561683139348242e-06,1.4561683139348242e-06,0.0,0.0,0.0,0.0,0.0,0.0
2019-06-06 18:45:00,0.0,4.2064988055248813e-07,4.2064988055248813e-07,0.0,0.0,0.0,0.0,0.0,0.0
2019-06-06 19:00:00,0.0,0.0,0.0,0.0,0.0,0.0,0.0,0.0,0.0
2019-06-06 19:15:00,0.0,0.0,0.0,0.0,0.0,0.0,0.0,0.0,0.0
2019-06-06 19:30:00,0.0,0.0,0.0,0.0,0.0,0.0,0.0,0.0,0.0
2019-06-06 19:45:00,0.0,0.0,0.0,0.0,0.0,0.0,0.0,0.0,0.0
2019-06-06 20:00:00,0.0,0.0,0.0,0.0,0.0,0.0,0.0,0.0,0.0
2019-06-06 20:15:00,0.0,0.0,0.0,0.0,0.0,0.0,0.0,0.0,0.0
2019-06-06 20:30:00,0.0,0.0,0.0,0.0,0.0,0.0,0.0,0.0,0.0
2019-06-06 20:45:00,0.0,0.0,0.0,0.0,0.0,0.0,0.0,0.0,0.0
2019-06-06 21:00:00,0.0,0.0,0.0,0.0,0.0,0.0,0.0,0.0,0.0
2019-06-06 21:15:00,0.003516,0.0,-0.003516,0.0,-0.003516,0.0,-0.003516,0.0,-0.003516
2019-06-06 21:30:00,0.035156,0.0,-0.035156,0.0,-0.035156,0.0,-0.035156,0.0,-0.035156
2019-06-06 21:45:00,0.165234,0.0,-0.165234,0.0,-0.165234,0.0,-0.165234,0.0,-0.165234
2019-06-06 22:00:00,0.288281,0.0,-0.288281,0.0,-0.288281,0.0,-0.288281,0.0,-0.288281
2019-06-06 22:15:00,0.383203,0.0,-0.383203,0.0,-0.383203,0.0,-0.383203,0.0,-0.383203
2019-06-06 22:30:00,0.386719,0.0,-0.386719,0.0,-0.386719,0.0,-0.386719,0.0,-0.386719
2019-06-06 22:45:00,0.435937,0.0,-0.435937,0.0,-0.435937,0.0,-0.435937,0.0,-0.435937
2019-06-06 23:00:00,0.773438,0.0,-0.773438,0.0,-0.773438,0.0,-0.773438,0.0,-0.773438
2019-06-06 23:15:00,0.945703,0.0,-0.945703,0.0,-0.945703,0.0,-0.945703,0.0,-0.945703
2019-06-06 23:30:00,0.938672,0.0,-0.938672,0.0,-0.938672,0.0,-0.938672,0.0,-0.938672
2019-06-06 23:45:00,0.878906,0.0,-0.878906,0.0,-0.878906,0.0,-0.878906,0.0,-0.878906
2019-06-07 00:00:00,0.791016,0.0,-0.791016,0.0,-0.791016,0.0,-0.791016,0.0,-0.791016
2019-06-07 00:15:00,0.949219,0.0,-0.949219,0.0,-0.949219,0.0,-0.949219,0.0,-0.949219
2019-06-07 00:30:00,1.29375,0.0,-1.29375,0.0,-1.29375,0.0,-1.29375,0.0,-1.29375
2019-06-07 00:45:00,1.205859,0.0,-1.205859,0.0,-1.205859,0.0,-1.205859,0.0,-1.205859
2019-06-07 01:00:00,1.74375,0.0,-1.74375,0.0,-1.74375,0.0,-1.74375,0.0,-1.74375
2019-06-07 01:15:00,1.905469,0.0,-1.905469,0.0,-1.905469,0.0,-1.905469,0.0,-1.905469
2019-06-07 01:30:00,2.281641,0.0,-2.281641,0.0,-2.281641,0.0,-2.281641,0.0,-2.281641
2019-06-07 01:45:00,2.443359,0.0,-2.443359,0.0,-2.443359,0.0,-2.443359,0.0,-2.443359
2019-06-07 02:00:00,3.561328,0.0,-3.561328,0.0,-3.561328,0.0,-3.561328,0.0,-3.561328
2019-06-07 02:15:00,1.986328,0.0,-1.986328,0.0,-1.986328,0.0,-1.986328,0.0,-1.986328
2019-06-07 02:30:00,2.78789,0.0,-2.78789,0.0,-2.78789,0.0,-2.78789,0.0,-2.78789
2019-06-07 02:45:00,3.842578,0.0,-3.842578,0.0,-3.842578,0.0,-3.842578,0.0,-3.842578
2019-06-07 03:00:00,3.223828,0.0,-3.223828,0.0,-3.223828,0.0,-3.223828,0.0,-3.223828
2019-06-07 03:15:00,4.035937,0.0,-4.035937,0.0,-4.035937,0.0,-4.035937,0.0,-4.035937
2019-06-07 03:30:00,3.737109,0.0,-3.737109,0.0,-3.737109,0.0,-3.737109,0.0,-3.737109
2019-06-07 03:45:00,3.248437,0.0,-3.248437,0.0,-3.248437,0.0,-3.248437,0.0,-3.248437
2019-06-07 04:00:00,2.714062,0.0,-2.714062,0.0,-2.714062,0.0,-2.714062,0.0,-2.714062
2019-06-07 04:15:00,4.208203,0.0,-4.208203,0.0,-4.208203,0.0,-4.208203,0.0,-4.208203
2019-06-07 04:30:00,3.659765,0.0,-3.659765,0.0,-3.659765,0.0,-3.659765,0.0,-3.659765
2019-06-07 04:45:00,4.155468,0.0,-4.155468,0.0,-4.155468,0.0,-4.155468,0.0,-4.155468
2019-06-07 05:00:00,3.933984,0.0,-3.933984,0.0,-3.933984,0.0,-3.933984,0.0,-3.933984
2019-06-07 05:15:00,4.067578,0.0,-4.067578,0.0,-4.067578,0.0,-4.067578,0.0,-4.067578
2019-06-07 05:30:00,3.733594,0.0,-3.733594,0.0,-3.733594,0.0,-3.733594,0.0,-3.733594
2019-06-07 05:45:00,3.737109,0.0,-3.737109,0.0,-3.737109,0.0,-3.737109,0.0,-3.737109
2019-06-07 06:00:00,2.475,3.7390560630032534,1.2640560630032533,3.5573511377271294,1.0823511377271293,3.476111354441392,1.001111354441392,3.7449678388292695,1.2699678388292694
2019-06-07 06:15:00,1.543359,1.5771340305925465,0.03377503059254661,1.509109767650066,-0.034249232349933934,1.5178987344460413,-0.02546026555395864,1.708336641711837,0.16497764171183715
2019-06-07 06:30:00,1.821094,1.8883833333166795,0.06728933331667952,1.8267164162070757,0.005622416207075709,1.586762542771468,-0.234331457228532,1.7580179345803428,-0.06307606541965716
2019-06-07 06:45:00,1.153125,1.2280350706957632,0.07491007069576328,1.2081206241945497,0.05499562419454973,1.252989386651481,0.09986438665148101,1.2774227555298234,0.12429775552982347
2019-06-07 07:00:00,1.423828,1.3574631130940964,-0.0663648869059037,1.4272115700054062,0.0033835700054061224,1.2228352143385208,-0.20099278566147927,1.3138503933212946,-0.10997760667870549
2019-06-07 07:15:00,0.914062,0.9516187102952227,0.03755671029522267,0.8338444314007091,-0.08021756859929097,0.6889628380847539,-0.22509916191524615,0.9358583211408852,0.021796321140885144
2019-06-07 07:30:00,0.495703,0.5465228167683769,0.05081981676837688,0.5031188846297333,0.007415884629733305,0.5610431537145975,0.06534015371459745,0.4918894746389211,-0.003813525361078929
2019-06-07 07:45:00,0.228516,0.2626185285317861,0.03410252853178608,0.2615468474281726,0.03303084742817258,0.517632655752108,0.28911665575210804,0.22832230189388533,-0.00019369810611466476
2019-06-07 08:00:00,0.161719,0.18707560309398016,0.025356603093980162,0.19260352137347678,0.030884521373476775,0.48422388305515657,0.32250488305515657,0.15719948687623742,-0.004519513123762586
2019-06-07 08:15:00,0.1125,0.11578478711643975,0.003284787116439744,0.12139377952911358,0.008893779529113577,0.3997974527320785,0.2872974527320785,0.08944660112886417,-0.023053398871135833
2019-06-07 08:30:00,0.084375,0.11599494432960959,0.03161994432960959,0.13957897726319166,0.05520397726319165,0.401499387196091,0.31712438719609104,0.08394343714104167,-0.00043156285895833146
2019-06-07 08:45:00,0.140625,0.1494428869453606,0.008817886945360592,0.1835301420893283,0.0429051420893283,0.35743395812922296,0.21680895812922296,0.13753848309686645,-0.0030865169031335515
2019-06-07 09:00:00,0.189844,0.2086369890956873,0.018792989095687274,0.24908642057718022,0.05924242057718021,0.28085037412097696,0.09100637412097695,0.21586706481228088,0.026023064812280866
2019-06-07 09:15:00,0.052734,0.08617244362007498,0.033438443620074976,0.11815806876181797,0.06542406876181797,0.2836484575593096,0.23091445755930962,0.06922996140045015,0.01649596140045015
2019-06-07 09:30:00,0.066797,0.05161535077979786,-0.015181649220202133,0.09585510750242465,0.029058107502424657,0.20141371971485836,0.13461671971485836,0.03915724411207328,-0.027639755887926713
2019-06-07 09:45:00,0.066797,0.08250464545125756,0.015707645451257565,0.11027267828896471,0.04347567828896472,0.12468656817797102,0.05788956817797103,0.05850246476866429,-0.008294535231335706
2019-06-07 10:00:00,0.179297,0.1737890606476544,-0.005507939352345614,0.17628908479250954,-0.003007915207490469,0.1753882397192815,-0.003908760280718515,0.19194809470284863,0.012651094702848614
2019-06-07 10:15:00,0.225,0.2149589963557496,-0.010041003644250396,0.2027902150124771,-0.022209784987522907,0.22107428085477873,-0.003925719145221274,0.21879068542957103,-0.006209314570428975
2019-06-07 10:30:00,0.203906,0.1919237123289801,-0.011982287671019914,0.18417814431533835,-0.01972785568466165,0.22281503720920473,0.018909037209204727,0.20209735729859868,-0.001808642701401325
2019-06-07 10:45:00,0.144141,0.1394679807516343,-0.00467301924836569,0.15177504717575482,0.007634047175754832,0.16019764134931416,0.01605664134931417,0.15168214153071594,0.007541141530715945
2019-06-07 11:00:00,0.0,0.0053174914257554315,0.0053174914257554315,0.009999921691805826,0.009999921691805826,0.009570254608902519,0.009570254608902519,0.004270328182264863,0.004270328182264863
2019-06-07 11:15:00,0.0,0.0005549522184958497,0.0005549522184958497,0.0,0.0,0.0,0.0,0.00021486366195088517,0.00021486366195088517
2019-06-07 11:30:00,0.0,0.0,0.0,0.0,0.0,0.0,0.0,0.0,0.0
2019-06-07 11:45:00,0.0,0.0002976192719461673,0.0002976192719461673,0.0001469448274514646,0.0001469448274514646,0.0,0.0,0.0,0.0
2019-06-07 12:00:00,0.0,4.101385850638895e-06,4.101385850638895e-06,0.0,0.0,0.000957616924999694,0.000957616924999694,0.0,0.0
2019-06-07 12:15:00,0.0,2.1005413228559517e-07,2.1005413228559517e-07,0.0,0.0,0.0,0.0,0.0,0.0
2019-06-07 12:30:00,0.0,4.163845174726248e-06,4.163845174726248e-06,0.0,0.0,0.0,0.0,0.0,0.0
2019-06-07 12:45:00,0.0,1.7503267120806525e-06,1.7503267120806525e-06,0.0,0.0,0.0,0.0,0.0,0.0
2019-06-07 13:00:00,0.0,1.9612483690839345e-07,1.9612483690839345e-07,0.0,0.0,0.0008267783552482118,0.0008267783552482118,0.0,0.0
2019-06-07 13:15:00,0.0,2.0549878588995475e-07,2.0549878588995475e-07,0.0,0.0,0.0,0.0,0.0,0.0
2019-06-07 13:30:00,0.0,2.098588288388658e-07,2.098588288388658e-07,0.0,0.0,0.0,0.0,0.0,0.0
2019-06-07 13:45:00,0.0,2.0471156257739778e-07,2.0471156257739778e-07,0.0,0.0,0.0,0.0,0.0,0.0
2019-06-07 14:00:00,0.0,2.014926521161453e-07,2.014926521161453e-07,0.0,0.0,0.0,0.0,0.0,0.0
2019-06-07 14:15:00,0.0,3.825729907056025e-06,3.825729907056025e-06,0.0,0.0,0.0,0.0,0.0,0.0
2019-06-07 14:30:00,0.0,0.0,0.0,2.3257276705376027e-06,2.3257276705376027e-06,0.0,0.0,0.0,0.0
2019-06-07 14:45:00,0.0,4.075858753066318e-07,4.075858753066318e-07,1.7516015170446844e-06,1.7516015170446844e-06,0.0,0.0,0.0,0.0
2019-06-07 15:00:00,0.0,3.9468074623796437e-07,3.9468074623796437e-07,1.8259867363502461e-06,1.8259867363502461e-06,0.0,0.0,0.0,0.0
2019-06-07 15:15:00,0.0,7.112767741504669e-07,7.112767741504669e-07,8.226737496624158e-06,8.226737496624158e-06,0.0,0.0,0.0,0.0
2019-06-07 15:30:00,0.0,7.17070892738297e-07,7.17070892738297e-07,0.0,0.0,0.0,0.0,0.0,0.0
2019-06-07 15:45:00,0.0,4.0834527005234676e-07,4.0834527005234676e-07,0.0,0.0,0.0,0.0,0.0,0.0
2019-06-07 16:00:00,0.0,4.0137615894853947e-07,4.0137615894853947e-07,2.5356406740724665e-06,2.5356406740724665e-06,0.0,0.0,0.0,0.0
2019-06-07 16:15:00,0.0,4.134249405034252e-07,4.134249405034252e-07,2.6655491488182407e-06,2.6655491488182407e-06,0.0,0.0,0.0,0.0
2019-06-07 16:30:00,0.0,3.988773134666165e-07,3.988773134666165e-07,0.0,0.0,3.6345211441796355e-05,3.6345211441796355e-05,0.0,0.0
2019-06-07 16:45:00,0.0,4.137184531430556e-07,4.137184531430556e-07,0.0,0.0,0.0,0.0,0.0,0.0
2019-06-07 17:00:00,0.0,3.953710160930841e-07,3.953710160930841e-07,2.5255707623133163e-06,2.5255707623133163e-06,0.0,0.0,0.0,0.0
2019-06-07 17:15:00,0.0,4.0804303070037213e-07,4.0804303070037213e-07,2.522635303186124e-06,2.522635303186124e-06,0.0,0.0,0.0,0.0
2019-06-07 17:30:00,0.0,4.157912688925424e-07,4.157912688925424e-07,2.0294028853621076e-06,2.0294028853621076e-06,0.0,0.0,0.0,0.0
2019-06-07 17:45:00,0.0,4.037603294287909e-07,4.037603294287909e-07,2.0601009435868305e-06,2.0601009435868305e-06,0.0,0.0,0.0,0.0
2019-06-07 18:00:00,0.0,4.152262960749679e-07,4.152262960749679e-07,1.8814232000988403e-06,1.8814232000988403e-06,0.0,0.0,0.0,0.0
2019-06-07 18:15:00,0.0,0.0,0.0,1.946082880698209e-06,1.946082880698209e-06,0.0,0.0,0.0,0.0
2019-06-07 18:30:00,0.0,4.0732679749299897e-07,4.0732679749299897e-07,1.8710812997139918e-06,1.8710812997139918e-06,0.0,0.0,0.0,0.0
2019-06-07 18:45:00,0.0,4.0654977215616944e-07,4.0654977215616944e-07,2.0475038551944296e-06,2.0475038551944296e-06,0.0,0.0,0.0,0.0
2019-06-07 19:00:00,0.0,0.0,0.0,0.0,0.0,0.0,0.0,0.0,0.0
2019-06-07 19:15:00,0.0,0.0,0.0,0.0,0.0,0.0,0.0,0.0,0.0
2019-06-07 19:30:00,0.0,0.0,0.0,0.0,0.0,0.0,0.0,0.0,0.0
2019-06-07 19:45:00,0.0,0.0,0.0,0.0,0.0,0.0,0.0,0.0,0.0
2019-06-07 20:00:00,0.0,0.0,0.0,0.0,0.0,0.0,0.0,0.0,0.0
2019-06-07 20:15:00,0.0,0.0,0.0,0.0,0.0,0.0,0.0,0.0,0.0
2019-06-07 20:30:00,0.0,0.0,0.0,0.0,0.0,0.0,0.0,0.0,0.0
2019-06-07 20:45:00,0.0,0.0,0.0,0.0,0.0,0.0,0.0,0.0,0.0
2019-06-07 21:00:00,0.0,0.0,0.0,0.0,0.0,0.0,0.0,0.0,0.0
2019-06-07 21:15:00,0.0,0.0,0.0,0.0,0.0,0.0,0.0,0.0,0.0
2019-06-07 21:30:00,0.028125,0.0,-0.028125,0.0,-0.028125,0.0,-0.028125,0.0,-0.028125
2019-06-07 21:45:00,0.133594,0.0,-0.133594,0.0,-0.133594,0.0,-0.133594,0.0,-0.133594
2019-06-07 22:00:00,0.291797,0.0,-0.291797,0.0,-0.291797,0.0,-0.291797,0.0,-0.291797
2019-06-07 22:15:00,0.404297,0.0,-0.404297,0.0,-0.404297,0.0,-0.404297,0.0,-0.404297
2019-06-07 22:30:00,0.601172,0.0,-0.601172,0.0,-0.601172,0.0,-0.601172,0.0,-0.601172
2019-06-07 22:45:00,0.752344,0.0,-0.752344,0.0,-0.752344,0.0,-0.752344,0.0,-0.752344
2019-06-07 23:00:00,0.896484,0.0,-0.896484,0.0,-0.896484,0.0,-0.896484,0.0,-0.896484
2019-06-07 23:15:00,1.163672,0.0,-1.163672,0.0,-1.163672,0.0,-1.163672,0.0,-1.163672
2019-06-07 23:30:00,1.399219,0.0,-1.399219,0.0,-1.399219,0.0,-1.399219,0.0,-1.399219
2019-06-07 23:45:00,1.659375,0.0,-1.659375,0.0,-1.659375,0.0,-1.659375,0.0,-1.659375
2019-06-08 00:00:00,1.944141,0.0,-1.944141,0.0,-1.944141,0.0,-1.944141,0.0,-1.944141
2019-06-08 00:15:00,2.183203,0.0,-2.183203,0.0,-2.183203,0.0,-2.183203,0.0,-2.183203
2019-06-08 00:30:00,2.383594,0.0,-2.383594,0.0,-2.383594,0.0,-2.383594,0.0,-2.383594
2019-06-08 00:45:00,2.714062,0.0,-2.714062,0.0,-2.714062,0.0,-2.714062,0.0,-2.714062
2019-06-08 01:00:00,2.960156,0.0,-2.960156,0.0,-2.960156,0.0,-2.960156,0.0,-2.960156
2019-06-08 01:15:00,3.107812,0.0,-3.107812,0.0,-3.107812,0.0,-3.107812,0.0,-3.107812
2019-06-08 01:30:00,3.336328,0.0,-3.336328,0.0,-3.336328,0.0,-3.336328,0.0,-3.336328
2019-06-08 01:45:00,3.624609,0.0,-3.624609,0.0,-3.624609,0.0,-3.624609,0.0,-3.624609
2019-06-08 02:00:00,3.649219,0.0,-3.649219,0.0,-3.649219,0.0,-3.649219,0.0,-3.649219
2019-06-08 02:15:00,3.793359,0.0,-3.793359,0.0,-3.793359,0.0,-3.793359,0.0,-3.793359
2019-06-08 02:30:00,3.891797,0.0,-3.891797,0.0,-3.891797,0.0,-3.891797,0.0,-3.891797
2019-06-08 02:45:00,3.803906,0.0,-3.803906,0.0,-3.803906,0.0,-3.803906,0.0,-3.803906
2019-06-08 03:00:00,3.958594,0.0,-3.958594,0.0,-3.958594,0.0,-3.958594,0.0,-3.958594
2019-06-08 03:15:00,4.028906,0.0,-4.028906,0.0,-4.028906,0.0,-4.028906,0.0,-4.028906
2019-06-08 03:30:00,4.021875,0.0,-4.021875,0.0,-4.021875,0.0,-4.021875,0.0,-4.021875
2019-06-08 03:45:00,3.933984,0.0,-3.933984,0.0,-3.933984,0.0,-3.933984,0.0,-3.933984
2019-06-08 04:00:00,3.863672,0.0,-3.863672,0.0,-3.863672,0.0,-3.863672,0.0,-3.863672
2019-06-08 04:15:00,3.751172,0.0,-3.751172,0.0,-3.751172,0.0,-3.751172,0.0,-3.751172
2019-06-08 04:30:00,3.772265,0.0,-3.772265,0.0,-3.772265,0.0,-3.772265,0.0,-3.772265
2019-06-08 04:45:00,3.80039,0.0,-3.80039,0.0,-3.80039,0.0,-3.80039,0.0,-3.80039
2019-06-08 05:00:00,3.810937,0.0,-3.810937,0.0,-3.810937,0.0,-3.810937,0.0,-3.810937
2019-06-08 05:15:00,3.782812,0.0,-3.782812,0.0,-3.782812,0.0,-3.782812,0.0,-3.782812
2019-06-08 05:30:00,3.744141,0.0,-3.744141,0.0,-3.744141,0.0,-3.744141,0.0,-3.744141
2019-06-08 05:45:00,3.751172,0.0,-3.751172,0.0,-3.751172,0.0,-3.751172,0.0,-3.751172
2019-06-08 06:00:00,3.772265,3.7555827658168357,-0.01668223418316428,3.55398289673548,-0.2182821032645199,3.6580232138462967,-0.11424178615370328,3.6090788783947527,-0.16318612160524726
2019-06-08 06:15:00,3.708984,3.7225335324402304,0.013549532440230383,3.7574288711405313,0.0484448711405312,3.701957502531153,-0.007026497468847204,3.9145951247277866,0.20561112472778653
2019-06-08 06:30:00,3.719531,3.7385725526564677,0.019041552656467786,3.641236813317606,-0.07829418668239407,3.6625702716542587,-0.056960728345741174,3.7892979299152767,0.06976692991527678
2019-06-08 06:45:00,3.649219,3.6923016433087676,0.043082643308767654,3.4947657120334137,-0.1544532879665863,3.7047627819310307,0.05554378193103071,3.751787805111565,0.10256880511156519
2019-06-08 07:00:00,3.550781,3.429199991489682,-0.12158100851031817,3.5012303335139277,-0.04955066648607254,3.55802724558641,0.007246245586409739,3.4000595712455834,-0.15072142875441674
2019-06-08 07:15:00,3.417187,3.309940734088644,-0.107246265911356,3.4517659443250386,0.034578944325038385,3.379471133091826,-0.03771586690817408,3.3205329050229744,-0.09665409497702582
2019-06-08 07:30:00,3.244922,3.2124547810713713,-0.03246721892862858,3.2683633427278416,0.023441342727841707,3.1573519397064436,-0.0875700602935563,3.3445863611497177,0.09966436114971788
2019-06-08 07:45:00,3.055078,3.0197791166635497,-0.03529888333645026,3.0808915989656764,0.025813598965676476,2.9882776158268434,-0.06680038417315659,3.0531899488896035,-0.0018880511103964714
2019-06-08 08:00:00,2.840625,2.7407360578827062,-0.09988894211729393,2.784107557643295,-0.05651744235670497,2.6135213116728266,-0.22710368832717354,2.7136469491459545,-0.12697805085404568
2019-06-08 08:15:00,2.583984,2.5381081182743905,-0.045875881725609524,2.601054786992647,0.01707078699264697,2.4589345432172167,-0.12504945678278334,2.5731278830597986,-0.010856116940201499
2019-06-08 08:30:00,2.320312,2.1472915451832066,-0.1730204548167933,2.1819071296725645,-0.13840487032743543,2.1552865407497888,-0.16502545925021117,2.3935921863554834,0.0732801863554835
2019-06-08 08:45:00,2.003906,1.921571064620318,-0.08233493537968228,1.911801009006839,-0.09210499099316127,1.7321895212580407,-0.2717164787419595,1.9421882120194642,-0.061717787980535954
2019-06-08 09:00:00,1.796484,1.7684923875013818,-0.027991612498618146,1.700909314022772,-0.09557468597722796,1.8698225704578282,0.07333857045782821,1.8078205578732842,0.011336557873284248
2019-06-08 09:15:00,1.51875,1.4898228232967439,-0.028927176703256174,1.4624114156272996,-0.05633858437270045,1.6095459895825988,0.09079598958259871,1.4901836198227134,-0.028566380177286632
2019-06-08 09:30:00,1.248047,1.1921609333677954,-0.05588606663220452,1.1875732897540574,-0.0604737102459425,1.495427788558821,0.24738078855882106,1.2683335221732852,0.020286522173285304
2019-06-08 09:45:00,1.0125,0.9747886012178868,-0.03771139878211316,0.9449439412729704,-0.06755605872702952,1.3327503240719278,0.3202503240719279,0.95856743469737,-0.05393256530262991
2019-06-08 10:00:00,0.748828,0.7949186310943314,0.046090631094331314,0.7860484603494879,0.037220460349487894,0.9095516931042501,0.16072369310425005,0.8204824078806321,0.07165440788063204
2019-06-08 10:15:00,0.583594,0.6276379304004964,0.04404393040049648,0.6501376268343638,0.06654362683436388,0.7347459837003377,0.15115198370033778,0.643058338097029,0.059464338097029
2019-06-08 10:30:00,0.365625,0.40204089014834477,0.03641589014834479,0.38441611650242113,0.018791116502421157,0.5266535519814216,0.16102855198142163,0.4394732418546964,0.0738482418546964
2019-06-08 10:45:00,0.225,0.2634245334020276,0.03842453340202759,0.324605860930947,0.099605860930947,0.358004191969841,0.133004191969841,0.32825181472492015,0.10325181472492015
2019-06-08 11:00:00,0.108984,0.14639928354153517,0.03741528354153517,0.1532823757083172,0.04429837570831721,0.2181712969366362,0.1091872969366362,0.15238067353324364,0.04339667353324364
2019-06-08 11:15:00,0.0,0.0368358559581045,0.0368358559581045,0.0294577408928456,0.0294577408928456,0.05677980906396398,0.05677980906396398,0.031439977088215346,0.031439977088215346
2019-06-08 11:30:00,0.0,0.0017893647350620439,0.0017893647350620439,0.0012393288315972486,0.0012393288315972486,0.010743571559401987,0.010743571559401987,0.0,0.0
2019-06-08 11:45:00,0.0,0.0,0.0,6.510556361553255e-05,6.510556361553255e-05,0.0,0.0,0.0,0.0
2019-06-08 12:00:00,0.0,0.00048469829807565806,0.00048469829807565806,0.0,0.0,0.00030634187943018965,0.00030634187943018965,0.0,0.0
2019-06-08 12:15:00,0.0,0.0,0.0,0.0,0.0,0.000585172568838761,0.000585172568838761,0.0,0.0
2019-06-08 12:30:00,0.0,0.0,0.0,0.0,0.0,0.0005543345106999926,0.0005543345106999926,0.0,0.0
2019-06-08 12:45:00,0.0,1.5950396588132365e-05,1.5950396588132365e-05,0.0,0.0,0.00033961536422980103,0.00033961536422980103,0.0,0.0
2019-06-08 13:00:00,0.0,3.9267456215604217e-07,3.9267456215604217e-07,0.0,0.0,0.0003398678774880265,0.0003398678774880265,0.0,0.0
2019-06-08 13:15:00,0.0,4.0620170138789715e-07,4.0620170138789715e-07,0.0,0.0,0.00035273018781120896,0.00035273018781120896,0.0,0.0
2019-06-08 13:30:00,0.0,1.7953939193726283e-06,1.7953939193726283e-06,0.0,0.0,7.16737521332483e-05,7.16737521332483e-05,0.0,0.0
2019-06-08 13:45:00,0.0,7.248577397054866e-07,7.248577397054866e-07,0.0,0.0,0.00015317596440864273,0.00015317596440864273,0.0,0.0
2019-06-08 14:00:00,0.0,7.42032600005319e-07,7.42032600005319e-07,0.0,0.0,0.0,0.0,0.0,0.0
2019-06-08 14:15:00,0.0,4.1017432757973815e-07,4.1017432757973815e-07,0.0,0.0,0.0,0.0,0.0,0.0
2019-06-08 14:30:00,0.0,4.422162251412424e-06,4.422162251412424e-06,1.9280601064880666e-05,1.9280601064880666e-05,0.0005269789866739619,0.0005269789866739619,0.0,0.0
2019-06-08 14:45:00,0.0,4.2468562925717475e-06,4.2468562925717475e-06,0.0,0.0,0.0,0.0,0.0,0.0
2019-06-08 15:00:00,0.0,4.243564706192732e-06,4.243564706192732e-06,5.113524997982841e-07,5.113524997982841e-07,0.0,0.0,0.0,0.0
2019-06-08 15:15:00,0.0,4.386244584174869e-06,4.386244584174869e-06,0.0,0.0,0.0,0.0,0.0,0.0
2019-06-08 15:30:00,0.0,4.118915120351267e-06,4.118915120351267e-06,0.0,0.0,0.0,0.0,0.0,0.0
2019-06-08 15:45:00,0.0,4.15350209791117e-06,4.15350209791117e-06,5.8287982766591876e-08,5.8287982766591876e-08,0.0,0.0,0.0,0.0
2019-06-08 16:00:00,0.0,4.517783667572576e-06,4.517783667572576e-06,0.0,0.0,0.0025977506604678447,0.0025977506604678447,0.0,0.0
2019-06-08 16:15:00,0.0,4.376986302767121e-06,4.376986302767121e-06,0.0,0.0,0.0036871549885200898,0.0036871549885200898,0.0,0.0
2019-06-08 16:30:00,0.0,4.601633341877886e-06,4.601633341877886e-06,0.0,0.0,0.0022671790213468017,0.0022671790213468017,0.0,0.0
2019-06-08 16:45:00,0.0,4.420800714808629e-06,4.420800714808629e-06,8.846131225159374e-08,8.846131225159374e-08,0.0,0.0,0.0,0.0
2019-06-08 17:00:00,0.0,5.542596586239953e-05,5.542596586239953e-05,1.2082741787955984e-06,1.2082741787955984e-06,0.0,0.0,0.0,0.0
2019-06-08 17:15:00,0.0,5.647588003276545e-05,5.647588003276545e-05,1.944290262793098e-07,1.944290262793098e-07,2.9652199907090386e-05,2.9652199907090386e-05,0.0,0.0
2019-06-08 17:30:00,0.0,4.509552818324479e-06,4.509552818324479e-06,0.0,0.0,0.0,0.0,0.0,0.0
2019-06-08 17:45:00,0.0,5.637678941262413e-05,5.637678941262413e-05,1.9572337697125043e-07,1.9572337697125043e-07,0.0016099037980097217,0.0016099037980097217,0.0,0.0
2019-06-08 18:00:00,0.0,4.458322591815382e-06,4.458322591815382e-06,1.8962816256531732e-07,1.8962816256531732e-07,0.0,0.0,0.0,0.0
2019-06-08 18:15:00,0.0,4.590249864489181e-06,4.590249864489181e-06,0.0,0.0,0.0,0.0,0.0,0.0
2019-06-08 18:30:00,0.0,4.217047526914905e-06,4.217047526914905e-06,1.2367406282449437e-06,1.2367406282449437e-06,0.0,0.0,0.0,0.0
2019-06-08 18:45:00,0.0,4.1815483230205505e-06,4.1815483230205505e-06,1.1956858592675911e-06,1.1956858592675911e-06,0.0,0.0,0.0,0.0
2019-06-08 19:00:00,0.0,0.0,0.0,0.0,0.0,0.0,0.0,0.0,0.0
2019-06-08 19:15:00,0.0,0.0,0.0,0.0,0.0,0.0,0.0,0.0,0.0
2019-06-08 19:30:00,0.0,0.0,0.0,0.0,0.0,0.0,0.0,0.0,0.0
2019-06-08 19:45:00,0.0,0.0,0.0,0.0,0.0,0.0,0.0,0.0,0.0
2019-06-08 20:00:00,0.0,0.0,0.0,0.0,0.0,0.0,0.0,0.0,0.0
2019-06-08 20:15:00,0.0,0.0,0.0,0.0,0.0,0.0,0.0,0.0,0.0
2019-06-08 20:30:00,0.0,0.0,0.0,0.0,0.0,0.0,0.0,0.0,0.0
2019-06-08 20:45:00,0.0,0.0,0.0,0.0,0.0,0.0,0.0,0.0,0.0
2019-06-08 21:00:00,0.0,0.0,0.0,0.0,0.0,0.0,0.0,0.0,0.0
2019-06-08 21:15:00,0.0,0.0,0.0,0.0,0.0,0.0,0.0,0.0,0.0
2019-06-08 21:30:00,0.0,0.0,0.0,0.0,0.0,0.0,0.0,0.0,0.0
2019-06-08 21:45:00,0.126563,0.0,-0.126563,0.0,-0.126563,0.0,-0.126563,0.0,-0.126563
2019-06-08 22:00:00,0.225,0.0,-0.225,0.0,-0.225,0.0,-0.225,0.0,-0.225
2019-06-08 22:15:00,0.362109,0.0,-0.362109,0.0,-0.362109,0.0,-0.362109,0.0,-0.362109
2019-06-08 22:30:00,0.590625,0.0,-0.590625,0.0,-0.590625,0.0,-0.590625,0.0,-0.590625
2019-06-08 22:45:00,0.84375,0.0,-0.84375,0.0,-0.84375,0.0,-0.84375,0.0,-0.84375
2019-06-08 23:00:00,1.125,0.0,-1.125,0.0,-1.125,0.0,-1.125,0.0,-1.125
2019-06-08 23:15:00,1.430859,0.0,-1.430859,0.0,-1.430859,0.0,-1.430859,0.0,-1.430859
2019-06-08 23:30:00,1.733203,0.0,-1.733203,0.0,-1.733203,0.0,-1.733203,0.0,-1.733203
2019-06-08 23:45:00,2.017969,0.0,-2.017969,0.0,-2.017969,0.0,-2.017969,0.0,-2.017969
2019-06-09 00:00:00,2.288672,0.0,-2.288672,0.0,-2.288672,0.0,-2.288672,0.0,-2.288672
2019-06-09 00:15:00,2.555859,0.0,-2.555859,0.0,-2.555859,0.0,-2.555859,0.0,-2.555859
2019-06-09 00:30:00,2.798437,0.0,-2.798437,0.0,-2.798437,0.0,-2.798437,0.0,-2.798437
2019-06-09 00:45:00,3.0375,0.0,-3.0375,0.0,-3.0375,0.0,-3.0375,0.0,-3.0375
2019-06-09 01:00:00,3.269531,0.0,-3.269531,0.0,-3.269531,0.0,-3.269531,0.0,-3.269531
2019-06-09 01:15:00,3.438281,0.0,-3.438281,0.0,-3.438281,0.0,-3.438281,0.0,-3.438281
2019-06-09 01:30:00,3.554297,0.0,-3.554297,0.0,-3.554297,0.0,-3.554297,0.0,-3.554297
2019-06-09 01:45:00,3.772265,0.0,-3.772265,0.0,-3.772265,0.0,-3.772265,0.0,-3.772265
2019-06-09 02:00:00,3.867188,0.0,-3.867188,0.0,-3.867188,0.0,-3.867188,0.0,-3.867188
2019-06-09 02:15:00,4.039453,0.0,-4.039453,0.0,-4.039453,0.0,-4.039453,0.0,-4.039453
2019-06-09 02:30:00,4.021875,0.0,-4.021875,0.0,-4.021875,0.0,-4.021875,0.0,-4.021875
2019-06-09 02:45:00,4.081641,0.0,-4.081641,0.0,-4.081641,0.0,-4.081641,0.0,-4.081641
2019-06-09 03:00:00,4.127344,0.0,-4.127344,0.0,-4.127344,0.0,-4.127344,0.0,-4.127344
2019-06-09 03:15:00,4.123828,0.0,-4.123828,0.0,-4.123828,0.0,-4.123828,0.0,-4.123828
2019-06-09 03:30:00,4.130859,0.0,-4.130859,0.0,-4.130859,0.0,-4.130859,0.0,-4.130859
2019-06-09 03:45:00,4.183594,0.0,-4.183594,0.0,-4.183594,0.0,-4.183594,0.0,-4.183594
2019-06-09 04:00:00,4.018359,0.0,-4.018359,0.0,-4.018359,0.0,-4.018359,0.0,-4.018359
2019-06-09 04:15:00,3.860156,0.0,-3.860156,0.0,-3.860156,0.0,-3.860156,0.0,-3.860156
2019-06-09 04:30:00,4.004297,0.0,-4.004297,0.0,-4.004297,0.0,-4.004297,0.0,-4.004297
2019-06-09 04:45:00,3.983203,0.0,-3.983203,0.0,-3.983203,0.0,-3.983203,0.0,-3.983203
2019-06-09 05:00:00,3.944531,0.0,-3.944531,0.0,-3.944531,0.0,-3.944531,0.0,-3.944531
2019-06-09 05:15:00,3.909375,0.0,-3.909375,0.0,-3.909375,0.0,-3.909375,0.0,-3.909375
2019-06-09 05:30:00,3.948047,0.0,-3.948047,0.0,-3.948047,0.0,-3.948047,0.0,-3.948047
2019-06-09 05:45:00,4.046484,0.0,-4.046484,0.0,-4.046484,0.0,-4.046484,0.0,-4.046484
2019-06-09 06:00:00,4.004297,4.0249842862175385,0.020687286217538237,3.8097010742686583,-0.19459592573134188,3.7655763595025835,-0.2387206404974167,3.811555706113618,-0.19274129388638217
2019-06-09 06:15:00,3.835547,3.9387504138995237,0.1032034138995237,3.921698065942653,0.08615106594265276,3.871097540564389,0.035550540564389,3.7679219354905014,-0.06762506450949868
2019-06-09 06:30:00,3.846094,4.006359902401543,0.1602659024015427,3.861671187773939,0.015577187773939016,3.6268167571478127,-0.2192772428521872,3.7108405577822023,-0.13525344221779756
2019-06-09 06:45:00,3.726562,3.9858932844829877,0.2593312844829878,3.8811567432771485,0.15459474327714862,3.630718785855758,-0.0958432141442418,3.861392321064084,0.1348303210640842
2019-06-09 07:00:00,3.670312,3.534062537366067,-0.13624946263393323,3.671834008966758,0.001522008966758026,3.657023479885565,-0.01328852011443482,3.7173543249090564,0.047042324909056354
2019-06-09 07:15:00,3.571875,3.400588262170749,-0.17128673782925086,3.5519408105398007,-0.019934189460199203,3.494762911335938,-0.07711208866406194,3.4603497210764123,-0.11152527892358766
2019-06-09 07:30:00,3.371484,3.241218914622573,-0.13026508537742698,3.3233395886787407,-0.04814441132125946,3.4488160306166886,0.07733203061668847,3.427632331245372,0.056148331245371885
2019-06-09 07:45:00,3.174609,3.1893289655482806,0.014719965548280811,3.145971214891697,-0.028637785108302616,3.0854101329548986,-0.08919886704510116,3.158661418582294,-0.015947581417705692
2019-06-09 08:00:00,2.998828,2.966964214774988,-0.0318637852250121,2.9639641773710537,-0.034863822628946384,2.88979666428333,-0.1090313357166699,3.0185248844405823,0.019696884440582263
2019-06-09 08:15:00,2.731641,2.7262728659148148,-0.005368134085185439,2.747649778548277,0.01600877854827676,2.692138067575841,-0.039502932424159365,2.7620435454356467,0.030402545435646466
2019-06-09 08:30:00,2.492578,2.5969423329786974,0.1043643329786974,2.5115710336072086,0.01899303360720861,2.5217694066074623,0.029191406607462334,2.5880470081037283,0.09546900810372838
2019-06-09 08:45:00,2.211328,1.9713970596421821,-0.2399309403578178,2.093072545411923,-0.11825545458807696,2.1891767636007535,-0.022151236399246432,2.239726202333052,0.028398202333052236
2019-06-09 09:00:00,1.923047,1.9193481690413179,-0.0036988309586820645,1.937783049771086,0.014736049771086002,1.8876254399660417,-0.035421560033958244,1.9160406113469663,-0.007006388653033602
2019-06-09 09:15:00,1.652344,1.7214010960160604,0.06905709601606036,1.6574157885474154,0.005071788547415412,1.496984904354772,-0.15535909564522798,1.663612063019149,0.011268063019149066
2019-06-09 09:30:00,1.378125,1.3344935056148914,-0.043631494385108605,1.3033908139403474,-0.07473418605965265,1.3593179439533354,-0.01880705604666466,1.4362320703783211,0.05810707037832108
2019-06-09 09:45:00,1.093359,1.046957325496964,-0.046401674503036006,1.068285443757572,-0.02507355624242802,1.11419932172938,0.020840321729379996,1.1764135691586382,0.08305456915863818
2019-06-09 10:00:00,0.812109,0.8377316845838256,0.02562268458382566,0.8715590891435848,0.05945008914358485,0.8349351129722135,0.022826112972213486,0.9327433944413952,0.12063439444139523
2019-06-09 10:15:00,0.569531,0.752678986240514,0.18314798624051398,0.7025506350196533,0.1330196350196533,0.6266893001881674,0.057158300188167366,0.7001249686511168,0.13059396865111683
2019-06-09 10:30:00,0.365625,0.47708317467530753,0.11145817467530755,0.4724529539816546,0.10682795398165462,0.42566474006111943,0.06003974006111945,0.49615298798063007,0.1305279879806301
2019-06-09 10:45:00,0.210938,0.3169408795889694,0.1060028795889694,0.31126469774935944,0.10032669774935946,0.2729277645260588,0.06198976452605884,0.3678474651215646,0.1569094651215646
2019-06-09 11:00:00,0.105469,0.18619469775458397,0.08072569775458398,0.17655822158399798,0.07108922158399798,0.17882219970937716,0.07335319970937716,0.19967543528584422,0.09420643528584423
2019-06-09 11:15:00,0.017578,0.04815031306103997,0.030572313061039972,0.03899816320731277,0.021420163207312767,0.04239243938120727,0.02481443938120727,0.05385289811132515,0.03627489811132514
2019-06-09 11:30:00,0.0,0.0,0.0,0.0,0.0,0.0,0.0,0.0,0.0
2019-06-09 11:45:00,0.0,0.0,0.0,0.0,0.0,0.0,0.0,0.0,0.0
2019-06-09 12:00:00,0.0,2.125683016956314e-05,2.125683016956314e-05,0.0,0.0,0.0,0.0,0.0,0.0
2019-06-09 12:15:00,0.0,1.3475676478839224e-05,1.3475676478839224e-05,0.0,0.0,0.0,0.0,0.0,0.0
2019-06-09 12:30:00,0.0,1.361611441408707e-05,1.361611441408707e-05,0.0,0.0,0.0,0.0,0.0,0.0
2019-06-09 12:45:00,0.0,1.3937659079040158e-05,1.3937659079040158e-05,0.0,0.0,0.0,0.0,0.0,0.0
2019-06-09 13:00:00,0.0,1.5550770901740323e-05,1.5550770901740323e-05,0.0,0.0,0.0,0.0,0.0,0.0
2019-06-09 13:15:00,0.0,0.0,0.0,0.0,0.0,0.0,0.0,0.0,0.0
2019-06-09 13:30:00,0.0,0.0,0.0,0.0,0.0,0.0,0.0,0.0,0.0
2019-06-09 13:45:00,0.0,0.0,0.0,0.0,0.0,0.0,0.0,0.0,0.0
2019-06-09 14:00:00,0.0,9.71160540527522e-07,9.71160540527522e-07,0.0,0.0,1.1881398265308948e-05,1.1881398265308948e-05,0.0,0.0
2019-06-09 14:15:00,0.0,0.0,0.0,0.0,0.0,0.0,0.0,0.0,0.0
2019-06-09 14:30:00,0.0,9.63843386006392e-07,9.63843386006392e-07,0.0,0.0,0.0,0.0,0.0,0.0
2019-06-09 14:45:00,0.0,2.3049617151203503e-06,2.3049617151203503e-06,1.765174572906966e-07,1.765174572906966e-07,0.00045827336133835695,0.00045827336133835695,0.0,0.0
2019-06-09 15:00:00,0.0,2.3070513192318867e-06,2.3070513192318867e-06,5.70450942878159e-07,5.70450942878159e-07,0.0003732534810157395,0.0003732534810157395,0.0,0.0
2019-06-09 15:15:00,0.0,2.364781959227289e-06,2.364781959227289e-06,5.787007984532375e-07,5.787007984532375e-07,0.0003718585868001019,0.0003718585868001019,0.0,0.0
2019-06-09 15:30:00,0.0,2.8571350790956406e-06,2.8571350790956406e-06,5.722133153407817e-07,5.722133153407817e-07,0.0002336386428583563,0.0002336386428583563,0.0,0.0
2019-06-09 15:45:00,0.0,2.91073368517717e-06,2.91073368517717e-06,1.1483178393548588e-06,1.1483178393548588e-06,0.0003902610833110026,0.0003902610833110026,0.0,0.0
2019-06-09 16:00:00,0.0,3.982606918836042e-07,3.982606918836042e-07,9.184915528525042e-07,9.184915528525042e-07,0.0,0.0,0.0,0.0
2019-06-09 16:15:00,0.0,4.0874019925744256e-07,4.0874019925744256e-07,9.102960392905901e-07,9.102960392905901e-07,0.0,0.0,0.0,0.0
2019-06-09 16:30:00,0.0,4.077726219050041e-07,4.077726219050041e-07,1.0004222252662545e-06,1.0004222252662545e-06,0.0,0.0,0.0,0.0
2019-06-09 16:45:00,0.0,1.482310463226184e-06,1.482310463226184e-06,1.001085466155456e-06,1.001085466155456e-06,0.0,0.0,0.0,0.0
2019-06-09 17:00:00,0.0,4.1286016574747865e-07,4.1286016574747865e-07,2.023581095306098e-06,2.023581095306098e-06,0.0,0.0,0.0,0.0
2019-06-09 17:15:00,0.0,4.129033984788761e-07,4.129033984788761e-07,1.899481791776238e-06,1.899481791776238e-06,0.0,0.0,0.0,0.0
2019-06-09 17:30:00,0.0,0.0,0.0,2.0822004280087986e-06,2.0822004280087986e-06,0.0,0.0,0.0,0.0
2019-06-09 17:45:00,0.0,4.0256407852597744e-07,4.0256407852597744e-07,1.3388271399838132e-06,1.3388271399838132e-06,0.0,0.0,0.0,0.0
2019-06-09 18:00:00,0.0,4.026879505884427e-07,4.026879505884427e-07,1.3275318561656527e-06,1.3275318561656527e-06,0.0,0.0,0.0,0.0
2019-06-09 18:15:00,0.0,4.150615367141615e-07,4.150615367141615e-07,1.9615028118303916e-06,1.9615028118303916e-06,0.0,0.0,0.0,0.0
2019-06-09 18:30:00,0.0,1.484014696091418e-06,1.484014696091418e-06,1.3471640309243994e-06,1.3471640309243994e-06,0.0,0.0,0.0,0.0
2019-06-09 18:45:00,0.0,3.989527594083882e-07,3.989527594083882e-07,1.6200568454346124e-06,1.6200568454346124e-06,0.0,0.0,0.0,0.0
2019-06-09 19:00:00,0.0,0.0,0.0,0.0,0.0,0.0,0.0,0.0,0.0
2019-06-09 19:15:00,0.0,0.0,0.0,0.0,0.0,0.0,0.0,0.0,0.0
2019-06-09 19:30:00,0.0,0.0,0.0,0.0,0.0,0.0,0.0,0.0,0.0
2019-06-09 19:45:00,0.0,0.0,0.0,0.0,0.0,0.0,0.0,0.0,0.0
2019-06-09 20:00:00,0.0,0.0,0.0,0.0,0.0,0.0,0.0,0.0,0.0
2019-06-09 20:15:00,0.0,0.0,0.0,0.0,0.0,0.0,0.0,0.0,0.0
2019-06-09 20:30:00,0.0,0.0,0.0,0.0,0.0,0.0,0.0,0.0,0.0
2019-06-09 20:45:00,0.0,0.0,0.0,0.0,0.0,0.0,0.0,0.0,0.0
2019-06-09 21:00:00,0.0,0.0,0.0,0.0,0.0,0.0,0.0,0.0,0.0
2019-06-09 21:15:00,0.007031,0.0,-0.007031,0.0,-0.007031,0.0,-0.007031,0.0,-0.007031
2019-06-09 21:30:00,0.0,0.0,0.0,0.0,0.0,0.0,0.0,0.0,0.0
2019-06-09 21:45:00,0.1125,0.0,-0.1125,0.0,-0.1125,0.0,-0.1125,0.0,-0.1125
2019-06-09 22:00:00,0.242578,0.0,-0.242578,0.0,-0.242578,0.0,-0.242578,0.0,-0.242578
2019-06-09 22:15:00,0.383203,0.0,-0.383203,0.0,-0.383203,0.0,-0.383203,0.0,-0.383203
2019-06-09 22:30:00,0.5625,0.0,-0.5625,0.0,-0.5625,0.0,-0.5625,0.0,-0.5625
2019-06-09 22:45:00,0.801562,0.0,-0.801562,0.0,-0.801562,0.0,-0.801562,0.0,-0.801562
2019-06-09 23:00:00,1.086328,0.0,-1.086328,0.0,-1.086328,0.0,-1.086328,0.0,-1.086328
2019-06-09 23:15:00,1.335938,0.0,-1.335938,0.0,-1.335938,0.0,-1.335938,0.0,-1.335938
2019-06-09 23:30:00,1.529297,0.0,-1.529297,0.0,-1.529297,0.0,-1.529297,0.0,-1.529297
2019-06-09 23:45:00,1.916016,0.0,-1.916016,0.0,-1.916016,0.0,-1.916016,0.0,-1.916016
2019-06-10 00:00:00,1.887891,0.0,-1.887891,0.0,-1.887891,0.0,-1.887891,0.0,-1.887891
2019-06-10 00:15:00,2.450391,0.0,-2.450391,0.0,-2.450391,0.0,-2.450391,0.0,-2.450391
2019-06-10 00:30:00,2.721094,0.0,-2.721094,0.0,-2.721094,0.0,-2.721094,0.0,-2.721094
2019-06-10 00:45:00,2.977734,0.0,-2.977734,0.0,-2.977734,0.0,-2.977734,0.0,-2.977734
2019-06-10 01:00:00,3.153516,0.0,-3.153516,0.0,-3.153516,0.0,-3.153516,0.0,-3.153516
2019-06-10 01:15:00,3.244922,0.0,-3.244922,0.0,-3.244922,0.0,-3.244922,0.0,-3.244922
2019-06-10 01:30:00,3.346875,0.0,-3.346875,0.0,-3.346875,0.0,-3.346875,0.0,-3.346875
2019-06-10 01:45:00,3.582422,0.0,-3.582422,0.0,-3.582422,0.0,-3.582422,0.0,-3.582422
2019-06-10 02:00:00,3.417187,0.0,-3.417187,0.0,-3.417187,0.0,-3.417187,0.0,-3.417187
2019-06-10 02:15:00,3.832031,0.0,-3.832031,0.0,-3.832031,0.0,-3.832031,0.0,-3.832031
2019-06-10 02:30:00,3.684375,0.0,-3.684375,0.0,-3.684375,0.0,-3.684375,0.0,-3.684375
2019-06-10 02:45:00,4.007812,0.0,-4.007812,0.0,-4.007812,0.0,-4.007812,0.0,-4.007812
2019-06-10 03:00:00,4.035937,0.0,-4.035937,0.0,-4.035937,0.0,-4.035937,0.0,-4.035937
2019-06-10 03:15:00,3.909375,0.0,-3.909375,0.0,-3.909375,0.0,-3.909375,0.0,-3.909375
2019-06-10 03:30:00,4.208203,0.0,-4.208203,0.0,-4.208203,0.0,-4.208203,0.0,-4.208203
2019-06-10 03:45:00,3.568359,0.0,-3.568359,0.0,-3.568359,0.0,-3.568359,0.0,-3.568359
2019-06-10 04:00:00,2.939062,0.0,-2.939062,0.0,-2.939062,0.0,-2.939062,0.0,-2.939062
2019-06-10 04:15:00,4.000781,0.0,-4.000781,0.0,-4.000781,0.0,-4.000781,0.0,-4.000781
2019-06-10 04:30:00,3.121875,0.0,-3.121875,0.0,-3.121875,0.0,-3.121875,0.0,-3.121875
2019-06-10 04:45:00,3.171094,0.0,-3.171094,0.0,-3.171094,0.0,-3.171094,0.0,-3.171094
2019-06-10 05:00:00,3.976172,0.0,-3.976172,0.0,-3.976172,0.0,-3.976172,0.0,-3.976172
2019-06-10 05:15:00,3.856641,0.0,-3.856641,0.0,-3.856641,0.0,-3.856641,0.0,-3.856641
2019-06-10 05:30:00,3.533203,0.0,-3.533203,0.0,-3.533203,0.0,-3.533203,0.0,-3.533203
2019-06-10 05:45:00,3.76875,0.0,-3.76875,0.0,-3.76875,0.0,-3.76875,0.0,-3.76875
2019-06-10 06:00:00,3.740625,3.7607868248894287,0.020161824889428637,3.846394749328348,0.10576974932834782,0.8822627115818295,-2.8583622884181707,3.7877787064712316,0.047153706471231516
2019-06-10 06:15:00,3.462891,3.6509042021170153,0.18801320211701533,3.6351725799918966,0.17228157999189664,0.9144304729920822,-2.5484605270079177,3.781050934735675,0.31815993473567517
2019-06-10 06:30:00,3.564844,3.78427143397055,0.2194274339705502,3.722864048981268,0.15802004898126798,0.8909920117661202,-2.6738519882338796,3.6954966543215617,0.1306526543215618
2019-06-10 06:45:00,3.002344,3.5222965876733032,0.5199525876733033,3.4659918785350423,0.4636478785350424,1.9325474479224136,-1.0697965520775863,3.5693058854303015,0.5669618854303016
2019-06-10 07:00:00,3.202734,3.3497282438171894,0.1469942438171894,3.4373826526159186,0.2346486526159186,1.5830512427066432,-1.6196827572933568,3.4406458873930923,0.23791188739309233
2019-06-10 07:15:00,3.241406,3.4006659521500056,0.15925995215000555,3.3411056948613784,0.09969969486137842,1.466330941287138,-1.775075058712862,3.3882022858255327,0.14679628582553272
2019-06-10 07:30:00,3.051562,3.127417057920226,0.07585505792022573,3.213948994870517,0.16238699487051678,2.3108805003830484,-0.7406814996169517,3.148270926934251,0.0967089269342507
2019-06-10 07:45:00,2.900391,2.878111695964021,-0.022279304035978775,2.8334109144892525,-0.06698008551074741,1.663935816115698,-1.2364551838843019,2.863294370511061,-0.03709662948893877
2019-06-10 08:00:00,2.358984,2.641206771784965,0.28222277178496524,2.6172497079160952,0.25826570791609527,1.9168963516178241,-0.44208764838217585,2.698831442509385,0.3398474425093849
2019-06-10 08:15:00,2.562891,2.4671105905236193,-0.09578040947638078,2.536580200030643,-0.026310799969357035,1.7256689629539006,-0.8372220370460994,2.459606960684798,-0.10328403931520214
2019-06-10 08:30:00,2.390625,2.2184120701942653,-0.17221292980573466,2.2785450545437262,-0.11207994545627376,2.012993277301842,-0.3776317226981578,2.286020164028192,-0.10460483597180792
2019-06-10 08:45:00,2.091797,2.0885167141165755,-0.0032802858834246607,2.0461445180404345,-0.045652481959565616,1.758725176209299,-0.3330718237907011,2.3711922584645158,0.27939525846451563
2019-06-10 09:00:00,1.873828,1.8390070297403929,-0.034820970259607176,1.8138371004474247,-0.059990899552575305,1.3043477475544865,-0.5694802524455136,1.8780811478408557,0.00425314784085562
2019-06-10 09:15:00,1.599609,1.7065079598468451,0.10689895984684505,1.662132144368491,0.06252314436849105,1.2833930353401617,-0.31621596465983837,1.6784046309849903,0.0787956309849902
2019-06-10 09:30:00,1.321875,1.2908565201550026,-0.031018479844997282,1.2067711131898287,-0.11510388681017125,1.3001482060381857,-0.021726793961814206,1.355878116621945,0.034003116621944995
2019-06-10 09:45:00,1.082812,1.1002846479113808,0.0174726479113807,1.107678322973328,0.024866322973327915,0.957829135987982,-0.12498286401201808,1.1084049744239959,0.025592974423995773
2019-06-10 10:00:00,0.819141,1.0318468568659542,0.21270585686595422,0.9791338636947486,0.15999286369474863,0.799824333338686,-0.01931666666131404,1.0004799975572296,0.1813389975572296
2019-06-10 10:15:00,0.580078,0.7566871826783841,0.1766091826783841,0.6905499272439725,0.11047192724397248,0.6016288595428685,0.021550859542868506,0.7368286793591386,0.15675067935913867
2019-06-10 10:30:00,0.376172,0.5178615772468814,0.14168957724688142,0.5143531138096248,0.13818111380962478,0.4189741031990359,0.04280210319903588,0.5105563314962515,0.13438433149625145
2019-06-10 10:45:00,0.207422,0.2822517673471445,0.07482976734714453,0.2889774999343139,0.08155549993431388,0.24673856653634238,0.039316566536342384,0.33684673153302624,0.12942473153302625
2019-06-10 11:00:00,0.101953,0.18993168099118565,0.08797868099118565,0.16581860788965264,0.06386560788965263,0.14885656361683133,0.04690356361683133,0.18446453213672453,0.08251153213672453
2019-06-10 11:15:00,0.031641,0.05276136416744295,0.02112036416744295,0.03953232758082801,0.007891327580828007,0.03004378283157714,-0.001597217168422864,0.06344510119095695,0.031804101190956946
2019-06-10 11:30:00,0.0,0.0,0.0,0.0,0.0,0.0007411166405511678,0.0007411166405511678,0.0,0.0
2019-06-10 11:45:00,0.0,0.0007036602687142812,0.0007036602687142812,0.0,0.0,0.0,0.0,0.0,0.0
2019-06-10 12:00:00,0.0,0.00036145556658328013,0.00036145556658328013,2.5955097818949394e-07,2.5955097818949394e-07,0.0,0.0,0.0,0.0
2019-06-10 12:15:00,0.0,0.0002499896158844611,0.0002499896158844611,0.0,0.0,0.0,0.0,0.0,0.0
2019-06-10 12:30:00,0.0,0.0001990546846538776,0.0001990546846538776,0.0,0.0,0.0005936589390735024,0.0005936589390735024,0.0,0.0
2019-06-10 12:45:00,0.0,1.2759594871230722e-06,1.2759594871230722e-06,0.0,0.0,0.00038733165498386086,0.00038733165498386086,0.0,0.0
2019-06-10 13:00:00,0.0,1.2286479704313455e-06,1.2286479704313455e-06,0.0,0.0,0.0,0.0,0.0,0.0
2019-06-10 13:15:00,0.0,7.698503108354716e-07,7.698503108354716e-07,0.0,0.0,0.0,0.0,0.0,0.0
2019-06-10 13:30:00,0.0,7.560684316672826e-07,7.560684316672826e-07,0.0,0.0,0.0,0.0,0.0,0.0
2019-06-10 13:45:00,0.0,7.331156666482997e-07,7.331156666482997e-07,0.0,0.0,0.0,0.0,0.0,0.0
2019-06-10 14:00:00,0.0,1.291810940377332e-06,1.291810940377332e-06,0.0,0.0,0.0,0.0,0.0,0.0
2019-06-10 14:15:00,0.0,1.1933606572089867e-06,1.1933606572089867e-06,0.0,0.0,0.0,0.0,0.0,0.0
2019-06-10 14:30:00,0.0,1.2429145403705405e-06,1.2429145403705405e-06,0.0,0.0,0.0,0.0,0.0,0.0
2019-06-10 14:45:00,0.0,1.3086528708650252e-06,1.3086528708650252e-06,0.0,0.0,0.0,0.0,0.0,0.0
2019-06-10 15:00:00,0.0,1.2985158330231861e-06,1.2985158330231861e-06,0.0,0.0,0.0,0.0,0.0,0.0
2019-06-10 15:15:00,0.0,5.009011977304524e-06,5.009011977304524e-06,2.04873405248842e-05,2.04873405248842e-05,0.0,0.0,0.0,0.0
2019-06-10 15:30:00,0.0,5.130806402581383e-06,5.130806402581383e-06,5.140224315830868e-07,5.140224315830868e-07,0.0,0.0,0.0,0.0
2019-06-10 15:45:00,0.0,5.0408428426728705e-06,5.0408428426728705e-06,0.0,0.0,0.0,0.0,0.0,0.0
2019-06-10 16:00:00,0.0,7.46708035459848e-07,7.46708035459848e-07,0.0,0.0,0.0,0.0,0.0,0.0
2019-06-10 16:15:00,0.0,1.2131752802985825e-06,1.2131752802985825e-06,0.0,0.0,0.0,0.0,0.0,0.0
2019-06-10 16:30:00,0.0,1.2635353969954237e-06,1.2635353969954237e-06,0.0,0.0,0.00010673066535460631,0.00010673066535460631,0.0,0.0
2019-06-10 16:45:00,0.0,1.2678349181771876e-06,1.2678349181771876e-06,7.850437297027708e-07,7.850437297027708e-07,0.0,0.0,0.0,0.0
2019-06-10 17:00:00,0.0,1.262143996739753e-06,1.262143996739753e-06,7.546398636545974e-07,7.546398636545974e-07,0.0,0.0,0.0,0.0
2019-06-10 17:15:00,0.0,1.2775320113904602e-06,1.2775320113904602e-06,8.798316169791895e-07,8.798316169791895e-07,0.0,0.0,0.0,0.0
2019-06-10 17:30:00,0.0,1.2920940618998432e-06,1.2920940618998432e-06,7.37623576499223e-07,7.37623576499223e-07,0.0,0.0,0.0,0.0
2019-06-10 17:45:00,0.0,1.2598661633348895e-06,1.2598661633348895e-06,8.793827689721803e-07,8.793827689721803e-07,0.0,0.0,0.0,0.0
2019-06-10 18:00:00,0.0,2.6909432477701658e-06,2.6909432477701658e-06,1.9967386860708406e-06,1.9967386860708406e-06,0.0,0.0,0.0,0.0
2019-06-10 18:15:00,0.0,1.2459880709565074e-06,1.2459880709565074e-06,2.0055218825146865e-06,2.0055218825146865e-06,0.0,0.0,0.0,0.0
2019-06-10 18:30:00,0.0,2.6445500777260793e-06,2.6445500777260793e-06,3.5586670973071616e-06,3.5586670973071616e-06,0.0,0.0,0.0,0.0
2019-06-10 18:45:00,0.0,2.680404572823561e-06,2.680404572823561e-06,1.3731579291356032e-06,1.3731579291356032e-06,0.0,0.0,0.0,0.0
2019-06-10 19:00:00,0.0,0.0,0.0,0.0,0.0,0.0,0.0,0.0,0.0
2019-06-10 19:15:00,0.0,0.0,0.0,0.0,0.0,0.0,0.0,0.0,0.0
2019-06-10 19:30:00,0.0,0.0,0.0,0.0,0.0,0.0,0.0,0.0,0.0
2019-06-10 19:45:00,0.0,0.0,0.0,0.0,0.0,0.0,0.0,0.0,0.0
2019-06-10 20:00:00,0.0,0.0,0.0,0.0,0.0,0.0,0.0,0.0,0.0
2019-06-10 20:15:00,0.0,0.0,0.0,0.0,0.0,0.0,0.0,0.0,0.0
2019-06-10 20:30:00,0.0,0.0,0.0,0.0,0.0,0.0,0.0,0.0,0.0
2019-06-10 20:45:00,0.0,0.0,0.0,0.0,0.0,0.0,0.0,0.0,0.0
2019-06-10 21:00:00,0.0,0.0,0.0,0.0,0.0,0.0,0.0,0.0,0.0
2019-06-10 21:15:00,0.0,0.0,0.0,0.0,0.0,0.0,0.0,0.0,0.0
2019-06-10 21:30:00,0.077344,0.0,-0.077344,0.0,-0.077344,0.0,-0.077344,0.0,-0.077344
2019-06-10 21:45:00,0.147656,0.0,-0.147656,0.0,-0.147656,0.0,-0.147656,0.0,-0.147656
2019-06-10 22:00:00,0.249609,0.0,-0.249609,0.0,-0.249609,0.0,-0.249609,0.0,-0.249609
2019-06-10 22:15:00,0.379687,0.0,-0.379687,0.0,-0.379687,0.0,-0.379687,0.0,-0.379687
2019-06-10 22:30:00,0.544922,0.0,-0.544922,0.0,-0.544922,0.0,-0.544922,0.0,-0.544922
2019-06-10 22:45:00,0.748828,0.0,-0.748828,0.0,-0.748828,0.0,-0.748828,0.0,-0.748828
2019-06-10 23:00:00,0.994922,0.0,-0.994922,0.0,-0.994922,0.0,-0.994922,0.0,-0.994922
2019-06-10 23:15:00,1.244531,0.0,-1.244531,0.0,-1.244531,0.0,-1.244531,0.0,-1.244531
2019-06-10 23:30:00,1.515234,0.0,-1.515234,0.0,-1.515234,0.0,-1.515234,0.0,-1.515234
2019-06-10 23:45:00,1.792969,0.0,-1.792969,0.0,-1.792969,0.0,-1.792969,0.0,-1.792969
2019-06-11 00:00:00,2.042578,0.0,-2.042578,0.0,-2.042578,0.0,-2.042578,0.0,-2.042578
2019-06-11 00:15:00,2.281641,0.0,-2.281641,0.0,-2.281641,0.0,-2.281641,0.0,-2.281641
2019-06-11 00:30:00,2.510156,0.0,-2.510156,0.0,-2.510156,0.0,-2.510156,0.0,-2.510156
2019-06-11 00:45:00,2.731641,0.0,-2.731641,0.0,-2.731641,0.0,-2.731641,0.0,-2.731641
2019-06-11 01:00:00,2.974219,0.0,-2.974219,0.0,-2.974219,0.0,-2.974219,0.0,-2.974219
2019-06-11 01:15:00,3.142969,0.0,-3.142969,0.0,-3.142969,0.0,-3.142969,0.0,-3.142969
2019-06-11 01:30:00,3.325781,0.0,-3.325781,0.0,-3.325781,0.0,-3.325781,0.0,-3.325781
2019-06-11 01:45:00,3.441797,0.0,-3.441797,0.0,-3.441797,0.0,-3.441797,0.0,-3.441797
2019-06-11 02:00:00,3.603516,0.0,-3.603516,0.0,-3.603516,0.0,-3.603516,0.0,-3.603516
2019-06-11 02:15:00,3.63164,0.0,-3.63164,0.0,-3.63164,0.0,-3.63164,0.0,-3.63164
2019-06-11 02:30:00,3.716016,0.0,-3.716016,0.0,-3.716016,0.0,-3.716016,0.0,-3.716016
2019-06-11 02:45:00,3.747656,0.0,-3.747656,0.0,-3.747656,0.0,-3.747656,0.0,-3.747656
2019-06-11 03:00:00,3.684375,0.0,-3.684375,0.0,-3.684375,0.0,-3.684375,0.0,-3.684375
2019-06-11 03:15:00,3.670312,0.0,-3.670312,0.0,-3.670312,0.0,-3.670312,0.0,-3.670312
2019-06-11 03:30:00,3.7125,0.0,-3.7125,0.0,-3.7125,0.0,-3.7125,0.0,-3.7125
2019-06-11 03:45:00,3.663281,0.0,-3.663281,0.0,-3.663281,0.0,-3.663281,0.0,-3.663281
2019-06-11 04:00:00,3.522656,0.0,-3.522656,0.0,-3.522656,0.0,-3.522656,0.0,-3.522656
2019-06-11 04:15:00,3.747656,0.0,-3.747656,0.0,-3.747656,0.0,-3.747656,0.0,-3.747656
2019-06-11 04:30:00,3.617578,0.0,-3.617578,0.0,-3.617578,0.0,-3.617578,0.0,-3.617578
2019-06-11 04:45:00,3.701953,0.0,-3.701953,0.0,-3.701953,0.0,-3.701953,0.0,-3.701953
2019-06-11 05:00:00,3.635156,0.0,-3.635156,0.0,-3.635156,0.0,-3.635156,0.0,-3.635156
2019-06-11 05:15:00,3.607031,0.0,-3.607031,0.0,-3.607031,0.0,-3.607031,0.0,-3.607031
2019-06-11 05:30:00,3.582422,0.0,-3.582422,0.0,-3.582422,0.0,-3.582422,0.0,-3.582422
2019-06-11 05:45:00,3.645703,0.0,-3.645703,0.0,-3.645703,0.0,-3.645703,0.0,-3.645703
2019-06-11 06:00:00,3.389062,3.4416853449079507,0.05262334490795073,3.589903844027703,0.2008418440277029,2.6787304752525296,-0.7103315247474704,3.5919114347892873,0.2028494347892873
2019-06-11 06:15:00,3.417187,3.4118945725116645,-0.005292427488335694,3.582498307497377,0.16531130749737688,2.8412570825372483,-0.5759299174627519,3.5462195057553414,0.1290325057553412
2019-06-11 06:30:00,3.174609,3.559570815586755,0.38496181558675513,3.3680066946744254,0.19339769467442558,3.0375595523695,-0.13704944763049998,3.5017407386618338,0.327131738661834
2019-06-11 06:45:00,3.128906,3.1574886868139895,0.028582686813989344,3.139118032797105,0.010212032797104698,3.2684936804237648,0.13958768042376457,3.229592417420068,0.1006864174200679
2019-06-11 07:00:00,3.132422,3.3868605523861435,0.25443855238614344,3.149571761221821,0.01714976122182099,3.445223101460289,0.31280110146028894,3.390106559163646,0.25768455916364585
2019-06-11 07:15:00,3.09375,3.152792894792862,0.059042894792861844,2.999396246388454,-0.09435375361154597,3.3244323611028594,0.23068236110285945,2.991378659745369,-0.1023713402546309
2019-06-11 07:30:00,2.925,2.8652757500598214,-0.05972424994017844,2.724935483225011,-0.20006451677498882,2.6935703679080314,-0.23142963209196843,2.8031888716419897,-0.12181112835801011
2019-06-11 07:45:00,2.513672,2.573965293533112,0.06029329353311175,2.585103734190104,0.07143173419010385,2.7185574246915674,0.20488542469156723,2.5879955081985675,0.07432350819856737
2019-06-11 08:00:00,1.437891,1.5949211361533064,0.1570301361533064,1.636279520859757,0.1983885208597569,1.5236564741454028,0.08576547414540281,1.7157875571623207,0.27789655716232065
2019-06-11 08:15:00,2.5875,2.514775587940884,-0.07272441205911573,2.472497407459854,-0.11500259254014589,1.966819680571522,-0.620680319428478,2.625929726355995,0.038429726355995175
2019-06-11 08:30:00,2.390625,2.3664151317983726,-0.024209868201627405,2.255285109670273,-0.13533989032972693,2.282990010294662,-0.10763498970533814,2.413560145561597,0.022935145561596926
2019-06-11 08:45:00,1.905469,1.836308271144216,-0.06916072885578406,2.015637610327852,0.11016861032785208,1.9221326360158435,0.01666363601584342,2.1446130916122486,0.23914409161224848
2019-06-11 09:00:00,1.655859,1.6560032117298462,0.0001442117298462442,1.6202729776414633,-0.035586022358536695,1.6133882823283439,-0.04247071767165611,1.7023981718565684,0.04653917185656842
2019-06-11 09:15:00,1.188281,1.2941328030249446,0.10585180302494468,1.2906789998852233,0.10239799988522336,1.1905739541626996,0.0022929541626997008,1.3828620317226832,0.19458103172268326
2019-06-11 09:30:00,0.882422,0.9091937740889825,0.02677177408898246,1.022190238207799,0.13976823820779893,0.9863299304473726,0.10390793044737257,1.0184359242038772,0.13601392420387715
2019-06-11 09:45:00,0.646875,0.7284221494787977,0.08154714947879771,0.710310115122747,0.06343511512274702,0.7403056465190337,0.09343064651903377,0.7620942826671225,0.11521928266712256
2019-06-11 10:00:00,0.762891,0.8469625351978192,0.08407153519781918,0.8095451968909624,0.046654196890962396,0.8279442353760189,0.06505323537601893,0.7471085138847786,-0.015782486115221372
2019-06-11 10:15:00,0.439453,0.4984156304084998,0.058962630408499805,0.5703975944701275,0.13094459447012752,0.5004405085547654,0.060987508554765424,0.5945360158611168,0.15508301586111684
2019-06-11 10:30:00,0.284766,0.3556335085870714,0.07086750858707136,0.34726084248166383,0.062494842481663815,0.3464771894617545,0.06171118946175447,0.34502887771511304,0.06026287771511302
2019-06-11 10:45:00,0.189844,0.17065513459220066,-0.01918886540779935,0.18738835005136323,-0.0024556499486367844,0.23373638466855834,0.043892384668558326,0.21690797365640824,0.027063973656408224
2019-06-11 11:00:00,0.0,0.027205083941153597,0.027205083941153597,0.04160059153253338,0.04160059153253338,0.04546351697344068,0.04546351697344068,0.0305421670602437,0.0305421670602437
2019-06-11 11:15:00,0.0,0.007255468945863355,0.007255468945863355,0.009193569449054442,0.009193569449054442,0.0007375136893406048,0.0007375136893406048,0.010086330765276368,0.010086330765276368
2019-06-11 11:30:00,0.0,0.0,0.0,0.0,0.0,0.0,0.0,0.0,0.0
2019-06-11 11:45:00,0.0,0.001976609206396349,0.001976609206396349,0.0006764497348349161,0.0006764497348349161,0.0,0.0,0.0,0.0
2019-06-11 12:00:00,0.0,0.00041778573884399613,0.00041778573884399613,7.110755216781345e-05,7.110755216781345e-05,0.0,0.0,0.0,0.0
2019-06-11 12:15:00,0.0,0.0010720852274039936,0.0010720852274039936,0.00028526135278324915,0.00028526135278324915,0.0,0.0,0.0,0.0
2019-06-11 12:30:00,0.0,0.0,0.0,9.393557049354019e-05,9.393557049354019e-05,0.0,0.0,0.0,0.0
2019-06-11 12:45:00,0.0,0.0,0.0,0.00022142226329946498,0.00022142226329946498,0.0,0.0,0.0,0.0
2019-06-11 13:00:00,0.0,0.0,0.0,5.8394843033590064e-05,5.8394843033590064e-05,0.0,0.0,0.0,0.0
2019-06-11 13:15:00,0.0,0.0,0.0,0.0,0.0,0.001899079587233812,0.001899079587233812,0.0,0.0
2019-06-11 13:30:00,0.0,0.0,0.0,0.0,0.0,0.0,0.0,0.0,0.0
2019-06-11 13:45:00,0.0,5.213979115364067e-05,5.213979115364067e-05,0.0,0.0,0.0,0.0,0.0,0.0
2019-06-11 14:00:00,0.0,5.334206073427306e-05,5.334206073427306e-05,0.0,0.0,1.1735974101934821e-05,1.1735974101934821e-05,0.0,0.0
2019-06-11 14:15:00,0.0,0.0,0.0,0.0,0.0,4.558496236031804e-05,4.558496236031804e-05,0.0,0.0
2019-06-11 14:30:00,0.0,0.0,0.0,0.0,0.0,5.5938363214906894e-05,5.5938363214906894e-05,0.0,0.0
2019-06-11 14:45:00,0.0,0.0,0.0,0.0,0.0,0.0,0.0,0.0,0.0
2019-06-11 15:00:00,0.0,0.0,0.0,0.0,0.0,0.0,0.0,0.0,0.0
2019-06-11 15:15:00,0.0,0.0,0.0,0.0,0.0,0.0,0.0,0.0,0.0
2019-06-11 15:30:00,0.0,2.0291673820447502e-07,2.0291673820447502e-07,0.0,0.0,0.0,0.0,0.0,0.0
2019-06-11 15:45:00,0.0,0.0,0.0,0.0,0.0,0.0,0.0,0.0,0.0
2019-06-11 16:00:00,0.0,2.0101615633840516e-07,2.0101615633840516e-07,0.0,0.0,0.0,0.0,0.0,0.0
2019-06-11 16:15:00,0.0,0.0,0.0,0.0,0.0,0.0,0.0,0.0,0.0
2019-06-11 16:30:00,0.0,7.08917513505028e-07,7.08917513505028e-07,0.0,0.0,0.0,0.0,0.0,0.0
2019-06-11 16:45:00,0.0,7.037014477642283e-07,7.037014477642283e-07,0.0,0.0,0.0,0.0,0.0,0.0
2019-06-11 17:00:00,0.0,4.085452019004736e-07,4.085452019004736e-07,0.0,0.0,0.0,0.0,0.0,0.0
2019-06-11 17:15:00,0.0,2.0135487482040375e-07,2.0135487482040375e-07,0.0,0.0,0.0,0.0,0.0,0.0
2019-06-11 17:30:00,0.0,3.9954439753033654e-07,3.9954439753033654e-07,0.0,0.0,0.0003973896088225605,0.0003973896088225605,0.0,0.0
2019-06-11 17:45:00,0.0,4.021078005340079e-07,4.021078005340079e-07,0.0,0.0,0.0003863650903494894,0.0003863650903494894,0.0,0.0
2019-06-11 18:00:00,0.0,4.171471089403417e-07,4.171471089403417e-07,0.0,0.0,5.359840685310257e-05,5.359840685310257e-05,0.0,0.0
2019-06-11 18:15:00,0.0,4.1161563517637965e-07,4.1161563517637965e-07,0.0,0.0,0.0,0.0,0.0,0.0
2019-06-11 18:30:00,0.0,4.030206180319614e-07,4.030206180319614e-07,0.0,0.0,6.170494597806078e-05,6.170494597806078e-05,0.0,0.0
2019-06-11 18:45:00,0.0,3.895080075476709e-07,3.895080075476709e-07,0.0,0.0,5.639601188084422e-05,5.639601188084422e-05,0.0,0.0
2019-06-11 19:00:00,0.0,0.0,0.0,0.0,0.0,0.0,0.0,0.0,0.0
2019-06-11 19:15:00,0.0,0.0,0.0,0.0,0.0,0.0,0.0,0.0,0.0
2019-06-11 19:30:00,0.0,0.0,0.0,0.0,0.0,0.0,0.0,0.0,0.0
2019-06-11 19:45:00,0.0,0.0,0.0,0.0,0.0,0.0,0.0,0.0,0.0
2019-06-11 20:00:00,0.0,0.0,0.0,0.0,0.0,0.0,0.0,0.0,0.0
2019-06-11 20:15:00,0.0,0.0,0.0,0.0,0.0,0.0,0.0,0.0,0.0
2019-06-11 20:30:00,0.0,0.0,0.0,0.0,0.0,0.0,0.0,0.0,0.0
2019-06-11 20:45:00,0.0,0.0,0.0,0.0,0.0,0.0,0.0,0.0,0.0
2019-06-11 21:00:00,0.0,0.0,0.0,0.0,0.0,0.0,0.0,0.0,0.0
2019-06-11 21:15:00,0.0,0.0,0.0,0.0,0.0,0.0,0.0,0.0,0.0
2019-06-11 21:30:00,0.0,0.0,0.0,0.0,0.0,0.0,0.0,0.0,0.0
2019-06-11 21:45:00,0.035156,0.0,-0.035156,0.0,-0.035156,0.0,-0.035156,0.0,-0.035156
2019-06-11 22:00:00,0.158203,0.0,-0.158203,0.0,-0.158203,0.0,-0.158203,0.0,-0.158203
2019-06-11 22:15:00,0.207422,0.0,-0.207422,0.0,-0.207422,0.0,-0.207422,0.0,-0.207422
2019-06-11 22:30:00,0.277734,0.0,-0.277734,0.0,-0.277734,0.0,-0.277734,0.0,-0.277734
2019-06-11 22:45:00,0.499219,0.0,-0.499219,0.0,-0.499219,0.0,-0.499219,0.0,-0.499219
2019-06-11 23:00:00,0.791016,0.0,-0.791016,0.0,-0.791016,0.0,-0.791016,0.0,-0.791016
2019-06-11 23:15:00,1.086328,0.0,-1.086328,0.0,-1.086328,0.0,-1.086328,0.0,-1.086328
2019-06-11 23:30:00,1.142578,0.0,-1.142578,0.0,-1.142578,0.0,-1.142578,0.0,-1.142578
2019-06-11 23:45:00,1.490625,0.0,-1.490625,0.0,-1.490625,0.0,-1.490625,0.0,-1.490625
2019-06-12 00:00:00,1.754297,0.0,-1.754297,0.0,-1.754297,0.0,-1.754297,0.0,-1.754297
2019-06-12 00:15:00,2.049609,0.0,-2.049609,0.0,-2.049609,0.0,-2.049609,0.0,-2.049609
2019-06-12 00:30:00,1.894922,0.0,-1.894922,0.0,-1.894922,0.0,-1.894922,0.0,-1.894922
2019-06-12 00:45:00,1.110937,0.0,-1.110937,0.0,-1.110937,0.0,-1.110937,0.0,-1.110937
2019-06-12 01:00:00,1.437891,0.0,-1.437891,0.0,-1.437891,0.0,-1.437891,0.0,-1.437891
2019-06-12 01:15:00,1.458984,0.0,-1.458984,0.0,-1.458984,0.0,-1.458984,0.0,-1.458984
2019-06-12 01:30:00,1.413281,0.0,-1.413281,0.0,-1.413281,0.0,-1.413281,0.0,-1.413281
2019-06-12 01:45:00,1.501172,0.0,-1.501172,0.0,-1.501172,0.0,-1.501172,0.0,-1.501172
2019-06-12 02:00:00,1.501172,0.0,-1.501172,0.0,-1.501172,0.0,-1.501172,0.0,-1.501172
2019-06-12 02:15:00,1.905469,0.0,-1.905469,0.0,-1.905469,0.0,-1.905469,0.0,-1.905469
2019-06-12 02:30:00,1.891406,0.0,-1.891406,0.0,-1.891406,0.0,-1.891406,0.0,-1.891406
2019-06-12 02:45:00,1.8,0.0,-1.8,0.0,-1.8,0.0,-1.8,0.0,-1.8
2019-06-12 03:00:00,1.764844,0.0,-1.764844,0.0,-1.764844,0.0,-1.764844,0.0,-1.764844
2019-06-12 03:15:00,1.849219,0.0,-1.849219,0.0,-1.849219,0.0,-1.849219,0.0,-1.849219
2019-06-12 03:30:00,2.049609,0.0,-2.049609,0.0,-2.049609,0.0,-2.049609,0.0,-2.049609
2019-06-12 03:45:00,1.916016,0.0,-1.916016,0.0,-1.916016,0.0,-1.916016,0.0,-1.916016
2019-06-12 04:00:00,1.930078,0.0,-1.930078,0.0,-1.930078,0.0,-1.930078,0.0,-1.930078
2019-06-12 04:15:00,2.232422,0.0,-2.232422,0.0,-2.232422,0.0,-2.232422,0.0,-2.232422
2019-06-12 04:30:00,3.691406,0.0,-3.691406,0.0,-3.691406,0.0,-3.691406,0.0,-3.691406
2019-06-12 04:45:00,3.287109,0.0,-3.287109,0.0,-3.287109,0.0,-3.287109,0.0,-3.287109
2019-06-12 05:00:00,2.721094,0.0,-2.721094,0.0,-2.721094,0.0,-2.721094,0.0,-2.721094
2019-06-12 05:15:00,2.098828,0.0,-2.098828,0.0,-2.098828,0.0,-2.098828,0.0,-2.098828
2019-06-12 05:30:00,2.014453,0.0,-2.014453,0.0,-2.014453,0.0,-2.014453,0.0,-2.014453
2019-06-12 05:45:00,1.708594,0.0,-1.708594,0.0,-1.708594,0.0,-1.708594,0.0,-1.708594
2019-06-12 06:00:00,1.891406,1.9118820842509245,0.02047608425092462,1.682536872814096,-0.208869127185904,1.8949463357955965,0.0035403357955965387,1.7039174175101532,-0.18748858248984668
2019-06-12 06:15:00,3.779297,3.4901253844648936,-0.2891716155351065,3.2290752840417527,-0.5502217159582474,3.25160460757805,-0.5276923924219501,3.556058214204054,-0.22323878579594592
2019-06-12 06:30:00,3.367969,3.434392024000026,0.06642302400002587,3.2595704792148448,-0.10839852078515522,3.4190169416478104,0.05104794164781046,3.278145888201238,-0.08982311179876179
2019-06-12 06:45:00,3.578906,3.1451512529178935,-0.4337547470821064,3.3279057865397417,-0.25100021346025825,3.088962493949881,-0.48994350605011894,3.4790527218910214,-0.09985327810897848
2019-06-12 07:00:00,2.3625,2.3032984086978527,-0.05920159130214708,2.26480093977781,-0.09769906022218988,2.563401797311513,0.20090179731151325,2.440772435161245,0.07827243516124538
2019-06-12 07:15:00,3.195703,3.0363134265979275,-0.1593895734020725,2.8812723169454606,-0.31443068305453936,2.824202552758808,-0.3715004472411918,2.974816946565272,-0.2208860534347279
2019-06-12 07:30:00,3.016406,3.098291606810904,0.08188560681090395,2.935859365404722,-0.08054663459527811,2.909277833644762,-0.10712816635523792,3.024123092477975,0.007717092477975029
2019-06-12 07:45:00,3.114844,2.8125305182400435,-0.30231348175995665,2.8687257130412074,-0.2461182869587928,3.0574749871437983,-0.057369012856201884,2.8722554199040613,-0.24258858009593887
2019-06-12 08:00:00,2.844141,2.7816683962649633,-0.062472603735036714,2.747352529615704,-0.09678847038429605,2.7333140652918178,-0.11082693470818228,2.973863749013494,0.129722749013494
2019-06-12 08:15:00,1.676953,1.623773435831869,-0.053179564168130966,1.6106084259702473,-0.06634457402975258,1.4402649036474051,-0.2366880963525948,1.757582154975677,0.08062915497567702
2019-06-12 08:30:00,1.047656,0.9153818183351697,-0.13227418166483018,1.03767298786224,-0.009983012137759983,0.9666490545415423,-0.08100694545845766,1.160081689142906,0.11242568914290607
2019-06-12 08:45:00,1.072266,1.1703478030394616,0.09808180303946168,1.1366738048149543,0.06440780481495434,0.8499643592676038,-0.2223016407323961,1.202207306817918,0.12994130681791805
2019-06-12 09:00:00,0.801562,0.7868837480347783,-0.014678251965221656,0.7173811115798361,-0.08418088842016391,0.6901367536396329,-0.1114252463603671,0.782106365047833,-0.019455634952166956
2019-06-12 09:15:00,0.675,0.6746822578452157,-0.00031774215478430623,0.6749315847579039,-6.841524209610927e-05,0.5974925991255944,-0.07750740087440566,0.6564781495319488,-0.018521850468051215
2019-06-12 09:30:00,0.699609,0.6173245092704086,-0.08228449072959143,0.6326562052469672,-0.06695279475303284,0.7670521644337084,0.06744316443370835,0.6524498022475921,-0.047159197752407955
2019-06-12 09:45:00,0.544922,0.5539765664348507,0.009054566434850697,0.557666434211363,0.012744434211362954,0.40460035877914113,-0.14032164122085888,0.560008912437698,0.015086912437697997
2019-06-12 10:00:00,0.439453,0.4518951612967968,0.012442161296796816,0.4468178734453383,0.007364873445338316,0.42487502619745865,-0.014577973802541333,0.4469738709051449,0.007520870905144916
2019-06-12 10:15:00,0.312891,0.3096083367816869,-0.0032826632183130533,0.31103120449731503,-0.0018597955026849466,0.30646130929589444,-0.0064296907041055396,0.32381870628194015,0.010927706281940175
2019-06-12 10:30:00,0.217969,0.22790985606750036,0.009940856067500364,0.22716406220855856,0.009195062208558563,0.23869387653604351,0.02072487653604352,0.23047902081026295,0.01251002081026295
2019-06-12 10:45:00,0.140625,0.14175262972117633,0.001127629721176332,0.15588069145134603,0.015255691451346032,0.15298500277082033,0.012360002770820333,0.13614156373018854,-0.004483436269811458
2019-06-12 11:00:00,0.024609,0.043442082728780716,0.018833082728780717,0.053389135271926666,0.028780135271926667,0.04811150780724676,0.02350250780724676,0.0374553778177154,0.012846377817715401
2019-06-12 11:15:00,0.0,0.002532826701515075,0.002532826701515075,0.0023153854346703823,0.0023153854346703823,0.011079289208565074,0.011079289208565074,0.0020464716672207277,0.0020464716672207277
2019-06-12 11:30:00,0.0,0.00011496089260783194,0.00011496089260783194,0.0,0.0,0.0,0.0,0.0,0.0
2019-06-12 11:45:00,0.0,0.0,0.0,0.0,0.0,0.0,0.0,0.0,0.0
2019-06-12 12:00:00,0.0,0.0,0.0,0.0002246493124464016,0.0002246493124464016,0.002148097441588796,0.002148097441588796,0.0,0.0
2019-06-12 12:15:00,0.0,0.00043466322673066035,0.00043466322673066035,3.2440709574114114e-05,3.2440709574114114e-05,0.0,0.0,0.0,0.0
2019-06-12 12:30:00,0.0,0.0,0.0,0.0,0.0,0.00269164204282353,0.00269164204282353,0.0,0.0
2019-06-12 12:45:00,0.0,0.00019030069133460107,0.00019030069133460107,8.009834580624234e-05,8.009834580624234e-05,0.0032367349609629366,0.0032367349609629366,0.0,0.0
2019-06-12 13:00:00,0.0,0.00026944477263010316,0.00026944477263010316,0.0,0.0,0.0,0.0,0.0,0.0
2019-06-12 13:15:00,0.0,0.000259886216731033,0.000259886216731033,0.0,0.0,0.0,0.0,0.0,0.0
2019-06-12 13:30:00,0.0,0.00026515842023777143,0.00026515842023777143,0.0,0.0,0.0014673540714252482,0.0014673540714252482,0.0,0.0
2019-06-12 13:45:00,0.0,0.0,0.0,0.0,0.0,0.003526989529363808,0.003526989529363808,0.0,0.0
2019-06-12 14:00:00,0.0,0.0,0.0,0.0,0.0,0.005169694039670263,0.005169694039670263,0.0,0.0
2019-06-12 14:15:00,0.0,0.0019436957933007448,0.0019436957933007448,0.0,0.0,0.0044733624614317945,0.0044733624614317945,0.0,0.0
2019-06-12 14:30:00,0.0,0.0,0.0,0.0,0.0,1.3302580591627944e-05,1.3302580591627944e-05,0.0,0.0
2019-06-12 14:45:00,0.0,0.0,0.0,0.0,0.0,0.000127159165471798,0.000127159165471798,0.0,0.0
2019-06-12 15:00:00,0.0,0.0,0.0,0.0,0.0,8.483934905302424e-05,8.483934905302424e-05,0.0,0.0
2019-06-12 15:15:00,0.0,0.0,0.0,0.0,0.0,8.180116884426623e-05,8.180116884426623e-05,0.0,0.0
2019-06-12 15:30:00,0.0,7.630672163431357e-05,7.630672163431357e-05,0.0,0.0,0.00015010029727472693,0.00015010029727472693,0.0,0.0
2019-06-12 15:45:00,0.0,0.0,0.0,0.0,0.0,0.0,0.0,0.0,0.0
2019-06-12 16:00:00,0.0,0.0,0.0,0.0,0.0,0.0,0.0,0.0,0.0
2019-06-12 16:15:00,0.0,4.387054094997577e-06,4.387054094997577e-06,0.0,0.0,0.0,0.0,0.0,0.0
2019-06-12 16:30:00,0.0,0.0,0.0,0.0,0.0,0.0,0.0,0.0,0.0
2019-06-12 16:45:00,0.0,4.052260420654093e-06,4.052260420654093e-06,0.0,0.0,0.0,0.0,0.0,0.0
2019-06-12 17:00:00,0.0,0.0,0.0,0.0,0.0,0.0,0.0,0.0,0.0
2019-06-12 17:15:00,0.0,9.511827738786424e-07,9.511827738786424e-07,0.0,0.0,0.0,0.0,0.0,0.0
2019-06-12 17:30:00,0.0,0.0,0.0,1.5373511086490693e-06,1.5373511086490693e-06,5.855274173244548e-05,5.855274173244548e-05,0.0,0.0
2019-06-12 17:45:00,0.0,9.981445382873909e-07,9.981445382873909e-07,3.270520422309839e-07,3.270520422309839e-07,0.001963307633819972,0.001963307633819972,0.0,0.0
2019-06-12 18:00:00,0.0,0.0,0.0,6.705680079357184e-07,6.705680079357184e-07,0.0,0.0,0.0,0.0
2019-06-12 18:15:00,0.0,0.0,0.0,1.3375844848628504e-06,1.3375844848628504e-06,0.0,0.0,0.0,0.0
2019-06-12 18:30:00,0.0,0.0,0.0,2.7994458234528303e-06,2.7994458234528303e-06,0.0,0.0,0.0,0.0
2019-06-12 18:45:00,0.0,0.0,0.0,1.6846774099347028e-06,1.6846774099347028e-06,2.5630221182552078e-05,2.5630221182552078e-05,0.0,0.0
2019-06-12 19:00:00,0.0,0.0,0.0,0.0,0.0,0.0,0.0,0.0,0.0
2019-06-12 19:15:00,0.0,0.0,0.0,0.0,0.0,0.0,0.0,0.0,0.0
2019-06-12 19:30:00,0.0,0.0,0.0,0.0,0.0,0.0,0.0,0.0,0.0
2019-06-12 19:45:00,0.0,0.0,0.0,0.0,0.0,0.0,0.0,0.0,0.0
2019-06-12 20:00:00,0.0,0.0,0.0,0.0,0.0,0.0,0.0,0.0,0.0
2019-06-12 20:15:00,0.0,0.0,0.0,0.0,0.0,0.0,0.0,0.0,0.0
2019-06-12 20:30:00,0.0,0.0,0.0,0.0,0.0,0.0,0.0,0.0,0.0
2019-06-12 20:45:00,0.0,0.0,0.0,0.0,0.0,0.0,0.0,0.0,0.0
2019-06-12 21:00:00,0.0,0.0,0.0,0.0,0.0,0.0,0.0,0.0,0.0
2019-06-12 21:15:00,0.014062,0.0,-0.014062,0.0,-0.014062,0.0,-0.014062,0.0,-0.014062
2019-06-12 21:30:00,0.175781,0.0,-0.175781,0.0,-0.175781,0.0,-0.175781,0.0,-0.175781
2019-06-12 21:45:00,0.379687,0.0,-0.379687,0.0,-0.379687,0.0,-0.379687,0.0,-0.379687
2019-06-12 22:00:00,0.569531,0.0,-0.569531,0.0,-0.569531,0.0,-0.569531,0.0,-0.569531
2019-06-12 22:15:00,0.611719,0.0,-0.611719,0.0,-0.611719,0.0,-0.611719,0.0,-0.611719
2019-06-12 22:30:00,0.569531,0.0,-0.569531,0.0,-0.569531,0.0,-0.569531,0.0,-0.569531
2019-06-12 22:45:00,0.580078,0.0,-0.580078,0.0,-0.580078,0.0,-0.580078,0.0,-0.580078
2019-06-12 23:00:00,0.569531,0.0,-0.569531,0.0,-0.569531,0.0,-0.569531,0.0,-0.569531
2019-06-12 23:15:00,0.587109,0.0,-0.587109,0.0,-0.587109,0.0,-0.587109,0.0,-0.587109
2019-06-12 23:30:00,1.058203,0.0,-1.058203,0.0,-1.058203,0.0,-1.058203,0.0,-1.058203
2019-06-12 23:45:00,1.810547,0.0,-1.810547,0.0,-1.810547,0.0,-1.810547,0.0,-1.810547
2019-06-13 00:00:00,1.930078,0.0,-1.930078,0.0,-1.930078,0.0,-1.930078,0.0,-1.930078
2019-06-13 00:15:00,2.070703,0.0,-2.070703,0.0,-2.070703,0.0,-2.070703,0.0,-2.070703
2019-06-13 00:30:00,2.612109,0.0,-2.612109,0.0,-2.612109,0.0,-2.612109,0.0,-2.612109
2019-06-13 00:45:00,2.162109,0.0,-2.162109,0.0,-2.162109,0.0,-2.162109,0.0,-2.162109
2019-06-13 01:00:00,1.916016,0.0,-1.916016,0.0,-1.916016,0.0,-1.916016,0.0,-1.916016
2019-06-13 01:15:00,2.777344,0.0,-2.777344,0.0,-2.777344,0.0,-2.777344,0.0,-2.777344
2019-06-13 01:30:00,2.5875,0.0,-2.5875,0.0,-2.5875,0.0,-2.5875,0.0,-2.5875
2019-06-13 01:45:00,2.141016,0.0,-2.141016,0.0,-2.141016,0.0,-2.141016,0.0,-2.141016
2019-06-13 02:00:00,3.54375,0.0,-3.54375,0.0,-3.54375,0.0,-3.54375,0.0,-3.54375
2019-06-13 02:15:00,3.417187,0.0,-3.417187,0.0,-3.417187,0.0,-3.417187,0.0,-3.417187
2019-06-13 02:30:00,2.759766,0.0,-2.759766,0.0,-2.759766,0.0,-2.759766,0.0,-2.759766
2019-06-13 02:45:00,2.798437,0.0,-2.798437,0.0,-2.798437,0.0,-2.798437,0.0,-2.798437
2019-06-13 03:00:00,2.334375,0.0,-2.334375,0.0,-2.334375,0.0,-2.334375,0.0,-2.334375
2019-06-13 03:15:00,1.546875,0.0,-1.546875,0.0,-1.546875,0.0,-1.546875,0.0,-1.546875
2019-06-13 03:30:00,1.705078,0.0,-1.705078,0.0,-1.705078,0.0,-1.705078,0.0,-1.705078
2019-06-13 03:45:00,1.35,0.0,-1.35,0.0,-1.35,0.0,-1.35,0.0,-1.35
2019-06-13 04:00:00,1.167187,0.0,-1.167187,0.0,-1.167187,0.0,-1.167187,0.0,-1.167187
2019-06-13 04:15:00,1.444922,0.0,-1.444922,0.0,-1.444922,0.0,-1.444922,0.0,-1.444922
2019-06-13 04:30:00,1.423828,0.0,-1.423828,0.0,-1.423828,0.0,-1.423828,0.0,-1.423828
2019-06-13 04:45:00,1.117969,0.0,-1.117969,0.0,-1.117969,0.0,-1.117969,0.0,-1.117969
2019-06-13 05:00:00,1.532812,0.0,-1.532812,0.0,-1.532812,0.0,-1.532812,0.0,-1.532812
2019-06-13 05:15:00,1.174219,0.0,-1.174219,0.0,-1.174219,0.0,-1.174219,0.0,-1.174219
2019-06-13 05:30:00,1.001953,0.0,-1.001953,0.0,-1.001953,0.0,-1.001953,0.0,-1.001953
2019-06-13 05:45:00,1.441406,0.0,-1.441406,0.0,-1.441406,0.0,-1.441406,0.0,-1.441406
2019-06-13 06:00:00,2.144531,1.8836347836038607,-0.26089621639613947,1.7340788236893434,-0.4104521763106568,1.9528435378487394,-0.19168746215126076,1.7679395480051947,-0.3765914519948055
2019-06-13 06:15:00,2.1375,2.103209958026225,-0.034290041973775054,2.010168933649761,-0.12733106635023939,1.7496818789544695,-0.3878181210455307,2.04184024215992,-0.09565975784007996
2019-06-13 06:30:00,1.691016,1.777705258713889,0.086689258713889,1.7829237862605067,0.09190778626050666,1.746685282366541,0.055669282366541006,1.749049192336192,0.05803319233619186
2019-06-13 06:45:00,1.226953,1.4174360037653395,0.19048300376533955,1.338135737816024,0.11118273781602395,1.2992036137552339,0.0722506137552339,1.3649134460050754,0.1379604460050754
2019-06-13 07:00:00,0.734766,0.7909933169284846,0.056227316928484594,0.8111702522004447,0.07640425220044467,0.9232741952703264,0.18850819527032636,0.8022217855146643,0.06745578551466425
2019-06-13 07:15:00,0.636328,0.6933262536111365,0.05699825361113653,0.631928916686927,-0.004399083313073038,0.9123450960787843,0.27601709607878433,0.6906198854796404,0.05429188547964037
2019-06-13 07:30:00,0.615234,0.6287612886472672,0.013527288647267266,0.5998251895299765,-0.015408810470023404,0.8606192189024943,0.24538521890249432,0.636275588733554,0.021041588733554106
2019-06-13 07:45:00,0.914062,0.8815329438010203,-0.03252905619897972,0.8762872462426538,-0.03777475375734629,0.8954797023049317,-0.01858229769506836,0.8799967966566865,-0.03406520334331353
2019-06-13 08:00:00,0.759375,0.6880664422372091,-0.07130855776279088,0.6756468740680561,-0.0837281259319439,0.8185750855935889,0.059200085593588914,0.7056138350712067,-0.05376116492879335
2019-06-13 08:15:00,0.573047,0.5849185966400526,0.011871596640052662,0.6151597126197553,0.042112712619755355,0.6307532714884013,0.05770627148840135,0.5779871128863406,0.004940112886340664
2019-06-13 08:30:00,0.246094,0.29614847039800873,0.05005447039800873,0.31506792260657807,0.06897392260657806,0.4085455595257618,0.16245155952576182,0.28366588023882405,0.037571880238824046
2019-06-13 08:45:00,0.175781,0.173110817404974,-0.002670182595025994,0.18879142641050492,0.013010426410504927,0.3059677807169581,0.13018678071695813,0.1772870898178385,0.0015060898178385074
2019-06-13 09:00:00,0.228516,0.2111051347566054,-0.017410865243394608,0.22596555793359038,-0.002550442066409614,0.24062199704348805,0.012105997043488054,0.2070486547373673,-0.021467345262632692
2019-06-13 09:15:00,0.232031,0.20492375174139807,-0.027107248258601918,0.20745928294955066,-0.024571717050449332,0.1522183507247728,-0.07981264927522719,0.20345774325466429,-0.0285732567453357
2019-06-13 09:30:00,0.144141,0.15159487005086147,0.007453870050861483,0.1473834288551682,0.0032424288551682057,0.181434910831443,0.03729391083144301,0.14004143829912802,-0.004099561700871973
2019-06-13 09:45:00,0.200391,0.16610855189308268,-0.03428244810691733,0.16428606424706255,-0.03610493575293747,0.15400556745635774,-0.046385432543642274,0.15541354339001448,-0.04497745660998553
2019-06-13 10:00:00,0.116016,0.11390102465528731,-0.00211497534471268,0.12250148920027137,0.00648548920027138,0.10699674902634929,-0.009019250973650708,0.11157667032636519,-0.0044393296736348065
2019-06-13 10:15:00,0.16875,0.1819355214157525,0.013185521415752494,0.15729019645943487,-0.011459803540565139,0.11100583980394159,-0.05774416019605842,0.18117880075788936,0.012428800757889352
2019-06-13 10:30:00,0.326953,0.3036308694731957,-0.02332213052680432,0.2506649386574345,-0.0762880613425655,0.28438745594193127,-0.04256554405806873,0.32091496269513087,-0.006038037304869126
2019-06-13 10:45:00,0.330469,0.345742907558442,0.01527390755844199,0.34152078893616733,0.011051788936167317,0.3435750378732418,0.013106037873241771,0.35228985001076485,0.021820850010764836
2019-06-13 11:00:00,0.151172,0.21649856044018675,0.06532656044018675,0.24143388616751812,0.09026188616751812,0.2445479866712968,0.09337598667129679,0.2427613334953482,0.0915893334953482
2019-06-13 11:15:00,0.1125,0.16009574044564295,0.04759574044564295,0.15024813367405537,0.03774813367405537,0.13153953339095026,0.019039533390950256,0.15237363254803968,0.039873632548039675
2019-06-13 11:30:00,0.0,0.0024327202849964394,0.0024327202849964394,0.005064036028139983,0.005064036028139983,0.005372112882943344,0.005372112882943344,0.007550144803294877,0.007550144803294877
2019-06-13 11:45:00,0.0,0.0,0.0,0.0,0.0,0.0003341035350713615,0.0003341035350713615,0.0,0.0
2019-06-13 12:00:00,0.0,0.0,0.0,0.0,0.0,0.0009076639718799895,0.0009076639718799895,0.0,0.0
2019-06-13 12:15:00,0.0,0.0,0.0,0.0,0.0,0.0005288041642961658,0.0005288041642961658,0.0,0.0
2019-06-13 12:30:00,0.0,0.0,0.0,0.0,0.0,0.00039688620947751454,0.00039688620947751454,0.0,0.0
2019-06-13 12:45:00,0.0,7.31070780802021e-05,7.31070780802021e-05,0.0,0.0,0.0002884576768419899,0.0002884576768419899,0.0,0.0
2019-06-13 13:00:00,0.0,7.173717510281957e-05,7.173717510281957e-05,0.0,0.0,0.0,0.0,0.0,0.0
2019-06-13 13:15:00,0.0,0.0,0.0,0.0,0.0,0.0,0.0,0.0,0.0
2019-06-13 13:30:00,0.0,0.0,0.0,0.0,0.0,0.0,0.0,0.0,0.0
2019-06-13 13:45:00,0.0,0.0,0.0,0.0,0.0,0.0,0.0,0.0,0.0
2019-06-13 14:00:00,0.0,4.0719727515030934e-07,4.0719727515030934e-07,0.0,0.0,0.0,0.0,0.0,0.0
2019-06-13 14:15:00,0.0,4.1314854304816523e-07,4.1314854304816523e-07,0.0,0.0,0.0,0.0,0.0,0.0
2019-06-13 14:30:00,0.0,3.920506307674661e-07,3.920506307674661e-07,0.0,0.0,0.0,0.0,0.0,0.0
2019-06-13 14:45:00,0.0,4.145318293648506e-07,4.145318293648506e-07,0.0,0.0,0.0,0.0,0.0,0.0
2019-06-13 15:00:00,0.0,4.1320642329168064e-07,4.1320642329168064e-07,0.0,0.0,0.0,0.0,0.0,0.0
2019-06-13 15:15:00,0.0,4.052742885200837e-07,4.052742885200837e-07,0.0,0.0,0.0,0.0,0.0,0.0
2019-06-13 15:30:00,0.0,4.039569665795434e-07,4.039569665795434e-07,4.116426255225924e-07,4.116426255225924e-07,0.0,0.0,0.0,0.0
2019-06-13 15:45:00,0.0,4.222999826813501e-06,4.222999826813501e-06,1.8172676119881631e-06,1.8172676119881631e-06,0.0,0.0,0.0,0.0
