forecast_start_time,forecast_time,实际功率(MW),XGBoost 预测功率(MW),误差
2019/06/06/00:00,2019/06/06/16:00,0.0,0.0,0.0
2019/06/06/00:00,2019/06/06/16:15,0.0,0.0,0.0
2019/06/06/00:00,2019/06/06/16:30,0.0,0.0,0.0
2019/06/06/00:00,2019/06/06/16:45,0.0,0.0,0.0
2019/06/06/00:00,2019/06/06/17:00,0.0,0.0,0.0
2019/06/06/00:00,2019/06/06/17:15,0.0,0.0,0.0
2019/06/06/00:00,2019/06/06/17:30,0.0,0.0,0.0
2019/06/06/00:00,2019/06/06/17:45,0.0,0.0,0.0
2019/06/06/00:00,2019/06/06/18:00,0.0,0.0,0.0
2019/06/06/00:00,2019/06/06/18:15,0.0,0.0,0.0
2019/06/06/00:00,2019/06/06/18:30,0.0,0.0,0.0
2019/06/06/00:00,2019/06/06/18:45,0.0,0.0,0.0
2019/06/06/00:00,2019/06/06/19:00,0.0,0.0,0.0
2019/06/06/00:00,2019/06/06/19:15,0.0,0.0,0.0
2019/06/06/00:00,2019/06/06/19:30,0.0,0.0,0.0
2019/06/06/00:00,2019/06/06/19:45,0.0,0.0,0.0
2019/06/06/00:00,2019/06/06/20:00,0.0,0.0,0.0
2019/06/06/00:00,2019/06/06/20:15,0.0,0.0,0.0
2019/06/06/00:00,2019/06/06/20:30,0.0,0.0,0.0
2019/06/06/00:00,2019/06/06/20:45,0.0,0.0,0.0
2019/06/06/00:00,2019/06/06/21:00,0.0,0.0,0.0
2019/06/06/00:00,2019/06/06/21:15,0.003516,0.0,-0.003516
2019/06/06/00:00,2019/06/06/21:30,0.035156,0.0,-0.035156
2019/06/06/00:00,2019/06/06/21:45,0.165234,0.0,-0.165234
2019/06/06/00:00,2019/06/06/22:00,0.288281,0.2705244797964446,-0.0177565202035553
2019/06/06/00:00,2019/06/06/22:15,0.383203,0.3589233475016638,-0.0242796524983361
2019/06/06/00:00,2019/06/06/22:30,0.386719,0.4241782832133026,0.0374592832133026
2019/06/06/00:00,2019/06/06/22:45,0.435937,0.3938184869999557,-0.0421185130000443
2019/06/06/00:00,2019/06/06/23:00,0.773438,0.8692892377576694,0.0958512377576694
2019/06/06/00:00,2019/06/06/23:15,0.945703,0.8274376900261003,-0.1182653099738996
2019/06/06/00:00,2019/06/06/23:30,0.938672,0.9507477768525756,0.0120757768525756
2019/06/06/00:00,2019/06/06/23:45,0.878906,0.8014429079199064,-0.0774630920800936
2019/06/07/00:00,2019/06/07/00:00,0.791016,0.6485018496285504,-0.1425141503714496
2019/06/07/00:00,2019/06/07/00:15,0.949219,1.102912969890203,0.1536939698902029
2019/06/07/00:00,2019/06/07/00:30,1.29375,1.3330791252998486,0.0393291252998486
2019/06/07/00:00,2019/06/07/00:45,1.205859,1.2926835359861517,0.0868245359861517
2019/06/07/00:00,2019/06/07/01:00,1.74375,1.5672577690002891,-0.1764922309997108
2019/06/07/00:00,2019/06/07/01:15,1.905469,2.0687268987250995,0.1632578987250994
2019/06/07/00:00,2019/06/07/01:30,2.281641,1.9834814967318948,-0.2981595032681052
2019/06/07/00:00,2019/06/07/01:45,2.443359,1.2911630485338366,-1.1521959514661635
2019/06/07/00:00,2019/06/07/02:00,3.561328,1.7867571431084563,-1.7745708568915437
2019/06/07/00:00,2019/06/07/02:15,1.986328,0.86774773569784,-1.11858026430216
2019/06/07/00:00,2019/06/07/02:30,2.78789,1.4710434369235414,-1.3168465630764583
2019/06/07/00:00,2019/06/07/02:45,3.842578,1.622496787380126,-2.220081212619874
2019/06/07/00:00,2019/06/07/03:00,3.223828,1.629622761666439,-1.5942052383335612
2019/06/07/00:00,2019/06/07/03:15,4.035937,1.6226237442810802,-2.4133132557189194
2019/06/07/00:00,2019/06/07/03:30,3.737109,3.6954518612830336,-0.0416571387169661
2019/06/07/00:00,2019/06/07/03:45,3.248437,3.341587841194282,0.0931508411942818
2019/06/07/00:00,2019/06/07/04:00,2.714062,2.7779356716070884,0.0638736716070882
2019/06/07/00:00,2019/06/07/04:15,4.208203,3.913147288044335,-0.2950557119556656
2019/06/07/00:00,2019/06/07/04:30,3.659765,3.39489162612273,-0.2648733738772701
2019/06/07/00:00,2019/06/07/04:45,4.155468,3.9273335968702336,-0.2281344031297663
2019/06/07/00:00,2019/06/07/05:00,3.933984,4.09545027884487,0.1614662788448702
2019/06/07/00:00,2019/06/07/05:15,4.067578,3.908861999079726,-0.1587160009202741
2019/06/07/00:00,2019/06/07/05:30,3.733594,3.704269039774702,-0.0293249602252982
2019/06/07/00:00,2019/06/07/05:45,3.737109,3.7606649146866062,0.0235559146866064
2019/06/07/00:00,2019/06/07/06:00,2.475,2.2065146796234125,-0.2684853203765875
2019/06/07/00:00,2019/06/07/06:15,1.543359,0.6538668157153112,-0.8894921842846887
2019/06/07/00:00,2019/06/07/06:30,1.821094,0.8683803202568905,-0.9527136797431096
2019/06/07/00:00,2019/06/07/06:45,1.153125,0.5170813657432094,-0.6360436342567906
2019/06/07/00:00,2019/06/07/07:00,1.423828,1.3780326117061612,-0.0457953882938388
2019/06/07/00:00,2019/06/07/07:15,0.914062,0.9024402896757092,-0.0116217103242907
2019/06/07/00:00,2019/06/07/07:30,0.495703,0.5416252450149528,0.0459222450149527
2019/06/07/00:00,2019/06/07/07:45,0.228516,0.2096925738303182,-0.0188234261696817
2019/06/07/00:00,2019/06/07/08:00,0.161719,0.1502137981207345,-0.0115052018792654
2019/06/07/00:00,2019/06/07/08:15,0.1125,0.1160688618500054,0.0035688618500054
2019/06/07/00:00,2019/06/07/08:30,0.084375,0.0910256595079312,0.0066506595079312
2019/06/07/00:00,2019/06/07/08:45,0.140625,0.1222447979020826,-0.0183802020979173
2019/06/07/00:00,2019/06/07/09:00,0.189844,0.1616094601145316,-0.0282345398854684
2019/06/07/00:00,2019/06/07/09:15,0.052734,0.0712689397904146,0.0185349397904146
2019/06/07/00:00,2019/06/07/09:30,0.066797,0.0598378930916363,-0.0069591069083636
2019/06/07/00:00,2019/06/07/09:45,0.066797,0.0261112516393626,-0.0406857483606373
2019/06/07/00:00,2019/06/07/10:00,0.179297,0.1183346193567758,-0.0609623806432241
2019/06/07/00:00,2019/06/07/10:15,0.225,0.2423175087188138,0.0173175087188138
2019/06/07/00:00,2019/06/07/10:30,0.203906,0.2467054339368555,0.0427994339368555
2019/06/07/00:00,2019/06/07/10:45,0.144141,0.1410926332865182,-0.0030483667134817
2019/06/07/00:00,2019/06/07/11:00,0.0,0.0,0.0
2019/06/07/00:00,2019/06/07/11:15,0.0,0.0,0.0
2019/06/07/00:00,2019/06/07/11:30,0.0,0.0,0.0
2019/06/07/00:00,2019/06/07/11:45,0.0,0.0,0.0
2019/06/07/00:00,2019/06/07/12:00,0.0,0.0,0.0
2019/06/07/00:00,2019/06/07/12:15,0.0,0.0,0.0
2019/06/07/00:00,2019/06/07/12:30,0.0,0.0,0.0
2019/06/07/00:00,2019/06/07/12:45,0.0,0.0,0.0
2019/06/07/00:00,2019/06/07/13:00,0.0,0.0,0.0
2019/06/07/00:00,2019/06/07/13:15,0.0,0.0,0.0
2019/06/07/00:00,2019/06/07/13:30,0.0,0.0,0.0
2019/06/07/00:00,2019/06/07/13:45,0.0,0.0,0.0
2019/06/07/00:00,2019/06/07/14:00,0.0,0.0,0.0
2019/06/07/00:00,2019/06/07/14:15,0.0,0.0,0.0
2019/06/07/00:00,2019/06/07/14:30,0.0,0.0,0.0
2019/06/07/00:00,2019/06/07/14:45,0.0,0.0,0.0
2019/06/07/00:00,2019/06/07/15:00,0.0,0.0,0.0
2019/06/07/00:00,2019/06/07/15:15,0.0,0.0,0.0
2019/06/07/00:00,2019/06/07/15:30,0.0,0.0,0.0
2019/06/07/00:00,2019/06/07/15:45,0.0,0.0,0.0
2019/06/07/00:00,2019/06/07/16:00,0.0,0.0,0.0
2019/06/07/00:00,2019/06/07/16:15,0.0,0.0,0.0
2019/06/07/00:00,2019/06/07/16:30,0.0,0.0,0.0
2019/06/07/00:00,2019/06/07/16:45,0.0,0.0,0.0
2019/06/07/00:00,2019/06/07/17:00,0.0,0.0,0.0
2019/06/07/00:00,2019/06/07/17:15,0.0,0.0,0.0
2019/06/07/00:00,2019/06/07/17:30,0.0,0.0,0.0
2019/06/07/00:00,2019/06/07/17:45,0.0,0.0,0.0
2019/06/07/00:00,2019/06/07/18:00,0.0,0.0,0.0
2019/06/07/00:00,2019/06/07/18:15,0.0,0.0,0.0
2019/06/07/00:00,2019/06/07/18:30,0.0,0.0,0.0
2019/06/07/00:00,2019/06/07/18:45,0.0,0.0,0.0
2019/06/07/00:00,2019/06/07/19:00,0.0,0.0,0.0
2019/06/07/00:00,2019/06/07/19:15,0.0,0.0,0.0
2019/06/07/00:00,2019/06/07/19:30,0.0,0.0,0.0
2019/06/07/00:00,2019/06/07/19:45,0.0,0.0,0.0
2019/06/07/00:00,2019/06/07/20:00,0.0,0.0,0.0
2019/06/07/00:00,2019/06/07/20:15,0.0,0.0,0.0
2019/06/07/00:00,2019/06/07/20:30,0.0,0.0,0.0
2019/06/07/00:00,2019/06/07/20:45,0.0,0.0,0.0
2019/06/07/00:00,2019/06/07/21:00,0.0,0.0,0.0
2019/06/07/00:00,2019/06/07/21:15,0.0,0.0,0.0
2019/06/07/00:00,2019/06/07/21:30,0.028125,0.0,-0.028125
2019/06/07/00:00,2019/06/07/21:45,0.133594,0.0,-0.133594
2019/06/07/00:00,2019/06/07/22:00,0.291797,0.3276148335700793,0.0358178335700793
2019/06/07/00:00,2019/06/07/22:15,0.404297,0.3945914034282239,-0.009705596571776
2019/06/07/00:00,2019/06/07/22:30,0.601172,0.5044294146219652,-0.0967425853780348
2019/06/07/00:00,2019/06/07/22:45,0.752344,0.8465013341941913,0.0941573341941912
2019/06/07/00:00,2019/06/07/23:00,0.896484,0.9296686533809918,0.0331846533809918
2019/06/07/00:00,2019/06/07/23:15,1.163672,1.155827543481424,-0.007844456518576
2019/06/07/00:00,2019/06/07/23:30,1.399219,1.6790646458827008,0.2798456458827008
2019/06/07/00:00,2019/06/07/23:45,1.659375,1.484194731323811,-0.1751802686761889
2019/06/08/00:00,2019/06/08/00:00,1.944141,1.944220476591809,7.947659180906896e-05
2019/06/08/00:00,2019/06/08/00:15,2.183203,2.483018960901465,0.2998159609014657
2019/06/08/00:00,2019/06/08/00:30,2.383594,2.356477775447284,-0.0271162245527163
2019/06/08/00:00,2019/06/08/00:45,2.714062,2.708880028301147,-0.0051819716988532
2019/06/08/00:00,2019/06/08/01:00,2.960156,2.701806964294708,-0.258349035705292
2019/06/08/00:00,2019/06/08/01:15,3.107812,3.048973551737264,-0.0588384482627364
2019/06/08/00:00,2019/06/08/01:30,3.336328,3.730313216434224,0.3939852164342241
2019/06/08/00:00,2019/06/08/01:45,3.624609,3.6219514567332864,-0.0026575432667135
2019/06/08/00:00,2019/06/08/02:00,3.649219,3.47433915708608,-0.1748798429139202
2019/06/08/00:00,2019/06/08/02:15,3.793359,3.906782499430759,0.1134234994307585
2019/06/08/00:00,2019/06/08/02:30,3.891797,4.115429661575458,0.2236326615754582
2019/06/08/00:00,2019/06/08/02:45,3.803906,3.841867656600821,0.0379616566008214
2019/06/08/00:00,2019/06/08/03:00,3.958594,4.218366432469763,0.2597724324697625
2019/06/08/00:00,2019/06/08/03:15,4.028906,3.975813953718629,-0.0530920462813706
2019/06/08/00:00,2019/06/08/03:30,4.021875,3.611493346013782,-0.4103816539862177
2019/06/08/00:00,2019/06/08/03:45,3.933984,4.215527235750074,0.2815432357500742
2019/06/08/00:00,2019/06/08/04:00,3.863672,3.836740582940947,-0.0269314170590533
2019/06/08/00:00,2019/06/08/04:15,3.751172,4.001920501501278,0.250748501501278
2019/06/08/00:00,2019/06/08/04:30,3.772265,3.9573197556464095,0.1850547556464095
2019/06/08/00:00,2019/06/08/04:45,3.80039,3.84927969709594,0.0488896970959396
2019/06/08/00:00,2019/06/08/05:00,3.810937,3.79678390182755,-0.01415309817245
2019/06/08/00:00,2019/06/08/05:15,3.782812,4.019345232660465,0.2365332326604647
2019/06/08/00:00,2019/06/08/05:30,3.744141,3.578229260662084,-0.1659117393379166
2019/06/08/00:00,2019/06/08/05:45,3.751172,3.359721296546947,-0.391450703453053
2019/06/08/00:00,2019/06/08/06:00,3.772265,3.837738446020958,0.0654734460209578
2019/06/08/00:00,2019/06/08/06:15,3.708984,3.800005522187514,0.0910215221875145
2019/06/08/00:00,2019/06/08/06:30,3.719531,3.7017375849525074,-0.0177934150474925
2019/06/08/00:00,2019/06/08/06:45,3.649219,3.397313338750389,-0.2519056612496109
2019/06/08/00:00,2019/06/08/07:00,3.550781,3.6475849883333296,0.0968039883333302
2019/06/08/00:00,2019/06/08/07:15,3.417187,3.961843992712922,0.5446569927129219
2019/06/08/00:00,2019/06/08/07:30,3.244922,3.402648162479585,0.1577261624795856
2019/06/08/00:00,2019/06/08/07:45,3.055078,2.9438040261587988,-0.1112739738412011
2019/06/08/00:00,2019/06/08/08:00,2.840625,2.930958136370993,0.0903331363709929
2019/06/08/00:00,2019/06/08/08:15,2.583984,2.4972266771924345,-0.0867573228075655
2019/06/08/00:00,2019/06/08/08:30,2.320312,2.1446346720875145,-0.1756773279124854
2019/06/08/00:00,2019/06/08/08:45,2.003906,1.940271038713993,-0.0636349612860072
2019/06/08/00:00,2019/06/08/09:00,1.796484,1.7115288494387804,-0.0849551505612196
2019/06/08/00:00,2019/06/08/09:15,1.51875,1.4489223463958745,-0.0698276536041255
2019/06/08/00:00,2019/06/08/09:30,1.248047,0.9461060260626384,-0.3019409739373615
2019/06/08/00:00,2019/06/08/09:45,1.0125,1.1360142441643697,0.1235142441643695
2019/06/08/00:00,2019/06/08/10:00,0.748828,0.7251568241846835,-0.0236711758153165
2019/06/08/00:00,2019/06/08/10:15,0.583594,0.5555326860144083,-0.0280613139855916
2019/06/08/00:00,2019/06/08/10:30,0.365625,0.356301499212386,-0.0093235007876139
2019/06/08/00:00,2019/06/08/10:45,0.225,0.2033223116954298,-0.0216776883045701
2019/06/08/00:00,2019/06/08/11:00,0.108984,0.0,-0.108984
2019/06/08/00:00,2019/06/08/11:15,0.0,0.0,0.0
2019/06/08/00:00,2019/06/08/11:30,0.0,0.0,0.0
2019/06/08/00:00,2019/06/08/11:45,0.0,0.0,0.0
2019/06/08/00:00,2019/06/08/12:00,0.0,0.0,0.0
2019/06/08/00:00,2019/06/08/12:15,0.0,0.0,0.0
2019/06/08/00:00,2019/06/08/12:30,0.0,0.0,0.0
2019/06/08/00:00,2019/06/08/12:45,0.0,0.0,0.0
2019/06/08/00:00,2019/06/08/13:00,0.0,0.0,0.0
2019/06/08/00:00,2019/06/08/13:15,0.0,0.0,0.0
2019/06/08/00:00,2019/06/08/13:30,0.0,0.0,0.0
2019/06/08/00:00,2019/06/08/13:45,0.0,0.0,0.0
2019/06/08/00:00,2019/06/08/14:00,0.0,0.0,0.0
2019/06/08/00:00,2019/06/08/14:15,0.0,0.0,0.0
2019/06/08/00:00,2019/06/08/14:30,0.0,0.0,0.0
2019/06/08/00:00,2019/06/08/14:45,0.0,0.0,0.0
2019/06/08/00:00,2019/06/08/15:00,0.0,0.0,0.0
2019/06/08/00:00,2019/06/08/15:15,0.0,0.0,0.0
2019/06/08/00:00,2019/06/08/15:30,0.0,0.0,0.0
2019/06/08/00:00,2019/06/08/15:45,0.0,0.0,0.0
2019/06/08/00:00,2019/06/08/16:00,0.0,0.0,0.0
2019/06/08/00:00,2019/06/08/16:15,0.0,0.0,0.0
2019/06/08/00:00,2019/06/08/16:30,0.0,0.0,0.0
2019/06/08/00:00,2019/06/08/16:45,0.0,0.0,0.0
2019/06/08/00:00,2019/06/08/17:00,0.0,0.0,0.0
2019/06/08/00:00,2019/06/08/17:15,0.0,0.0,0.0
2019/06/08/00:00,2019/06/08/17:30,0.0,0.0,0.0
2019/06/08/00:00,2019/06/08/17:45,0.0,0.0,0.0
2019/06/08/00:00,2019/06/08/18:00,0.0,0.0,0.0
2019/06/08/00:00,2019/06/08/18:15,0.0,0.0,0.0
2019/06/08/00:00,2019/06/08/18:30,0.0,0.0,0.0
2019/06/08/00:00,2019/06/08/18:45,0.0,0.0,0.0
2019/06/08/00:00,2019/06/08/19:00,0.0,0.0,0.0
2019/06/08/00:00,2019/06/08/19:15,0.0,0.0,0.0
2019/06/08/00:00,2019/06/08/19:30,0.0,0.0,0.0
2019/06/08/00:00,2019/06/08/19:45,0.0,0.0,0.0
2019/06/08/00:00,2019/06/08/20:00,0.0,0.0,0.0
2019/06/08/00:00,2019/06/08/20:15,0.0,0.0,0.0
2019/06/08/00:00,2019/06/08/20:30,0.0,0.0,0.0
2019/06/08/00:00,2019/06/08/20:45,0.0,0.0,0.0
2019/06/08/00:00,2019/06/08/21:00,0.0,0.0,0.0
2019/06/08/00:00,2019/06/08/21:15,0.0,0.0,0.0
2019/06/08/00:00,2019/06/08/21:30,0.0,0.0,0.0
2019/06/08/00:00,2019/06/08/21:45,0.126563,0.0,-0.126563
2019/06/08/00:00,2019/06/08/22:00,0.225,0.2767945835516562,0.0517945835516562
2019/06/08/00:00,2019/06/08/22:15,0.362109,0.2502867584709741,-0.1118222415290258
2019/06/08/00:00,2019/06/08/22:30,0.590625,0.6205463562852892,0.0299213562852892
2019/06/08/00:00,2019/06/08/22:45,0.84375,0.7325104990877589,-0.1112395009122411
2019/06/08/00:00,2019/06/08/23:00,1.125,1.2075696203654336,0.0825696203654335
2019/06/08/00:00,2019/06/08/23:15,1.430859,1.6024540871986317,0.1715950871986313
2019/06/08/00:00,2019/06/08/23:30,1.733203,1.5732996420629366,-0.1599033579370634
2019/06/08/00:00,2019/06/08/23:45,2.017969,2.1739835359649784,0.1560145359649785
2019/06/09/00:00,2019/06/09/00:00,2.288672,2.430573260919737,0.1419012609197372
2019/06/09/00:00,2019/06/09/00:15,2.555859,2.561561912811761,0.0057029128117616
2019/06/09/00:00,2019/06/09/00:30,2.798437,2.775333919040452,-0.0231030809595478
2019/06/09/00:00,2019/06/09/00:45,3.0375,3.2416162516131672,0.2041162516131671
2019/06/09/00:00,2019/06/09/01:00,3.269531,3.64731202898303,0.3777810289830299
2019/06/09/00:00,2019/06/09/01:15,3.438281,3.4070862532396538,-0.0311947467603461
2019/06/09/00:00,2019/06/09/01:30,3.554297,3.857602571342879,0.3033055713428787
2019/06/09/00:00,2019/06/09/01:45,3.772265,2.876149304954735,-0.8961156950452649
2019/06/09/00:00,2019/06/09/02:00,3.867188,3.94846262946242,0.0812746294624195
2019/06/09/00:00,2019/06/09/02:15,4.039453,4.148578027161723,0.1091250271617232
2019/06/09/00:00,2019/06/09/02:30,4.021875,3.669204660014793,-0.3526703399852064
2019/06/09/00:00,2019/06/09/02:45,4.081641,4.400477514072275,0.3188365140722746
2019/06/09/00:00,2019/06/09/03:00,4.127344,4.19474782699713,0.0674038269971299
2019/06/09/00:00,2019/06/09/03:15,4.123828,3.852585002899983,-0.2712429971000167
2019/06/09/00:00,2019/06/09/03:30,4.130859,4.257919558119113,0.1270605581191128
2019/06/09/00:00,2019/06/09/03:45,4.183594,3.8368076642224502,-0.3467863357775496
2019/06/09/00:00,2019/06/09/04:00,4.018359,4.094032097366207,0.0756730973662067
2019/06/09/00:00,2019/06/09/04:15,3.860156,3.412277241569069,-0.4478787584309307
2019/06/09/00:00,2019/06/09/04:30,4.004297,4.258359069797446,0.2540620697974454
2019/06/09/00:00,2019/06/09/04:45,3.983203,4.2993913875109335,0.3161883875109335
2019/06/09/00:00,2019/06/09/05:00,3.944531,4.013414633479463,0.0688836334794626
2019/06/09/00:00,2019/06/09/05:15,3.909375,3.8204382329678825,-0.0889367670321172
2019/06/09/00:00,2019/06/09/05:30,3.948047,3.810071071457679,-0.1379759285423212
2019/06/09/00:00,2019/06/09/05:45,4.046484,4.101142237261433,0.0546582372614325
2019/06/09/00:00,2019/06/09/06:00,4.004297,3.933167344348328,-0.071129655651672
2019/06/09/00:00,2019/06/09/06:15,3.835547,4.039050689388151,0.2035036893881505
2019/06/09/00:00,2019/06/09/06:30,3.846094,4.110065003028135,0.2639710030281348
2019/06/09/00:00,2019/06/09/06:45,3.726562,3.753069825373844,0.0265078253738439
2019/06/09/00:00,2019/06/09/07:00,3.670312,3.826164117562481,0.1558521175624809
2019/06/09/00:00,2019/06/09/07:15,3.571875,3.588498869153415,0.016623869153415
2019/06/09/00:00,2019/06/09/07:30,3.371484,3.5012276361102184,0.1297436361102182
2019/06/09/00:00,2019/06/09/07:45,3.174609,3.3311940327564957,0.1565850327564955
2019/06/09/00:00,2019/06/09/08:00,2.998828,3.0374436748750706,0.0386156748750705
2019/06/09/00:00,2019/06/09/08:15,2.731641,2.7726631169829163,0.0410221169829161
2019/06/09/00:00,2019/06/09/08:30,2.492578,2.397638689294246,-0.0949393107057541
2019/06/09/00:00,2019/06/09/08:45,2.211328,2.337141192995456,0.125813192995456
2019/06/09/00:00,2019/06/09/09:00,1.923047,1.8247398293311163,-0.0983071706688836
2019/06/09/00:00,2019/06/09/09:15,1.652344,1.655584496221342,0.0032404962213419
2019/06/09/00:00,2019/06/09/09:30,1.378125,1.452392609160747,0.074267609160747
2019/06/09/00:00,2019/06/09/09:45,1.093359,1.058240766495133,-0.0351182335048669
2019/06/09/00:00,2019/06/09/10:00,0.812109,0.6932331007820176,-0.1188758992179823
2019/06/09/00:00,2019/06/09/10:15,0.569531,0.5414475241159857,-0.0280834758840142
2019/06/09/00:00,2019/06/09/10:30,0.365625,0.3709209848893059,0.0052959848893059
2019/06/09/00:00,2019/06/09/10:45,0.210938,0.2524364497212201,0.0414984497212201
2019/06/09/00:00,2019/06/09/11:00,0.105469,0.0,-0.105469
2019/06/09/00:00,2019/06/09/11:15,0.017578,0.0,-0.017578
2019/06/09/00:00,2019/06/09/11:30,0.0,0.0,0.0
2019/06/09/00:00,2019/06/09/11:45,0.0,0.0,0.0
2019/06/09/00:00,2019/06/09/12:00,0.0,0.0,0.0
2019/06/09/00:00,2019/06/09/12:15,0.0,0.0,0.0
2019/06/09/00:00,2019/06/09/12:30,0.0,0.0,0.0
2019/06/09/00:00,2019/06/09/12:45,0.0,0.0,0.0
2019/06/09/00:00,2019/06/09/13:00,0.0,0.0,0.0
2019/06/09/00:00,2019/06/09/13:15,0.0,0.0,0.0
2019/06/09/00:00,2019/06/09/13:30,0.0,0.0,0.0
2019/06/09/00:00,2019/06/09/13:45,0.0,0.0,0.0
2019/06/09/00:00,2019/06/09/14:00,0.0,0.0,0.0
2019/06/09/00:00,2019/06/09/14:15,0.0,0.0,0.0
2019/06/09/00:00,2019/06/09/14:30,0.0,0.0,0.0
2019/06/09/00:00,2019/06/09/14:45,0.0,0.0,0.0
2019/06/09/00:00,2019/06/09/15:00,0.0,0.0,0.0
2019/06/09/00:00,2019/06/09/15:15,0.0,0.0,0.0
2019/06/09/00:00,2019/06/09/15:30,0.0,0.0,0.0
2019/06/09/00:00,2019/06/09/15:45,0.0,0.0,0.0
2019/06/09/00:00,2019/06/09/16:00,0.0,0.0,0.0
2019/06/09/00:00,2019/06/09/16:15,0.0,0.0,0.0
2019/06/09/00:00,2019/06/09/16:30,0.0,0.0,0.0
2019/06/09/00:00,2019/06/09/16:45,0.0,0.0,0.0
2019/06/09/00:00,2019/06/09/17:00,0.0,0.0,0.0
2019/06/09/00:00,2019/06/09/17:15,0.0,0.0,0.0
2019/06/09/00:00,2019/06/09/17:30,0.0,0.0,0.0
2019/06/09/00:00,2019/06/09/17:45,0.0,0.0,0.0
2019/06/09/00:00,2019/06/09/18:00,0.0,0.0,0.0
2019/06/09/00:00,2019/06/09/18:15,0.0,0.0,0.0
2019/06/09/00:00,2019/06/09/18:30,0.0,0.0,0.0
2019/06/09/00:00,2019/06/09/18:45,0.0,0.0,0.0
2019/06/09/00:00,2019/06/09/19:00,0.0,0.0,0.0
2019/06/09/00:00,2019/06/09/19:15,0.0,0.0,0.0
2019/06/09/00:00,2019/06/09/19:30,0.0,0.0,0.0
2019/06/09/00:00,2019/06/09/19:45,0.0,0.0,0.0
2019/06/09/00:00,2019/06/09/20:00,0.0,0.0,0.0
2019/06/09/00:00,2019/06/09/20:15,0.0,0.0,0.0
2019/06/09/00:00,2019/06/09/20:30,0.0,0.0,0.0
2019/06/09/00:00,2019/06/09/20:45,0.0,0.0,0.0
2019/06/09/00:00,2019/06/09/21:00,0.0,0.0,0.0
2019/06/09/00:00,2019/06/09/21:15,0.007031,0.0,-0.007031
2019/06/09/00:00,2019/06/09/21:30,0.0,0.0,0.0
2019/06/09/00:00,2019/06/09/21:45,0.1125,0.0,-0.1125
2019/06/09/00:00,2019/06/09/22:00,0.242578,0.2722565061952386,0.0296785061952386
2019/06/09/00:00,2019/06/09/22:15,0.383203,0.3417379276775475,-0.0414650723224524
2019/06/09/00:00,2019/06/09/22:30,0.5625,0.5779811217135095,0.0154811217135094
2019/06/09/00:00,2019/06/09/22:45,0.801562,0.8385884784468858,0.0370264784468857
2019/06/09/00:00,2019/06/09/23:00,1.086328,1.05169342677701,-0.03463457322299
2019/06/09/00:00,2019/06/09/23:15,1.335938,1.242114500770263,-0.0938234992297371
2019/06/09/00:00,2019/06/09/23:30,1.529297,1.6415357089821794,0.1122387089821794
2019/06/09/00:00,2019/06/09/23:45,1.916016,1.989417817379605,0.0734018173796056
2019/06/10/00:00,2019/06/10/00:00,1.887891,2.2711747229740764,0.3832837229740764
2019/06/10/00:00,2019/06/10/00:15,2.450391,2.2830294106560904,-0.1673615893439097
2019/06/10/00:00,2019/06/10/00:30,2.721094,2.602230590469633,-0.1188634095303671
2019/06/10/00:00,2019/06/10/00:45,2.977734,2.793149157785165,-0.1845848422148344
2019/06/10/00:00,2019/06/10/01:00,3.153516,3.1289889494481127,-0.0245270505518875
2019/06/10/00:00,2019/06/10/01:15,3.244922,3.1845525724779264,-0.0603694275220734
2019/06/10/00:00,2019/06/10/01:30,3.346875,3.2457058898542983,-0.1011691101457015
2019/06/10/00:00,2019/06/10/01:45,3.582422,3.4822267675411114,-0.1001952324588888
2019/06/10/00:00,2019/06/10/02:00,3.417187,3.419864818402583,0.0026778184025828
2019/06/10/00:00,2019/06/10/02:15,3.832031,4.018932640768261,0.1869016407682608
2019/06/10/00:00,2019/06/10/02:30,3.684375,3.784815241447677,0.1004402414476763
2019/06/10/00:00,2019/06/10/02:45,4.007812,4.202753500512624,0.1949415005126233
2019/06/10/00:00,2019/06/10/03:00,4.035937,3.971245807460347,-0.0646911925396525
2019/06/10/00:00,2019/06/10/03:15,3.909375,3.7507062274507375,-0.1586687725492614
2019/06/10/00:00,2019/06/10/03:30,4.208203,4.008927302683079,-0.1992756973169207
2019/06/10/00:00,2019/06/10/03:45,3.568359,3.480218017586812,-0.0881409824131882
2019/06/10/00:00,2019/06/10/04:00,2.939062,3.067699500256251,0.1286375002562509
2019/06/10/00:00,2019/06/10/04:15,4.000781,3.911982065624207,-0.0887989343757933
2019/06/10/00:00,2019/06/10/04:30,3.121875,3.3292172490066885,0.2073422490066883
2019/06/10/00:00,2019/06/10/04:45,3.171094,3.43234214119057,0.26124814119057
2019/06/10/00:00,2019/06/10/05:00,3.976172,3.938812560766964,-0.0373594392330365
2019/06/10/00:00,2019/06/10/05:15,3.856641,3.8498031117120575,-0.0068378882879418
2019/06/10/00:00,2019/06/10/05:30,3.533203,3.4363770913181564,-0.0968259086818434
2019/06/10/00:00,2019/06/10/05:45,3.76875,3.758627698542741,-0.0101223014572586
2019/06/10/00:00,2019/06/10/06:00,3.740625,3.554289073150175,-0.186335926849825
2019/06/10/00:00,2019/06/10/06:15,3.462891,3.2677540697364784,-0.1951369302635215
2019/06/10/00:00,2019/06/10/06:30,3.564844,3.752520476465293,0.1876764764652931
2019/06/10/00:00,2019/06/10/06:45,3.002344,3.4411226410091493,0.4387786410091494
2019/06/10/00:00,2019/06/10/07:00,3.202734,3.361595156509756,0.1588611565097561
2019/06/10/00:00,2019/06/10/07:15,3.241406,3.288681641664169,0.0472756416641688
2019/06/10/00:00,2019/06/10/07:30,3.051562,2.7152451686578094,-0.3363168313421907
2019/06/10/00:00,2019/06/10/07:45,2.900391,3.0242478965916013,0.1238568965916013
2019/06/10/00:00,2019/06/10/08:00,2.358984,2.237765767089788,-0.1212182329102122
2019/06/10/00:00,2019/06/10/08:15,2.562891,2.576539017958692,0.0136480179586913
2019/06/10/00:00,2019/06/10/08:30,2.390625,2.349636117776087,-0.040988882223913
2019/06/10/00:00,2019/06/10/08:45,2.091797,1.9590995433160887,-0.1326974566839109
2019/06/10/00:00,2019/06/10/09:00,1.873828,2.0459098696663927,0.1720818696663926
2019/06/10/00:00,2019/06/10/09:15,1.599609,1.4058996440857687,-0.1937093559142313
2019/06/10/00:00,2019/06/10/09:30,1.321875,1.2129575850909076,-0.1089174149090923
2019/06/10/00:00,2019/06/10/09:45,1.082812,1.097170974945261,0.0143589749452608
2019/06/10/00:00,2019/06/10/10:00,0.819141,1.0712634220558428,0.2521224220558428
2019/06/10/00:00,2019/06/10/10:15,0.580078,0.5015808638328185,-0.0784971361671814
2019/06/10/00:00,2019/06/10/10:30,0.376172,0.4679458650938075,0.0917738650938074
2019/06/10/00:00,2019/06/10/10:45,0.207422,0.206613944555722,-0.000808055444278
2019/06/10/00:00,2019/06/10/11:00,0.101953,0.0,-0.101953
2019/06/10/00:00,2019/06/10/11:15,0.031641,0.0,-0.031641
2019/06/10/00:00,2019/06/10/11:30,0.0,0.0,0.0
2019/06/10/00:00,2019/06/10/11:45,0.0,0.0,0.0
2019/06/10/00:00,2019/06/10/12:00,0.0,0.0,0.0
2019/06/10/00:00,2019/06/10/12:15,0.0,0.0,0.0
2019/06/10/00:00,2019/06/10/12:30,0.0,0.0,0.0
2019/06/10/00:00,2019/06/10/12:45,0.0,0.0,0.0
2019/06/10/00:00,2019/06/10/13:00,0.0,0.0,0.0
2019/06/10/00:00,2019/06/10/13:15,0.0,0.0,0.0
2019/06/10/00:00,2019/06/10/13:30,0.0,0.0,0.0
2019/06/10/00:00,2019/06/10/13:45,0.0,0.0,0.0
2019/06/10/00:00,2019/06/10/14:00,0.0,0.0,0.0
2019/06/10/00:00,2019/06/10/14:15,0.0,0.0,0.0
2019/06/10/00:00,2019/06/10/14:30,0.0,0.0,0.0
2019/06/10/00:00,2019/06/10/14:45,0.0,0.0,0.0
2019/06/10/00:00,2019/06/10/15:00,0.0,0.0,0.0
2019/06/10/00:00,2019/06/10/15:15,0.0,0.0,0.0
2019/06/10/00:00,2019/06/10/15:30,0.0,0.0,0.0
2019/06/10/00:00,2019/06/10/15:45,0.0,0.0,0.0
2019/06/10/00:00,2019/06/10/16:00,0.0,0.0,0.0
2019/06/10/00:00,2019/06/10/16:15,0.0,0.0,0.0
2019/06/10/00:00,2019/06/10/16:30,0.0,0.0,0.0
2019/06/10/00:00,2019/06/10/16:45,0.0,0.0,0.0
2019/06/10/00:00,2019/06/10/17:00,0.0,0.0,0.0
2019/06/10/00:00,2019/06/10/17:15,0.0,0.0,0.0
2019/06/10/00:00,2019/06/10/17:30,0.0,0.0,0.0
2019/06/10/00:00,2019/06/10/17:45,0.0,0.0,0.0
2019/06/10/00:00,2019/06/10/18:00,0.0,0.0,0.0
2019/06/10/00:00,2019/06/10/18:15,0.0,0.0,0.0
2019/06/10/00:00,2019/06/10/18:30,0.0,0.0,0.0
2019/06/10/00:00,2019/06/10/18:45,0.0,0.0,0.0
2019/06/10/00:00,2019/06/10/19:00,0.0,0.0,0.0
2019/06/10/00:00,2019/06/10/19:15,0.0,0.0,0.0
2019/06/10/00:00,2019/06/10/19:30,0.0,0.0,0.0
2019/06/10/00:00,2019/06/10/19:45,0.0,0.0,0.0
2019/06/10/00:00,2019/06/10/20:00,0.0,0.0,0.0
2019/06/10/00:00,2019/06/10/20:15,0.0,0.0,0.0
2019/06/10/00:00,2019/06/10/20:30,0.0,0.0,0.0
2019/06/10/00:00,2019/06/10/20:45,0.0,0.0,0.0
2019/06/10/00:00,2019/06/10/21:00,0.0,0.0,0.0
2019/06/10/00:00,2019/06/10/21:15,0.0,0.0,0.0
2019/06/10/00:00,2019/06/10/21:30,0.077344,0.0,-0.077344
2019/06/10/00:00,2019/06/10/21:45,0.147656,0.0,-0.147656
2019/06/10/00:00,2019/06/10/22:00,0.249609,0.2492666709580796,-0.0003423290419203
2019/06/10/00:00,2019/06/10/22:15,0.379687,0.3794849899361595,-0.0002020100638405
2019/06/10/00:00,2019/06/10/22:30,0.544922,0.53776921678401,-0.0071527832159899
2019/06/10/00:00,2019/06/10/22:45,0.748828,0.8068417004779028,0.0580137004779027
2019/06/10/00:00,2019/06/10/23:00,0.994922,1.1959834491797976,0.2010614491797976
2019/06/10/00:00,2019/06/10/23:15,1.244531,1.2225009148381245,-0.0220300851618755
2019/06/10/00:00,2019/06/10/23:30,1.515234,1.4917762721581762,-0.0234577278418237
2019/06/10/00:00,2019/06/10/23:45,1.792969,1.7554574947797934,-0.0375115052202066
2019/06/11/00:00,2019/06/11/00:00,2.042578,2.307160489430363,0.2645824894303632
2019/06/11/00:00,2019/06/11/00:15,2.281641,1.8808880801179464,-0.4007529198820538
2019/06/11/00:00,2019/06/11/00:30,2.510156,2.587259269684248,0.0771032696842484
2019/06/11/00:00,2019/06/11/00:45,2.731641,2.9384640831994497,0.2068230831994495
2019/06/11/00:00,2019/06/11/01:00,2.974219,2.714708886582297,-0.2595101134177033
2019/06/11/00:00,2019/06/11/01:15,3.142969,3.718761796459422,0.5757927964594223
2019/06/11/00:00,2019/06/11/01:30,3.325781,3.4330578920695416,0.1072768920695415
2019/06/11/00:00,2019/06/11/01:45,3.441797,3.245239973761901,-0.1965570262380986
2019/06/11/00:00,2019/06/11/02:00,3.603516,3.833723142158605,0.2302071421586045
2019/06/11/00:00,2019/06/11/02:15,3.63164,3.489310909792772,-0.142329090207228
2019/06/11/00:00,2019/06/11/02:30,3.716016,3.848881075967227,0.1328650759672269
2019/06/11/00:00,2019/06/11/02:45,3.747656,3.711738032705465,-0.0359179672945351
2019/06/11/00:00,2019/06/11/03:00,3.684375,3.665611108156646,-0.0187638918433541
2019/06/11/00:00,2019/06/11/03:15,3.670312,3.65273984288032,-0.0175721571196798
2019/06/11/00:00,2019/06/11/03:30,3.7125,3.6014067274612445,-0.1110932725387554
2019/06/11/00:00,2019/06/11/03:45,3.663281,3.759783688937585,0.0965026889375848
2019/06/11/00:00,2019/06/11/04:00,3.522656,3.709684970633976,0.1870289706339756
2019/06/11/00:00,2019/06/11/04:15,3.747656,3.57312410812251,-0.17453189187749
2019/06/11/00:00,2019/06/11/04:30,3.617578,3.5621100847491767,-0.0554679152508232
2019/06/11/00:00,2019/06/11/04:45,3.701953,3.5163658798011013,-0.1855871201988987
2019/06/11/00:00,2019/06/11/05:00,3.635156,3.647258166594262,0.0121021665942619
2019/06/11/00:00,2019/06/11/05:15,3.607031,3.087124085701482,-0.519906914298518
2019/06/11/00:00,2019/06/11/05:30,3.582422,3.7027368815445816,0.1203148815445813
2019/06/11/00:00,2019/06/11/05:45,3.645703,3.5613684647284987,-0.0843345352715014
2019/06/11/00:00,2019/06/11/06:00,3.389062,3.4449593591038514,0.0558973591038514
2019/06/11/00:00,2019/06/11/06:15,3.417187,3.4107830105693884,-0.0064039894306118
2019/06/11/00:00,2019/06/11/06:30,3.174609,3.2474305885964383,0.0728215885964385
2019/06/11/00:00,2019/06/11/06:45,3.128906,3.049221050378065,-0.0796849496219351
2019/06/11/00:00,2019/06/11/07:00,3.132422,3.08120029309883,-0.05122170690117
2019/06/11/00:00,2019/06/11/07:15,3.09375,2.8753929184901703,-0.2183570815098297
2019/06/11/00:00,2019/06/11/07:30,2.925,2.868475856979441,-0.0565241430205589
2019/06/11/00:00,2019/06/11/07:45,2.513672,2.2308452929353515,-0.2828267070646486
2019/06/11/00:00,2019/06/11/08:00,1.437891,1.426208721105458,-0.011682278894542
2019/06/11/00:00,2019/06/11/08:15,2.5875,2.53755272879503,-0.04994727120497
2019/06/11/00:00,2019/06/11/08:30,2.390625,1.9760914211959584,-0.4145335788040414
2019/06/11/00:00,2019/06/11/08:45,1.905469,1.4914134084327115,-0.4140555915672885
2019/06/11/00:00,2019/06/11/09:00,1.655859,1.8016797355876533,0.1458207355876535
2019/06/11/00:00,2019/06/11/09:15,1.188281,1.3514799838646598,0.1631989838646599
2019/06/11/00:00,2019/06/11/09:30,0.882422,1.1074775335265732,0.2250555335265731
2019/06/11/00:00,2019/06/11/09:45,0.646875,0.618682325686797,-0.0281926743132029
2019/06/11/00:00,2019/06/11/10:00,0.762891,0.7856624617966877,0.0227714617966877
2019/06/11/00:00,2019/06/11/10:15,0.439453,0.4205894014792741,-0.0188635985207258
2019/06/11/00:00,2019/06/11/10:30,0.284766,0.3162619150639553,0.0314959150639553
2019/06/11/00:00,2019/06/11/10:45,0.189844,0.1945999094590818,0.0047559094590817
2019/06/11/00:00,2019/06/11/11:00,0.0,0.0,0.0
2019/06/11/00:00,2019/06/11/11:15,0.0,0.0,0.0
2019/06/11/00:00,2019/06/11/11:30,0.0,0.0,0.0
2019/06/11/00:00,2019/06/11/11:45,0.0,0.0,0.0
2019/06/11/00:00,2019/06/11/12:00,0.0,0.0,0.0
2019/06/11/00:00,2019/06/11/12:15,0.0,0.0,0.0
2019/06/11/00:00,2019/06/11/12:30,0.0,0.0,0.0
2019/06/11/00:00,2019/06/11/12:45,0.0,0.0,0.0
2019/06/11/00:00,2019/06/11/13:00,0.0,0.0,0.0
2019/06/11/00:00,2019/06/11/13:15,0.0,0.0,0.0
2019/06/11/00:00,2019/06/11/13:30,0.0,0.0,0.0
2019/06/11/00:00,2019/06/11/13:45,0.0,0.0,0.0
2019/06/11/00:00,2019/06/11/14:00,0.0,0.0,0.0
2019/06/11/00:00,2019/06/11/14:15,0.0,0.0,0.0
2019/06/11/00:00,2019/06/11/14:30,0.0,0.0,0.0
2019/06/11/00:00,2019/06/11/14:45,0.0,0.0,0.0
2019/06/11/00:00,2019/06/11/15:00,0.0,0.0,0.0
2019/06/11/00:00,2019/06/11/15:15,0.0,0.0,0.0
2019/06/11/00:00,2019/06/11/15:30,0.0,0.0,0.0
2019/06/11/00:00,2019/06/11/15:45,0.0,0.0,0.0
2019/06/11/00:00,2019/06/11/16:00,0.0,0.0,0.0
2019/06/11/00:00,2019/06/11/16:15,0.0,0.0,0.0
2019/06/11/00:00,2019/06/11/16:30,0.0,0.0,0.0
2019/06/11/00:00,2019/06/11/16:45,0.0,0.0,0.0
2019/06/11/00:00,2019/06/11/17:00,0.0,0.0,0.0
2019/06/11/00:00,2019/06/11/17:15,0.0,0.0,0.0
2019/06/11/00:00,2019/06/11/17:30,0.0,0.0,0.0
2019/06/11/00:00,2019/06/11/17:45,0.0,0.0,0.0
2019/06/11/00:00,2019/06/11/18:00,0.0,0.0,0.0
2019/06/11/00:00,2019/06/11/18:15,0.0,0.0,0.0
2019/06/11/00:00,2019/06/11/18:30,0.0,0.0,0.0
2019/06/11/00:00,2019/06/11/18:45,0.0,0.0,0.0
2019/06/11/00:00,2019/06/11/19:00,0.0,0.0,0.0
2019/06/11/00:00,2019/06/11/19:15,0.0,0.0,0.0
2019/06/11/00:00,2019/06/11/19:30,0.0,0.0,0.0
2019/06/11/00:00,2019/06/11/19:45,0.0,0.0,0.0
2019/06/11/00:00,2019/06/11/20:00,0.0,0.0,0.0
2019/06/11/00:00,2019/06/11/20:15,0.0,0.0,0.0
2019/06/11/00:00,2019/06/11/20:30,0.0,0.0,0.0
2019/06/11/00:00,2019/06/11/20:45,0.0,0.0,0.0
2019/06/11/00:00,2019/06/11/21:00,0.0,0.0,0.0
2019/06/11/00:00,2019/06/11/21:15,0.0,0.0,0.0
2019/06/11/00:00,2019/06/11/21:30,0.0,0.0,0.0
2019/06/11/00:00,2019/06/11/21:45,0.035156,0.0,-0.035156
2019/06/11/00:00,2019/06/11/22:00,0.158203,0.1457980230974685,-0.0124049769025314
2019/06/11/00:00,2019/06/11/22:15,0.207422,0.1790605411810274,-0.0283614588189725
2019/06/11/00:00,2019/06/11/22:30,0.277734,0.3022756832084166,0.0245416832084165
2019/06/11/00:00,2019/06/11/22:45,0.499219,0.5339541354035242,0.0347351354035241
2019/06/11/00:00,2019/06/11/23:00,0.791016,0.7420451089644461,-0.0489708910355539
2019/06/11/00:00,2019/06/11/23:15,1.086328,1.2434476955626848,0.1571196955626848
2019/06/11/00:00,2019/06/11/23:30,1.142578,0.9190572224019704,-0.2235207775980298
2019/06/11/00:00,2019/06/11/23:45,1.490625,1.4591341513145628,-0.0314908486854372
2019/06/12/00:00,2019/06/12/00:00,1.754297,1.6700399604983005,-0.0842570395016997
2019/06/12/00:00,2019/06/12/00:15,2.049609,2.07478819864124,0.0251791986412404
2019/06/12/00:00,2019/06/12/00:30,1.894922,1.7789414588462302,-0.1159805411537697
2019/06/12/00:00,2019/06/12/00:45,1.110937,1.2461564712354178,0.1352194712354177
2019/06/12/00:00,2019/06/12/01:00,1.437891,1.3690918421792428,-0.0687991578207571
2019/06/12/00:00,2019/06/12/01:15,1.458984,1.2986332720584666,-0.1603507279415335
2019/06/12/00:00,2019/06/12/01:30,1.413281,1.3477191433340594,-0.0655618566659406
2019/06/12/00:00,2019/06/12/01:45,1.501172,1.4828533960806949,-0.0183186039193052
2019/06/12/00:00,2019/06/12/02:00,1.501172,1.362967188030153,-0.1382048119698469
2019/06/12/00:00,2019/06/12/02:15,1.905469,1.751407537243864,-0.154061462756136
2019/06/12/00:00,2019/06/12/02:30,1.891406,1.8807267116160264,-0.0106792883839734
2019/06/12/00:00,2019/06/12/02:45,1.8,1.7537167845836734,-0.0462832154163266
2019/06/12/00:00,2019/06/12/03:00,1.764844,1.7162752169236448,-0.0485687830763552
2019/06/12/00:00,2019/06/12/03:15,1.849219,1.9136723369031208,0.0644533369031208
2019/06/12/00:00,2019/06/12/03:30,2.049609,1.74813870888289,-0.3014702911171099
2019/06/12/00:00,2019/06/12/03:45,1.916016,1.9949216190333023,0.0789056190333024
2019/06/12/00:00,2019/06/12/04:00,1.930078,1.9846379450656235,0.0545599450656233
2019/06/12/00:00,2019/06/12/04:15,2.232422,2.1568150839047764,-0.0756069160952237
2019/06/12/00:00,2019/06/12/04:30,3.691406,3.571793633077194,-0.1196123669228059
2019/06/12/00:00,2019/06/12/04:45,3.287109,3.367107797692196,0.079998797692196
2019/06/12/00:00,2019/06/12/05:00,2.721094,2.4379208454643875,-0.2831731545356124
2019/06/12/00:00,2019/06/12/05:15,2.098828,2.0644597556463555,-0.0343682443536446
2019/06/12/00:00,2019/06/12/05:30,2.014453,1.8897875224202496,-0.1246654775797504
2019/06/12/00:00,2019/06/12/05:45,1.708594,1.8370456293408064,0.1284516293408064
2019/06/12/00:00,2019/06/12/06:00,1.891406,1.7816472335550677,-0.1097587664449322
2019/06/12/00:00,2019/06/12/06:15,3.779297,2.956188235261309,-0.823108764738691
2019/06/12/00:00,2019/06/12/06:30,3.367969,3.201329748315605,-0.166639251684395
2019/06/12/00:00,2019/06/12/06:45,3.578906,3.6109192356038022,0.0320132356038027
2019/06/12/00:00,2019/06/12/07:00,2.3625,2.832786134049264,0.4702861340492643
2019/06/12/00:00,2019/06/12/07:15,3.195703,3.3035928035245803,0.1078898035245803
2019/06/12/00:00,2019/06/12/07:30,3.016406,2.965667399704996,-0.0507386002950043
2019/06/12/00:00,2019/06/12/07:45,3.114844,3.024187560678933,-0.0906564393210667
2019/06/12/00:00,2019/06/12/08:00,2.844141,2.700395898344173,-0.1437451016558268
2019/06/12/00:00,2019/06/12/08:15,1.676953,1.6701305435033362,-0.0068224564966636
2019/06/12/00:00,2019/06/12/08:30,1.047656,1.152227802864398,0.104571802864398
2019/06/12/00:00,2019/06/12/08:45,1.072266,1.277671200410622,0.2054052004106219
2019/06/12/00:00,2019/06/12/09:00,0.801562,0.8212708212152984,0.0197088212152983
2019/06/12/00:00,2019/06/12/09:15,0.675,0.69111345805129,0.0161134580512899
2019/06/12/00:00,2019/06/12/09:30,0.699609,0.7175308059226024,0.0179218059226023
2019/06/12/00:00,2019/06/12/09:45,0.544922,0.4807562330113551,-0.0641657669886448
2019/06/12/00:00,2019/06/12/10:00,0.439453,0.4827011607073707,0.0432481607073707
2019/06/12/00:00,2019/06/12/10:15,0.312891,0.3727328410513125,0.0598418410513125
2019/06/12/00:00,2019/06/12/10:30,0.217969,0.2015720152458101,-0.0163969847541899
2019/06/12/00:00,2019/06/12/10:45,0.140625,0.1596401877140996,0.0190151877140996
2019/06/12/00:00,2019/06/12/11:00,0.024609,0.0,-0.024609
2019/06/12/00:00,2019/06/12/11:15,0.0,0.0,0.0
2019/06/12/00:00,2019/06/12/11:30,0.0,0.0,0.0
2019/06/12/00:00,2019/06/12/11:45,0.0,0.0,0.0
2019/06/12/00:00,2019/06/12/12:00,0.0,0.0,0.0
2019/06/12/00:00,2019/06/12/12:15,0.0,0.0,0.0
2019/06/12/00:00,2019/06/12/12:30,0.0,0.0,0.0
2019/06/12/00:00,2019/06/12/12:45,0.0,0.0,0.0
2019/06/12/00:00,2019/06/12/13:00,0.0,0.0,0.0
2019/06/12/00:00,2019/06/12/13:15,0.0,0.0,0.0
2019/06/12/00:00,2019/06/12/13:30,0.0,0.0,0.0
2019/06/12/00:00,2019/06/12/13:45,0.0,0.0,0.0
2019/06/12/00:00,2019/06/12/14:00,0.0,0.0,0.0
2019/06/12/00:00,2019/06/12/14:15,0.0,0.0,0.0
2019/06/12/00:00,2019/06/12/14:30,0.0,0.0,0.0
2019/06/12/00:00,2019/06/12/14:45,0.0,0.0,0.0
2019/06/12/00:00,2019/06/12/15:00,0.0,0.0,0.0
2019/06/12/00:00,2019/06/12/15:15,0.0,0.0,0.0
2019/06/12/00:00,2019/06/12/15:30,0.0,0.0,0.0
2019/06/12/00:00,2019/06/12/15:45,0.0,0.0,0.0
2019/06/12/00:00,2019/06/12/16:00,0.0,0.0,0.0
2019/06/12/00:00,2019/06/12/16:15,0.0,0.0,0.0
2019/06/12/00:00,2019/06/12/16:30,0.0,0.0,0.0
2019/06/12/00:00,2019/06/12/16:45,0.0,0.0,0.0
2019/06/12/00:00,2019/06/12/17:00,0.0,0.0,0.0
2019/06/12/00:00,2019/06/12/17:15,0.0,0.0,0.0
2019/06/12/00:00,2019/06/12/17:30,0.0,0.0,0.0
2019/06/12/00:00,2019/06/12/17:45,0.0,0.0,0.0
2019/06/12/00:00,2019/06/12/18:00,0.0,0.0,0.0
2019/06/12/00:00,2019/06/12/18:15,0.0,0.0,0.0
2019/06/12/00:00,2019/06/12/18:30,0.0,0.0,0.0
2019/06/12/00:00,2019/06/12/18:45,0.0,0.0,0.0
2019/06/12/00:00,2019/06/12/19:00,0.0,0.0,0.0
2019/06/12/00:00,2019/06/12/19:15,0.0,0.0,0.0
2019/06/12/00:00,2019/06/12/19:30,0.0,0.0,0.0
2019/06/12/00:00,2019/06/12/19:45,0.0,0.0,0.0
2019/06/12/00:00,2019/06/12/20:00,0.0,0.0,0.0
2019/06/12/00:00,2019/06/12/20:15,0.0,0.0,0.0
2019/06/12/00:00,2019/06/12/20:30,0.0,0.0,0.0
2019/06/12/00:00,2019/06/12/20:45,0.0,0.0,0.0
2019/06/12/00:00,2019/06/12/21:00,0.0,0.0,0.0
2019/06/12/00:00,2019/06/12/21:15,0.014062,0.0,-0.014062
2019/06/12/00:00,2019/06/12/21:30,0.175781,0.0,-0.175781
2019/06/12/00:00,2019/06/12/21:45,0.379687,0.0,-0.379687
2019/06/12/00:00,2019/06/12/22:00,0.569531,0.5344371811231725,-0.0350938188768275
2019/06/12/00:00,2019/06/12/22:15,0.611719,0.5520945493658391,-0.0596244506341608
2019/06/12/00:00,2019/06/12/22:30,0.569531,0.6820175736057408,0.1124865736057407
2019/06/12/00:00,2019/06/12/22:45,0.580078,0.5215942192491899,-0.05848378075081
2019/06/12/00:00,2019/06/12/23:00,0.569531,0.6946582118976826,0.1251272118976826
2019/06/12/00:00,2019/06/12/23:15,0.587109,0.6528628674386988,0.0657538674386988
2019/06/12/00:00,2019/06/12/23:30,1.058203,0.9355995235271364,-0.1226034764728635
2019/06/12/00:00,2019/06/12/23:45,1.810547,1.9454825214077447,0.1349355214077447
2019/06/13/00:00,2019/06/13/00:00,1.930078,1.772957387748649,-0.1571206122513508
2019/06/13/00:00,2019/06/13/00:15,2.070703,1.9873271718522545,-0.0833758281477456
2019/06/13/00:00,2019/06/13/00:30,2.612109,2.663194395473756,0.0510853954737564
2019/06/13/00:00,2019/06/13/00:45,2.162109,2.0884354043309195,-0.0736735956690806
2019/06/13/00:00,2019/06/13/01:00,1.916016,2.2305275247922336,0.3145115247922336
2019/06/13/00:00,2019/06/13/01:15,2.777344,2.693871543080476,-0.0834724569195239
2019/06/13/00:00,2019/06/13/01:30,2.5875,2.757917663908291,0.170417663908291
2019/06/13/00:00,2019/06/13/01:45,2.141016,0.3693285529646725,-1.7716874470353274
2019/06/13/00:00,2019/06/13/02:00,3.54375,0.5508117036752128,-2.9929382963247875
2019/06/13/00:00,2019/06/13/02:15,3.417187,3.1545677662786717,-0.2626192337213289
2019/06/13/00:00,2019/06/13/02:30,2.759766,2.756147424840649,-0.0036185751593507
2019/06/13/00:00,2019/06/13/02:45,2.798437,2.913099062137461,0.114662062137461
2019/06/13/00:00,2019/06/13/03:00,2.334375,2.283542112698983,-0.0508328873010168
2019/06/13/00:00,2019/06/13/03:15,1.546875,1.4606121578784887,-0.0862628421215112
2019/06/13/00:00,2019/06/13/03:30,1.705078,1.7376711850366524,0.0325931850366523
2019/06/13/00:00,2019/06/13/03:45,1.35,1.35309095079344,0.00309095079344
2019/06/13/00:00,2019/06/13/04:00,1.167187,1.2621717928486125,0.0949847928486125
2019/06/13/00:00,2019/06/13/04:15,1.444922,1.2275407041978916,-0.2173812958021084
2019/06/13/00:00,2019/06/13/04:30,1.423828,1.3544535260855408,-0.0693744739144592
2019/06/13/00:00,2019/06/13/04:45,1.117969,1.198995958816265,0.0810269588162651
2019/06/13/00:00,2019/06/13/05:00,1.532812,1.4963394352287742,-0.0364725647712258
2019/06/13/00:00,2019/06/13/05:15,1.174219,1.2523728436094976,0.0781538436094977
2019/06/13/00:00,2019/06/13/05:30,1.001953,1.043806490666287,0.0418534906662868
2019/06/13/00:00,2019/06/13/05:45,1.441406,1.6850387964555844,0.2436327964555844
2019/06/13/00:00,2019/06/13/06:00,2.144531,1.8429195977004784,-0.301611402299522
2019/06/13/00:00,2019/06/13/06:15,2.1375,1.6542010765034227,-0.4832989234965774
2019/06/13/00:00,2019/06/13/06:30,1.691016,1.5471882032916997,-0.1438277967083006
2019/06/13/00:00,2019/06/13/06:45,1.226953,1.2142189854965413,-0.0127340145034586
2019/06/13/00:00,2019/06/13/07:00,0.734766,0.7899450848956157,0.0551790848956156
2019/06/13/00:00,2019/06/13/07:15,0.636328,0.5419961907153968,-0.0943318092846031
2019/06/13/00:00,2019/06/13/07:30,0.615234,0.6009487346599646,-0.0142852653400353
2019/06/13/00:00,2019/06/13/07:45,0.914062,0.9275282657608808,0.0134662657608808
2019/06/13/00:00,2019/06/13/08:00,0.759375,0.791752773557936,0.032377773557936
2019/06/13/00:00,2019/06/13/08:15,0.573047,0.6274725464296651,0.0544255464296651
2019/06/13/00:00,2019/06/13/08:30,0.246094,0.281958912230488,0.035864912230488
2019/06/13/00:00,2019/06/13/08:45,0.175781,0.1792859331476828,0.0035049331476827
2019/06/13/00:00,2019/06/13/09:00,0.228516,0.2081703678978708,-0.0203456321021291
2019/06/13/00:00,2019/06/13/09:15,0.232031,0.2365073422051116,0.0044763422051116
2019/06/13/00:00,2019/06/13/09:30,0.144141,0.1507005611319359,0.0065595611319359
2019/06/13/00:00,2019/06/13/09:45,0.200391,0.1578946780248078,-0.0424963219751922
2019/06/13/00:00,2019/06/13/10:00,0.116016,0.1346280186533866,0.0186120186533866
2019/06/13/00:00,2019/06/13/10:15,0.16875,0.143518876242402,-0.0252311237575979
2019/06/13/00:00,2019/06/13/10:30,0.326953,0.293579077132258,-0.0333739228677419
2019/06/13/00:00,2019/06/13/10:45,0.330469,0.2398690073625022,-0.0905999926374978
2019/06/13/00:00,2019/06/13/11:00,0.151172,0.0,-0.151172
2019/06/13/00:00,2019/06/13/11:15,0.1125,0.0,-0.1125
2019/06/13/00:00,2019/06/13/11:30,0.0,0.0,0.0
2019/06/13/00:00,2019/06/13/11:45,0.0,0.0,0.0
2019/06/13/00:00,2019/06/13/12:00,0.0,0.0,0.0
2019/06/13/00:00,2019/06/13/12:15,0.0,0.0,0.0
2019/06/13/00:00,2019/06/13/12:30,0.0,0.0,0.0
2019/06/13/00:00,2019/06/13/12:45,0.0,0.0,0.0
2019/06/13/00:00,2019/06/13/13:00,0.0,0.0,0.0
2019/06/13/00:00,2019/06/13/13:15,0.0,0.0,0.0
2019/06/13/00:00,2019/06/13/13:30,0.0,0.0,0.0
2019/06/13/00:00,2019/06/13/13:45,0.0,0.0,0.0
2019/06/13/00:00,2019/06/13/14:00,0.0,0.0,0.0
2019/06/13/00:00,2019/06/13/14:15,0.0,0.0,0.0
2019/06/13/00:00,2019/06/13/14:30,0.0,0.0,0.0
2019/06/13/00:00,2019/06/13/14:45,0.0,0.0,0.0
2019/06/13/00:00,2019/06/13/15:00,0.0,0.0,0.0
2019/06/13/00:00,2019/06/13/15:15,0.0,0.0,0.0
2019/06/13/00:00,2019/06/13/15:30,0.0,0.0,0.0
2019/06/13/00:00,2019/06/13/15:45,0.0,0.0,0.0
