date_time,actual_power,predicted_power,error
2019-06-06 16:00:00,0.0,0.0,0.0
2019-06-06 16:15:00,0.0,0.0,0.0
2019-06-06 16:30:00,0.0,0.0,0.0
2019-06-06 16:45:00,0.0,0.0,0.0
2019-06-06 17:00:00,0.0,0.0,0.0
2019-06-06 17:15:00,0.0,0.0,0.0
2019-06-06 17:30:00,0.0,0.0,0.0
2019-06-06 17:45:00,0.0,0.0,0.0
2019-06-06 18:00:00,0.0,0.0,0.0
2019-06-06 18:15:00,0.0,0.0,0.0
2019-06-06 18:30:00,0.0,0.0,0.0
2019-06-06 18:45:00,0.0,0.0,0.0
2019-06-06 19:00:00,0.0,0.0,0.0
2019-06-06 19:15:00,0.0,0.0,0.0
2019-06-06 19:30:00,0.0,0.0,0.0
2019-06-06 19:45:00,0.0,0.0,0.0
2019-06-06 20:00:00,0.0,0.0,0.0
2019-06-06 20:15:00,0.0,0.0,0.0
2019-06-06 20:30:00,0.0,0.0,0.0
2019-06-06 20:45:00,0.0,0.0,0.0
2019-06-06 21:00:00,0.0,0.0,0.0
2019-06-06 21:15:00,0.1848,0.0,-0.1848
2019-06-06 21:30:00,0.7559999999999999,0.0,-0.7559999999999999
2019-06-06 21:45:00,1.2712,0.0,-1.2712
2019-06-06 22:00:00,1.904,1.9105896949768066,0.006589694976806726
2019-06-06 22:15:00,2.6656,2.670788049697876,0.005188049697876007
2019-06-06 22:30:00,3.5728,3.5318055152893066,-0.040994484710693335
2019-06-06 22:45:00,4.1160000000000005,4.1190338134765625,0.003033813476561953
2019-06-06 23:00:00,5.4544,5.466886043548584,0.012486043548584291
2019-06-06 23:15:00,7.2912,7.211899280548096,-0.0793007194519042
2019-06-06 23:30:00,8.148,8.190223693847656,0.04222369384765656
2019-06-06 23:45:00,8.5792,8.551776885986328,-0.027423114013672034
2019-06-07 00:00:00,7.9744,8.07516860961914,0.10076860961914047
2019-06-07 00:15:00,7.9744,8.125672340393066,0.15127234039306625
2019-06-07 00:30:00,7.896,7.974649429321289,0.07864942932128915
2019-06-07 00:45:00,11.6872,11.606237411499023,-0.08096258850097726
2019-06-07 01:00:00,13.356,13.322518348693848,-0.033481651306152216
2019-06-07 01:15:00,15.6912,15.722160339355469,0.03096033935546849
2019-06-07 01:30:00,17.225599,17.196857452392578,-0.02874154760742087
2019-06-07 01:45:00,15.5792,15.59320068359375,0.01400068359374984
2019-06-07 02:00:00,19.2472,19.305082321166992,0.05788232116699277
2019-06-07 02:15:00,19.7232,19.727983474731445,0.004783474731446802
2019-06-07 02:30:00,20.6416,20.439300537109375,-0.2022994628906254
2019-06-07 02:45:00,17.4608,17.90546989440918,0.4446698944091807
2019-06-07 03:00:00,21.252001,21.154125213623047,-0.09787578637695304
2019-06-07 03:15:00,21.5376,21.516536712646484,-0.021063287353516813
2019-06-07 03:30:00,19.348,19.255603790283203,-0.09239620971679585
2019-06-07 03:45:00,18.3568,18.7576847076416,0.4008847076416018
2019-06-07 04:00:00,16.783199,16.84136962890625,0.058170628906250244
2019-06-07 04:15:00,18.4016,17.746828079223633,-0.6547719207763656
2019-06-07 04:30:00,13.2664,13.281050682067871,0.014650682067870235
2019-06-07 04:45:00,20.2216,20.15047836303711,-0.07112163696288931
2019-06-07 05:00:00,20.9328,20.401220321655273,-0.5315796783447269
2019-06-07 05:15:00,20.809601,20.398950576782227,-0.4106504232177741
2019-06-07 05:30:00,13.4848,13.537353515625,0.0525535156250001
2019-06-07 05:45:00,10.5112,10.917624473571777,0.4064244735717768
2019-06-07 06:00:00,12.7904,13.583910942077637,0.7935109420776367
2019-06-07 06:15:00,21.587999,20.001432418823242,-1.5865665811767578
2019-06-07 06:30:00,6.8432,6.924919605255127,0.08171960525512656
2019-06-07 06:45:00,7.756,7.972198009490967,0.21619800949096657
2019-06-07 07:00:00,6.972,7.204697132110596,0.23269713211059528
2019-06-07 07:15:00,15.0976,14.289868354797363,-0.8077316452026366
2019-06-07 07:30:00,14.3416,14.070427894592285,-0.2711721054077145
2019-06-07 07:45:00,9.7328,10.086849212646484,0.35404921264648515
2019-06-07 08:00:00,8.3384,8.130050659179688,-0.20834934082031253
2019-06-07 08:15:00,5.8576,6.138354778289795,0.2807547782897952
2019-06-07 08:30:00,6.0704,6.068587779998779,-0.0018122200012209433
2019-06-07 08:45:00,6.6976,6.682610511779785,-0.014989488220215286
2019-06-07 09:00:00,4.312,4.340114593505859,0.028114593505859098
2019-06-07 09:15:00,3.4216,3.438443660736084,0.016843660736083788
2019-06-07 09:30:00,3.2872,3.216930389404297,-0.07026961059570302
2019-06-07 09:45:00,2.7832,2.765364646911621,-0.017835353088378803
2019-06-07 10:00:00,2.6096,2.5977835655212402,-0.011816434478759685
2019-06-07 10:15:00,3.7408,3.7898952960968018,0.04909529609680163
2019-06-07 10:30:00,1.1928,1.3237043619155884,0.1309043619155883
2019-06-07 10:45:00,0.9856,0.9625158905982971,-0.023084109401702912
2019-06-07 11:00:00,0.5432,0.0,-0.5432
2019-06-07 11:15:00,0.2408,0.0,-0.2408
2019-06-07 11:30:00,0.0,0.0,0.0
2019-06-07 11:45:00,0.0,0.0,0.0
2019-06-07 12:00:00,0.0,0.0,0.0
2019-06-07 12:15:00,0.0,0.0,0.0
2019-06-07 12:30:00,0.0,0.0,0.0
2019-06-07 12:45:00,0.0,0.0,0.0
2019-06-07 13:00:00,0.0,0.0,0.0
2019-06-07 13:15:00,0.0,0.0,0.0
2019-06-07 13:30:00,0.0,0.0,0.0
2019-06-07 13:45:00,0.0,0.0,0.0
2019-06-07 14:00:00,0.0,0.0,0.0
2019-06-07 14:15:00,0.0,0.0,0.0
2019-06-07 14:30:00,0.0,0.0,0.0
2019-06-07 14:45:00,0.0,0.0,0.0
2019-06-07 15:00:00,0.0,0.0,0.0
2019-06-07 15:15:00,0.0,0.0,0.0
2019-06-07 15:30:00,0.0,0.0,0.0
2019-06-07 15:45:00,0.0,0.0,0.0
2019-06-07 16:00:00,0.0,0.0,0.0
2019-06-07 16:15:00,0.0,0.0,0.0
2019-06-07 16:30:00,0.0,0.0,0.0
2019-06-07 16:45:00,0.0,0.0,0.0
2019-06-07 17:00:00,0.0,0.0,0.0
2019-06-07 17:15:00,0.0,0.0,0.0
2019-06-07 17:30:00,0.0,0.0,0.0
2019-06-07 17:45:00,0.0,0.0,0.0
2019-06-07 18:00:00,0.0,0.0,0.0
2019-06-07 18:15:00,0.0,0.0,0.0
2019-06-07 18:30:00,0.0,0.0,0.0
2019-06-07 18:45:00,0.0,0.0,0.0
2019-06-07 19:00:00,0.0,0.0,0.0
2019-06-07 19:15:00,0.0,0.0,0.0
2019-06-07 19:30:00,0.0,0.0,0.0
2019-06-07 19:45:00,0.0,0.0,0.0
2019-06-07 20:00:00,0.0,0.0,0.0
2019-06-07 20:15:00,0.0,0.0,0.0
2019-06-07 20:30:00,0.0,0.0,0.0
2019-06-07 20:45:00,0.0,0.0,0.0
2019-06-07 21:00:00,0.0,0.0,0.0
2019-06-07 21:15:00,0.1232,0.0,-0.1232
2019-06-07 21:30:00,0.3024,0.0,-0.3024
2019-06-07 21:45:00,0.8008,0.0,-0.8008
2019-06-07 22:00:00,1.3272,1.3469672203063965,0.01976722030639655
2019-06-07 22:15:00,2.0272,2.0280513763427734,0.0008513763427733245
2019-06-07 22:30:00,2.9008,2.9463562965393066,0.04555629653930682
2019-06-07 22:45:00,3.9648,4.011458873748779,0.04665887374877942
2019-06-07 23:00:00,5.0848,5.0781073570251465,-0.006692642974853946
2019-06-07 23:15:00,6.3112,6.326014995574951,0.014814995574950807
2019-06-07 23:30:00,7.5096,7.4789347648620605,-0.030665235137939284
2019-06-07 23:45:00,8.8424,8.845157623291016,0.0027576232910160314
2019-06-08 00:00:00,10.1192,10.141901016235352,0.022701016235352256
2019-06-08 00:15:00,11.3736,11.32186508178711,-0.051734918212890335
2019-06-08 00:30:00,12.5888,12.531828880310059,-0.056971119689942284
2019-06-08 00:45:00,13.804,13.867536544799805,0.06353654479980442
2019-06-08 01:00:00,15.0472,15.097900390625,0.05070039062499987
2019-06-08 01:15:00,15.9656,15.990046501159668,0.024446501159667733
2019-06-08 01:30:00,16.9792,16.978609085083008,-0.0005909149169909256
2019-06-08 01:45:00,17.808001,17.76537322998047,-0.04262777001953211
2019-06-08 02:00:00,18.547199,18.615882873535156,0.06868387353515715
2019-06-08 02:15:00,19.516001,19.54717445373535,0.031173453735352297
2019-06-08 02:30:00,21.056,21.003131866455078,-0.05286813354492281
2019-06-08 02:45:00,15.8872,15.986283302307129,0.09908330230712892
2019-06-08 03:00:00,11.8328,12.005585670471191,0.17278567047119076
2019-06-08 03:15:00,22.2656,22.32378578186035,0.05818578186035239
2019-06-08 03:30:00,15.9432,14.698338508605957,-1.2448614913940421
2019-06-08 03:45:00,22.2208,22.308942794799805,0.08814279479980414
2019-06-08 04:00:00,22.075199,21.807758331298828,-0.2674406687011732
2019-06-08 04:15:00,20.0648,19.15187644958496,-0.9129235504150408
2019-06-08 04:30:00,20.0536,20.63526725769043,0.5816672576904303
2019-06-08 04:45:00,11.2952,11.095627784729004,-0.19957221527099556
2019-06-08 05:00:00,21.9128,21.188247680664062,-0.7245523193359382
2019-06-08 05:15:00,5.4992,5.3653244972229,-0.1338755027770997
2019-06-08 05:30:00,20.5408,19.059852600097656,-1.4809473999023446
2019-06-08 05:45:00,13.6696,12.096047401428223,-1.5735525985717782
2019-06-08 06:00:00,9.133599,8.628962516784668,-0.5046364832153323
2019-06-08 06:15:00,18.188801,16.930679321289062,-1.258121678710939
2019-06-08 06:30:00,3.64,4.007596492767334,0.36759649276733386
2019-06-08 06:45:00,3.3264,3.2771494388580322,-0.0492505611419678
2019-06-08 07:00:00,17.0632,15.032042503356934,-2.0311574966430648
2019-06-08 07:15:00,10.4552,7.263337135314941,-3.191862864685058
2019-06-08 07:30:00,6.9944,6.772543907165527,-0.22185609283447238
2019-06-08 07:45:00,13.5632,16.236770629882812,2.6735706298828124
2019-06-08 08:00:00,12.7176,12.597013473510742,-0.12058652648925694
2019-06-08 08:15:00,11.5808,11.694740295410156,0.11394029541015627
2019-06-08 08:30:00,7.6776,7.5828094482421875,-0.09479055175781248
2019-06-08 08:45:00,8.007999,7.970401763916016,-0.03759723608398424
2019-06-08 09:00:00,4.8944,4.834421634674072,-0.05997836532592782
2019-06-08 09:15:00,6.3056,6.4727253913879395,0.16712539138793936
2019-06-08 09:30:00,4.4688,4.543123722076416,0.07432372207641613
2019-06-08 09:45:00,3.584,3.608780860900879,0.02478086090087883
2019-06-08 10:00:00,2.6936,2.6408798694610596,-0.052720130538940424
2019-06-08 10:15:00,2.0048,2.0396790504455566,0.034879050445556725
2019-06-08 10:30:00,1.4168,1.4430543184280396,0.02625431842803949
2019-06-08 10:45:00,0.924,0.9545939564704895,0.03059395647048946
2019-06-08 11:00:00,0.5432,0.0,-0.5432
2019-06-08 11:15:00,0.2632,0.0,-0.2632
2019-06-08 11:30:00,0.0,0.0,0.0
2019-06-08 11:45:00,0.0,0.0,0.0
2019-06-08 12:00:00,0.0,0.0,0.0
2019-06-08 12:15:00,0.0,0.0,0.0
2019-06-08 12:30:00,0.0,0.0,0.0
2019-06-08 12:45:00,0.0,0.0,0.0
2019-06-08 13:00:00,0.0,0.0,0.0
2019-06-08 13:15:00,0.0,0.0,0.0
2019-06-08 13:30:00,0.0,0.0,0.0
2019-06-08 13:45:00,0.0,0.0,0.0
2019-06-08 14:00:00,0.0,0.0,0.0
2019-06-08 14:15:00,0.0,0.0,0.0
2019-06-08 14:30:00,0.0,0.0,0.0
2019-06-08 14:45:00,0.0,0.0,0.0
2019-06-08 15:00:00,0.0,0.0,0.0
2019-06-08 15:15:00,0.0,0.0,0.0
2019-06-08 15:30:00,0.0,0.0,0.0
2019-06-08 15:45:00,0.0,0.0,0.0
2019-06-08 16:00:00,0.0,0.0,0.0
2019-06-08 16:15:00,0.0,0.0,0.0
2019-06-08 16:30:00,0.0,0.0,0.0
2019-06-08 16:45:00,0.0,0.0,0.0
2019-06-08 17:00:00,0.0,0.0,0.0
2019-06-08 17:15:00,0.0,0.0,0.0
2019-06-08 17:30:00,0.0,0.0,0.0
2019-06-08 17:45:00,0.0,0.0,0.0
2019-06-08 18:00:00,0.0,0.0,0.0
2019-06-08 18:15:00,0.0,0.0,0.0
2019-06-08 18:30:00,0.0,0.0,0.0
2019-06-08 18:45:00,0.0,0.0,0.0
2019-06-08 19:00:00,0.0,0.0,0.0
2019-06-08 19:15:00,0.0,0.0,0.0
2019-06-08 19:30:00,0.0,0.0,0.0
2019-06-08 19:45:00,0.0,0.0,0.0
2019-06-08 20:00:00,0.0,0.0,0.0
2019-06-08 20:15:00,0.0,0.0,0.0
2019-06-08 20:30:00,0.0,0.0,0.0
2019-06-08 20:45:00,0.0,0.0,0.0
2019-06-08 21:00:00,0.0,0.0,0.0
2019-06-08 21:15:00,0.0,0.0,0.0
2019-06-08 21:30:00,0.2464,0.0,-0.2464
2019-06-08 21:45:00,0.644,0.0,-0.644
2019-06-08 22:00:00,1.2208,1.243775725364685,0.02297572536468495
2019-06-08 22:15:00,2.0272,2.002335548400879,-0.024864451599121207
2019-06-08 22:30:00,2.94,2.9463562965393066,0.006356296539306694
2019-06-08 22:45:00,4.1328,4.111133575439453,-0.02166642456054646
2019-06-08 23:00:00,5.2472,5.2113518714904785,-0.03584812850952179
2019-06-08 23:15:00,6.4568,6.434025764465332,-0.022774235534668286
2019-06-08 23:30:00,7.7616,7.701894760131836,-0.05970523986816367
2019-06-08 23:45:00,9.133599,9.123863220214844,-0.009735779785156495
2019-06-09 00:00:00,10.5056,10.559666633605957,0.05406663360595765
2019-06-09 00:15:00,11.9168,11.94273567199707,0.02593567199707003
2019-06-09 00:30:00,13.2496,13.27646255493164,0.02686255493164147
2019-06-09 00:45:00,14.5152,14.49130916595459,-0.02389083404541026
2019-06-09 01:00:00,15.6856,15.716348648071289,0.030748648071288187
2019-06-09 01:15:00,16.6712,16.722217559814453,0.051017559814454216
2019-06-09 01:30:00,17.690399,17.70885467529297,0.01845567529296943
2019-06-09 01:45:00,18.4856,18.508380889892578,0.02278088989257654
2019-06-09 02:00:00,18.9056,18.934301376342773,0.0287013763427737
2019-06-09 02:15:00,19.459999,19.38910675048828,-0.07089224951171857
2019-06-09 02:30:00,20.6248,20.60614776611328,-0.018652233886719216
2019-06-09 02:45:00,20.9104,20.867603302001953,-0.042796697998046085
2019-06-09 03:00:00,21.649599,21.62625503540039,-0.023343964599607858
2019-06-09 03:15:00,21.8792,21.873872756958008,-0.005327243041993057
2019-06-09 03:30:00,22.1984,22.19254493713379,-0.005855062866210403
2019-06-09 03:45:00,22.3832,22.373233795166016,-0.009966204833983028
2019-06-09 04:00:00,22.427999,22.515899658203125,0.0879006582031252
2019-06-09 04:15:00,22.2992,22.48423957824707,0.1850395782470713
2019-06-09 04:30:00,22.192801,22.245494842529297,0.05269384252929754
2019-06-09 04:45:00,21.9856,21.97832679748535,-0.007273202514650023
2019-06-09 05:00:00,21.728001000000003,21.612030029296875,-0.11597097070312756
2019-06-09 05:15:00,21.3864,21.376996994018555,-0.009403005981443613
2019-06-09 05:30:00,20.865601,20.84961700439453,-0.01598399560547037
2019-06-09 05:45:00,20.4848,20.42792510986328,-0.05687489013671865
2019-06-09 06:00:00,19.863199,19.950504302978516,0.08730530297851402
2019-06-09 06:15:00,19.124001,19.005582809448242,-0.11841819055175762
2019-06-09 06:30:00,18.34,18.317358016967773,-0.02264198303222642
2019-06-09 06:45:00,17.4384,17.51983642578125,0.08143642578124854
2019-06-09 07:00:00,16.5256,16.557085037231445,0.03148503723144458
2019-06-09 07:15:00,15.6632,15.64470386505127,-0.01849613494873026
2019-06-09 07:30:00,14.364,14.267068862915039,-0.0969311370849617
2019-06-09 07:45:00,13.1992,13.286092758178711,0.08689275817871156
2019-06-09 08:00:00,12.376,12.34110164642334,-0.0348983535766596
2019-06-09 08:15:00,9.760799,9.738950729370117,-0.02184827062988326
2019-06-09 08:30:00,10.0688,10.20746898651123,0.13866898651123094
2019-06-09 08:45:00,7.4816,7.46223783493042,-0.019362165069580328
2019-06-09 09:00:00,6.6976,6.7424726486206055,0.04487264862060503
2019-06-09 09:15:00,5.5104,5.552617073059082,0.04221707305908229
2019-06-09 09:30:00,4.4744,4.44596004486084,-0.02843995513916031
2019-06-09 09:45:00,3.024,3.0436453819274902,0.019645381927490213
2019-06-09 10:00:00,2.8448,2.8401129245758057,-0.004687075424194553
2019-06-09 10:15:00,2.548,2.5876545906066895,0.03965459060668941
2019-06-09 10:30:00,1.54,1.5613667964935303,0.021366796493530238
2019-06-09 10:45:00,1.1144,1.0803011655807495,-0.034098834419250545
2019-06-09 11:00:00,0.6216,0.0,-0.6216
2019-06-09 11:15:00,0.2632,0.0,-0.2632
2019-06-09 11:30:00,0.0,0.0,0.0
2019-06-09 11:45:00,0.0,0.0,0.0
2019-06-09 12:00:00,0.0,0.0,0.0
2019-06-09 12:15:00,0.0,0.0,0.0
2019-06-09 12:30:00,0.0,0.0,0.0
2019-06-09 12:45:00,0.0,0.0,0.0
2019-06-09 13:00:00,0.0,0.0,0.0
2019-06-09 13:15:00,0.0,0.0,0.0
2019-06-09 13:30:00,0.0,0.0,0.0
2019-06-09 13:45:00,0.0,0.0,0.0
2019-06-09 14:00:00,0.0,0.0,0.0
2019-06-09 14:15:00,0.0,0.0,0.0
2019-06-09 14:30:00,0.0,0.0,0.0
2019-06-09 14:45:00,0.0,0.0,0.0
2019-06-09 15:00:00,0.0,0.0,0.0
2019-06-09 15:15:00,0.0,0.0,0.0
2019-06-09 15:30:00,0.0,0.0,0.0
2019-06-09 15:45:00,0.0,0.0,0.0
2019-06-09 16:00:00,0.0,0.0,0.0
2019-06-09 16:15:00,0.0,0.0,0.0
2019-06-09 16:30:00,0.0,0.0,0.0
2019-06-09 16:45:00,0.0,0.0,0.0
2019-06-09 17:00:00,0.0,0.0,0.0
2019-06-09 17:15:00,0.0,0.0,0.0
2019-06-09 17:30:00,0.0,0.0,0.0
2019-06-09 17:45:00,0.0,0.0,0.0
2019-06-09 18:00:00,0.0,0.0,0.0
2019-06-09 18:15:00,0.0,0.0,0.0
2019-06-09 18:30:00,0.0,0.0,0.0
2019-06-09 18:45:00,0.0,0.0,0.0
2019-06-09 19:00:00,0.0,0.0,0.0
2019-06-09 19:15:00,0.0,0.0,0.0
2019-06-09 19:30:00,0.0,0.0,0.0
2019-06-09 19:45:00,0.0,0.0,0.0
2019-06-09 20:00:00,0.0,0.0,0.0
2019-06-09 20:15:00,0.0,0.0,0.0
2019-06-09 20:30:00,0.0,0.0,0.0
2019-06-09 20:45:00,0.0,0.0,0.0
2019-06-09 21:00:00,0.0,0.0,0.0
2019-06-09 21:15:00,0.2128,0.0,-0.2128
2019-06-09 21:30:00,0.4368,0.0,-0.4368
2019-06-09 21:45:00,0.9128,0.0,-0.9128
2019-06-09 22:00:00,1.4448,1.4484325647354126,0.0036325647354125135
2019-06-09 22:15:00,2.1672,2.1935274600982666,0.02632746009826681
2019-06-09 22:30:00,3.0576,3.0295090675354004,-0.028090932464599483
2019-06-09 22:45:00,4.1384,4.13536262512207,-0.003037374877929544
2019-06-09 23:00:00,5.1688,5.137906551361084,-0.030893448638916077
2019-06-09 23:15:00,6.356,6.285260200500488,-0.07073979949951159
2019-06-09 23:30:00,7.3808,7.3945183753967285,0.01371837539672871
2019-06-09 23:45:00,8.8592,8.84465503692627,-0.014544963073729988
2019-06-10 00:00:00,10.1808,10.146937370300293,-0.03386262969970666
2019-06-10 00:15:00,11.4576,11.378954887390137,-0.07864511260986262
2019-06-10 00:30:00,12.5384,12.517971992492676,-0.020428007507323542
2019-06-10 00:45:00,13.8824,13.866678237915039,-0.015721762084961455
2019-06-10 01:00:00,14.9296,14.917115211486816,-0.012484788513184242
2019-06-10 01:15:00,15.9824,15.98833179473877,0.005931794738769369
2019-06-10 01:30:00,17.5672,17.46694564819336,-0.10025435180664033
2019-06-10 01:45:00,18.452,18.507997512817383,0.05599751281738108
2019-06-10 02:00:00,17.555999999999997,17.39984893798828,-0.15615106201171614
2019-06-10 02:15:00,16.368799,16.54144859313965,0.17264959313964923
2019-06-10 02:30:00,14.9352,14.94834041595459,0.013140415954589812
2019-06-10 02:45:00,15.8648,15.987152099609375,0.12235209960937432
2019-06-10 03:00:00,12.684,12.740797996520996,0.05679799652099682
2019-06-10 03:15:00,17.5896,17.417129516601562,-0.1724704833984383
2019-06-10 03:30:00,15.7808,15.466495513916016,-0.31430448608398365
2019-06-10 03:45:00,15.5288,15.120131492614746,-0.4086685073852543
2019-06-10 04:00:00,14.0336,14.083587646484375,0.04998764648437515
2019-06-10 04:15:00,18.0208,17.65707015991211,-0.3637298400878919
2019-06-10 04:30:00,14.728,14.323062896728516,-0.40493710327148413
2019-06-10 04:45:00,17.5728,17.660287857055664,0.0874878570556632
2019-06-10 05:00:00,21.7784,21.04047966003418,-0.7379203399658216
2019-06-10 05:15:00,15.68,15.1492338180542,-0.5307661819458005
2019-06-10 05:30:00,18.8608,19.875547409057617,1.014747409057616
2019-06-10 05:45:00,16.6432,16.80882453918457,0.1656245391845701
2019-06-10 06:00:00,6.7984,6.825254917144775,0.026854917144775392
2019-06-10 06:15:00,14.1344,15.271132469177246,1.1367324691772467
2019-06-10 06:30:00,10.2592,10.293071746826172,0.033871746826172
2019-06-10 06:45:00,10.3376,9.992993354797363,-0.34460664520263684
2019-06-10 07:00:00,9.94,10.517427444458008,0.5774274444580083
2019-06-10 07:15:00,12.7792,13.237933158874512,0.45873315887451227
2019-06-10 07:30:00,10.7408,10.68956470489502,-0.051235295104980594
2019-06-10 07:45:00,9.24,9.13174057006836,-0.10825942993164084
2019-06-10 08:00:00,5.9752,6.254234313964844,0.2790343139648437
2019-06-10 08:15:00,6.0088,6.006091117858887,-0.0027088821411132002
2019-06-10 08:30:00,9.8448,9.46979808807373,-0.37500191192626886
2019-06-10 08:45:00,8.3552,8.195834159851074,-0.15936584014892574
2019-06-10 09:00:00,2.2288,2.2031755447387695,-0.025624455261230583
2019-06-10 09:15:00,6.02,6.249671936035156,0.22967193603515668
2019-06-10 09:30:00,4.62,4.057277202606201,-0.5627227973937989
2019-06-10 09:45:00,3.5056,2.929225206375122,-0.5763747936248778
2019-06-10 10:00:00,2.7552,2.8006069660186768,0.045406966018676886
2019-06-10 10:15:00,2.0216,2.057006359100342,0.035406359100341955
2019-06-10 10:30:00,1.68,1.6801831722259521,0.0001831722259522106
2019-06-10 10:45:00,1.3776,1.3852828741073608,0.007682874107360904
2019-06-10 11:00:00,0.8288,0.0,-0.8288
2019-06-10 11:15:00,0.4032,0.0,-0.4032
2019-06-10 11:30:00,0.1176,0.0,-0.1176
2019-06-10 11:45:00,0.0,0.0,0.0
2019-06-10 12:00:00,0.0,0.0,0.0
2019-06-10 12:15:00,0.0,0.0,0.0
2019-06-10 12:30:00,0.0,0.0,0.0
2019-06-10 12:45:00,0.0,0.0,0.0
2019-06-10 13:00:00,0.0,0.0,0.0
2019-06-10 13:15:00,0.0,0.0,0.0
2019-06-10 13:30:00,0.0,0.0,0.0
2019-06-10 13:45:00,0.0,0.0,0.0
2019-06-10 14:00:00,0.0,0.0,0.0
2019-06-10 14:15:00,0.0,0.0,0.0
2019-06-10 14:30:00,0.0,0.0,0.0
2019-06-10 14:45:00,0.0,0.0,0.0
2019-06-10 15:00:00,0.0,0.0,0.0
2019-06-10 15:15:00,0.0,0.0,0.0
2019-06-10 15:30:00,0.0,0.0,0.0
2019-06-10 15:45:00,0.0,0.0,0.0
2019-06-10 16:00:00,0.0,0.0,0.0
2019-06-10 16:15:00,0.0,0.0,0.0
2019-06-10 16:30:00,0.0,0.0,0.0
2019-06-10 16:45:00,0.0,0.0,0.0
2019-06-10 17:00:00,0.0,0.0,0.0
2019-06-10 17:15:00,0.0,0.0,0.0
2019-06-10 17:30:00,0.0,0.0,0.0
2019-06-10 17:45:00,0.0,0.0,0.0
2019-06-10 18:00:00,0.0,0.0,0.0
2019-06-10 18:15:00,0.0,0.0,0.0
2019-06-10 18:30:00,0.0,0.0,0.0
2019-06-10 18:45:00,0.0,0.0,0.0
2019-06-10 19:00:00,0.0,0.0,0.0
2019-06-10 19:15:00,0.0,0.0,0.0
2019-06-10 19:30:00,0.0,0.0,0.0
2019-06-10 19:45:00,0.0,0.0,0.0
2019-06-10 20:00:00,0.0,0.0,0.0
2019-06-10 20:15:00,0.0,0.0,0.0
2019-06-10 20:30:00,0.0,0.0,0.0
2019-06-10 20:45:00,0.0,0.0,0.0
2019-06-10 21:00:00,0.0,0.0,0.0
2019-06-10 21:15:00,0.1792,0.0,-0.1792
2019-06-10 21:30:00,0.3528,0.0,-0.3528
2019-06-10 21:45:00,0.7616,0.0,-0.7616
2019-06-10 22:00:00,1.2936,1.3240728378295898,0.03047283782958976
2019-06-10 22:15:00,2.0048,2.0280513763427734,0.023251376342773522
2019-06-10 22:30:00,2.8392,2.8348124027252197,-0.0043875972747802194
2019-06-10 22:45:00,3.8136,3.8023223876953125,-0.011277612304687601
2019-06-10 23:00:00,4.9,4.920882701873779,0.02088270187377894
2019-06-10 23:15:00,6.0760000000000005,6.069027423858643,-0.0069725761413579335
2019-06-10 23:30:00,7.28,7.247145175933838,-0.03285482406616236
2019-06-10 23:45:00,8.5904,8.55480670928955,-0.03559329071044992
2019-06-11 00:00:00,9.9008,9.953577041625977,0.052777041625976295
2019-06-11 00:15:00,11.1888,11.218754768371582,0.02995476837158151
2019-06-11 00:30:00,12.3648,12.383354187011719,0.01855418701171807
2019-06-11 00:45:00,13.468,13.475765228271484,0.007765228271484403
2019-06-11 01:00:00,14.4872,14.489350318908691,0.002150318908691773
2019-06-11 01:15:00,15.4392,15.41341495513916,-0.025785044860839434
2019-06-11 01:30:00,16.335199,16.30328941345215,-0.03190958654785092
2019-06-11 01:45:00,17.052,17.11339569091797,0.06139569091796915
2019-06-11 02:00:00,17.819201,17.77023696899414,-0.048964031005859
2019-06-11 02:15:00,18.547199,18.610647201538086,0.06344820153808683
2019-06-11 02:30:00,19.18,19.21177101135254,0.03177101135253935
2019-06-11 02:45:00,19.409599,19.370813369750977,-0.038785630249023484
2019-06-11 03:00:00,19.868799,19.874418258666992,0.005619258666992977
2019-06-11 03:15:00,19.560801,19.414457321166992,-0.14634367883300925
2019-06-11 03:30:00,17.976,18.250686645507812,0.2746866455078134
2019-06-11 03:45:00,15.6184,15.635457038879395,0.017057038879395137
2019-06-11 04:00:00,19.684,19.456361770629883,-0.22763822937011824
2019-06-11 04:15:00,21.0616,20.788400650024414,-0.2731993499755845
2019-06-11 04:30:00,20.299999,20.041574478149414,-0.2584245218505856
2019-06-11 04:45:00,15.1872,15.376049995422363,0.18884999542236258
2019-06-11 05:00:00,20.104,20.42301368713379,0.31901368713378986
2019-06-11 05:15:00,11.788,12.058897972106934,0.27089797210693334
2019-06-11 05:30:00,19.7792,19.603713989257812,-0.17548601074218695
2019-06-11 05:45:00,19.1856,18.930593490600586,-0.25500650939941494
2019-06-11 06:00:00,16.9736,16.64743423461914,-0.3261657653808605
2019-06-11 06:15:00,17.5672,18.078088760375977,0.5108887603759769
2019-06-11 06:30:00,16.9848,17.021570205688477,0.036770205688476665
2019-06-11 06:45:00,16.1056,16.1018009185791,-0.0037990814208974655
2019-06-11 07:00:00,15.3888,15.482028007507324,0.0932280075073244
2019-06-11 07:15:00,14.1176,14.23522663116455,0.1176266311645513
2019-06-11 07:30:00,13.1432,13.073352813720703,-0.06984718627929709
2019-06-11 07:45:00,11.5248,11.546501159667969,0.02170115966796793
2019-06-11 08:00:00,10.3488,10.323302268981934,-0.02549773101806707
2019-06-11 08:15:00,9.6096,9.548255920410156,-0.061344079589844114
2019-06-11 08:30:00,7.5824,7.563288688659668,-0.019111311340331838
2019-06-11 08:45:00,6.7592,6.758798122406006,-0.00040187759399401557
2019-06-11 09:00:00,5.5104,5.557173728942871,0.04677372894287135
2019-06-11 09:15:00,5.292000000000001,5.2971086502075195,0.005108650207518828
2019-06-11 09:30:00,4.3792,4.3348236083984375,-0.04437639160156248
2019-06-11 09:45:00,3.4552,3.4017105102539062,-0.0534894897460938
2019-06-11 10:00:00,2.492,2.483287811279297,-0.008712188720703118
2019-06-11 10:15:00,1.9488,1.9137959480285645,-0.035004051971435635
2019-06-11 10:30:00,1.5176,1.524606466293335,0.007006466293334901
2019-06-11 10:45:00,0.5936,0.6084126830101013,0.014812683010101302
2019-06-11 11:00:00,0.3248,0.0,-0.3248
2019-06-11 11:15:00,0.2744,0.0,-0.2744
2019-06-11 11:30:00,0.0,0.0,0.0
2019-06-11 11:45:00,0.0,0.0,0.0
2019-06-11 12:00:00,0.0,0.0,0.0
2019-06-11 12:15:00,0.0,0.0,0.0
2019-06-11 12:30:00,0.0,0.0,0.0
2019-06-11 12:45:00,0.0,0.0,0.0
2019-06-11 13:00:00,0.0,0.0,0.0
2019-06-11 13:15:00,0.0,0.0,0.0
2019-06-11 13:30:00,0.0,0.0,0.0
2019-06-11 13:45:00,0.0,0.0,0.0
2019-06-11 14:00:00,0.0,0.0,0.0
2019-06-11 14:15:00,0.0,0.0,0.0
2019-06-11 14:30:00,0.0,0.0,0.0
2019-06-11 14:45:00,0.0,0.0,0.0
2019-06-11 15:00:00,0.0,0.0,0.0
2019-06-11 15:15:00,0.0,0.0,0.0
2019-06-11 15:30:00,0.0,0.0,0.0
2019-06-11 15:45:00,0.0,0.0,0.0
2019-06-11 16:00:00,0.0,0.0,0.0
2019-06-11 16:15:00,0.0,0.0,0.0
2019-06-11 16:30:00,0.0,0.0,0.0
2019-06-11 16:45:00,0.0,0.0,0.0
2019-06-11 17:00:00,0.0,0.0,0.0
2019-06-11 17:15:00,0.0,0.0,0.0
2019-06-11 17:30:00,0.0,0.0,0.0
2019-06-11 17:45:00,0.0,0.0,0.0
2019-06-11 18:00:00,0.0,0.0,0.0
2019-06-11 18:15:00,0.0,0.0,0.0
2019-06-11 18:30:00,0.0,0.0,0.0
2019-06-11 18:45:00,0.0,0.0,0.0
2019-06-11 19:00:00,0.0,0.0,0.0
2019-06-11 19:15:00,0.0,0.0,0.0
2019-06-11 19:30:00,0.0,0.0,0.0
2019-06-11 19:45:00,0.0,0.0,0.0
2019-06-11 20:00:00,0.0,0.0,0.0
2019-06-11 20:15:00,0.0,0.0,0.0
2019-06-11 20:30:00,0.0,0.0,0.0
2019-06-11 20:45:00,0.0,0.0,0.0
2019-06-11 21:00:00,0.0,0.0,0.0
2019-06-11 21:15:00,0.0,0.0,0.0
2019-06-11 21:30:00,0.2576,0.0,-0.2576
2019-06-11 21:45:00,0.7952,0.0,-0.7952
2019-06-11 22:00:00,1.2376,1.2495582103729248,0.011958210372924771
2019-06-11 22:15:00,1.344,1.3543909788131714,0.010390978813171303
2019-06-11 22:30:00,2.9232,2.9593257904052734,0.03612579040527342
2019-06-11 22:45:00,4.0488,4.102738380432129,0.05393838043212895
2019-06-11 23:00:00,4.6816,4.693483352661133,0.011883352661132385
2019-06-11 23:15:00,5.7904,5.853974342346191,0.06357434234619141
2019-06-11 23:30:00,7.3136,7.229000091552734,-0.08459990844726573
2019-06-11 23:45:00,8.064,8.072751998901367,0.00875199890136713
2019-06-12 00:00:00,9.38,9.375751495361328,-0.004248504638672657
2019-06-12 00:15:00,10.2872,10.276305198669434,-0.01089480133056675
2019-06-12 00:30:00,11.8384,11.731371879577637,-0.10702812042236332
2019-06-12 00:45:00,11.2616,11.184398651123047,-0.07720134887695274
2019-06-12 01:00:00,13.02,12.97840404510498,-0.041595954895019105
2019-06-12 01:15:00,14.5712,14.530388832092285,-0.04081116790771411
2019-06-12 01:30:00,14.8624,14.877596855163574,0.015196855163575052
2019-06-12 01:45:00,16.044001,15.988975524902344,-0.05502547509765776
2019-06-12 02:00:00,16.7272,16.758512496948242,0.03131249694824234
2019-06-12 02:15:00,17.6064,17.68801498413086,0.08161498413085866
2019-06-12 02:30:00,18.054399,18.044626235961914,-0.009772764038086024
2019-06-12 02:45:00,18.4352,18.438579559326172,0.00337955932617362
2019-06-12 03:00:00,18.933599,18.93129539489746,-0.0023036051025400184
2019-06-12 03:15:00,19.2248,19.222646713256836,-0.002153286743162397
2019-06-12 03:30:00,19.879999,19.827058792114258,-0.05294020788574372
2019-06-12 03:45:00,19.952801,19.77153778076172,-0.18126321923828215
2019-06-12 04:00:00,9.0216,8.795494079589844,-0.22610592041015565
2019-06-12 04:15:00,6.2832,6.296681880950928,0.013481880950927838
2019-06-12 04:30:00,5.1912,5.36244535446167,0.17124535446166966
2019-06-12 04:45:00,3.6232,3.6068918704986572,-0.01630812950134297
2019-06-12 05:00:00,2.1,2.022270917892456,-0.07772908210754403
2019-06-12 05:15:00,1.2936,1.2846200466156006,-0.008979953384399497
2019-06-12 05:30:00,0.7559999999999999,0.7574207782745361,0.0014207782745362385
2019-06-12 05:45:00,0.4984,0.5246993899345398,0.026299389934539785
2019-06-12 06:00:00,0.8512,0.8154983520507812,-0.03570164794921871
2019-06-12 06:15:00,1.0864,0.9769909977912903,-0.10940900220870975
2019-06-12 06:30:00,1.2936,1.2481719255447388,-0.045428074455261314
2019-06-12 06:45:00,1.7080000000000002,1.7729634046554565,0.06496340465545636
2019-06-12 07:00:00,1.7919999999999998,1.693154215812683,-0.09884578418731671
2019-06-12 07:15:00,1.4112,1.370405912399292,-0.04079408760070802
2019-06-12 07:30:00,1.4,1.3586055040359497,-0.041394495964050204
2019-06-12 07:45:00,1.456,1.4134856462478638,-0.04251435375213619
2019-06-12 08:00:00,1.736,1.775276780128479,0.039276780128479016
2019-06-12 08:15:00,1.5512,1.5702837705612183,0.01908377056121835
2019-06-12 08:30:00,0.5824,0.614130973815918,0.03173097381591794
2019-06-12 08:45:00,0.4536,0.40525391697883606,-0.048346083021163944
2019-06-12 09:00:00,0.3752,0.3576962649822235,-0.017503735017776467
2019-06-12 09:15:00,0.4536,0.4472912549972534,-0.006308745002746585
2019-06-12 09:30:00,0.5936,0.538456916809082,-0.055143083190917985
2019-06-12 09:45:00,0.4479999999999999,0.4479254484176636,-7.455158233632408e-05
2019-06-12 10:00:00,0.0,0.023835111409425735,0.023835111409425735
2019-06-12 10:15:00,0.2632,0.18416331708431244,-0.07903668291568755
2019-06-12 10:30:00,0.0,0.00598529540002346,0.00598529540002346
2019-06-12 10:45:00,0.0,0.0016982083907350898,0.0016982083907350898
2019-06-12 11:00:00,0.0,0.0,0.0
2019-06-12 11:15:00,0.0,0.0,0.0
2019-06-12 11:30:00,0.0,0.0,0.0
2019-06-12 11:45:00,0.0,0.0,0.0
2019-06-12 12:00:00,0.0,0.0,0.0
2019-06-12 12:15:00,0.0,0.0,0.0
2019-06-12 12:30:00,0.0,0.0,0.0
2019-06-12 12:45:00,0.0,0.0,0.0
2019-06-12 13:00:00,0.0,0.0,0.0
2019-06-12 13:15:00,0.0,0.0,0.0
2019-06-12 13:30:00,0.0,0.0,0.0
2019-06-12 13:45:00,0.0,0.0,0.0
2019-06-12 14:00:00,0.0,0.0,0.0
2019-06-12 14:15:00,0.0,0.0,0.0
2019-06-12 14:30:00,0.0,0.0,0.0
2019-06-12 14:45:00,0.0,0.0,0.0
2019-06-12 15:00:00,0.0,0.0,0.0
2019-06-12 15:15:00,0.0,0.0,0.0
2019-06-12 15:30:00,0.0,0.0,0.0
2019-06-12 15:45:00,0.0,0.0,0.0
2019-06-12 16:00:00,0.0,0.0,0.0
2019-06-12 16:15:00,0.0,0.0,0.0
2019-06-12 16:30:00,0.0,0.0,0.0
2019-06-12 16:45:00,0.0,0.0,0.0
2019-06-12 17:00:00,0.0,0.0,0.0
2019-06-12 17:15:00,0.0,0.0,0.0
2019-06-12 17:30:00,0.0,0.0,0.0
2019-06-12 17:45:00,0.0,0.0,0.0
2019-06-12 18:00:00,0.0,0.0,0.0
2019-06-12 18:15:00,0.0,0.0,0.0
2019-06-12 18:30:00,0.0,0.0,0.0
2019-06-12 18:45:00,0.0,0.0,0.0
2019-06-12 19:00:00,0.0,0.0,0.0
2019-06-12 19:15:00,0.0,0.0,0.0
2019-06-12 19:30:00,0.0,0.0,0.0
2019-06-12 19:45:00,0.0,0.0,0.0
2019-06-12 20:00:00,0.0,0.0,0.0
2019-06-12 20:15:00,0.0,0.0,0.0
2019-06-12 20:30:00,0.0,0.0,0.0
2019-06-12 20:45:00,0.0,0.0,0.0
2019-06-12 21:00:00,0.0,0.0,0.0
2019-06-12 21:15:00,0.0,0.0,0.0
2019-06-12 21:30:00,0.1176,0.0,-0.1176
2019-06-12 21:45:00,0.2408,0.0,-0.2408
2019-06-12 22:00:00,0.5096,0.48475921154022217,-0.024840788459777885
2019-06-12 22:15:00,0.5544,0.6091041564941406,0.05470415649414062
2019-06-12 22:30:00,0.56,0.5646199584007263,0.004619958400726265
2019-06-12 22:45:00,0.812,0.7523977756500244,-0.05960222434997564
2019-06-12 23:00:00,0.588,0.5825446844100952,-0.005455315589904752
2019-06-12 23:15:00,0.6496,0.5681602358818054,-0.08143976411819454
2019-06-12 23:30:00,1.0696,1.0145457983016968,-0.05505420169830333
2019-06-12 23:45:00,1.2264,1.1077260971069336,-0.11867390289306634
2019-06-13 00:00:00,1.1032,0.9746752381324768,-0.12852476186752315
2019-06-13 00:15:00,2.2792,2.2382614612579346,-0.04093853874206532
2019-06-13 00:30:00,2.212,2.2273669242858887,0.015366924285888484
2019-06-13 00:45:00,2.3296,2.433462619781494,0.10386261978149403
2019-06-13 01:00:00,10.3096,12.727109909057617,2.4175099090576175
2019-06-13 01:15:00,13.1656,13.220240592956543,0.05464059295654344
2019-06-13 01:30:00,8.7528,9.043012619018555,0.2902126190185541
2019-06-13 01:45:00,18.143999,18.212921142578125,0.06892214257812412
2019-06-13 02:00:00,16.906401000000002,17.26479721069336,0.3583962106933569
2019-06-13 02:15:00,11.5472,10.716201782226562,-0.8309982177734376
2019-06-13 02:30:00,8.792,8.81710147857666,0.02510147857666034
2019-06-13 02:45:00,10.724,10.453563690185547,-0.2704363098144533
2019-06-13 03:00:00,10.3936,10.007085800170898,-0.38651419982910085
2019-06-13 03:15:00,19.482401,19.398115158081055,-0.08428584191894473
2019-06-13 03:30:00,12.628,11.77908706665039,-0.8489129333496095
2019-06-13 03:45:00,20.0704,20.255889892578125,0.18548989257812565
2019-06-13 04:00:00,18.8048,18.813508987426758,0.00870898742675763
2019-06-13 04:15:00,13.5632,12.851981163024902,-0.7112188369750978
2019-06-13 04:30:00,11.4072,11.48691177368164,0.07971177368164106
2019-06-13 04:45:00,9.4024,9.382370948791504,-0.020029051208496185
2019-06-13 05:00:00,13.9272,13.630660057067871,-0.29653994293212804
2019-06-13 05:15:00,14.6384,14.681506156921387,0.043106156921385974
2019-06-13 05:30:00,12.9304,12.264276504516602,-0.666123495483399
2019-06-13 05:45:00,16.379998999999998,15.981297492980957,-0.39870150701904095
2019-06-13 06:00:00,12.5496,12.7709321975708,0.22133219757080091
2019-06-13 06:15:00,5.3704,5.371621608734131,0.0012216087341307968
2019-06-13 06:30:00,4.956,5.9198503494262695,0.9638503494262691
2019-06-13 06:45:00,2.8616,2.8330490589141846,-0.028550941085815573
2019-06-13 07:00:00,3.7744,3.5818393230438232,-0.19256067695617674
2019-06-13 07:15:00,4.368,4.48828649520874,0.12028649520873991
2019-06-13 07:30:00,4.1384,3.9871652126312256,-0.15123478736877427
2019-06-13 07:45:00,5.7848,5.547366619110107,-0.2374333808898923
2019-06-13 08:00:00,5.8072,5.722848892211914,-0.08435110778808586
2019-06-13 08:15:00,4.7768,4.731860160827637,-0.044939839172362994
2019-06-13 08:30:00,4.76,4.825807571411133,0.06580757141113303
2019-06-13 08:45:00,4.5192,4.48237943649292,-0.03682056350707974
2019-06-13 09:00:00,5.9864,5.928772449493408,-0.05762755050659152
2019-06-13 09:15:00,7.2352,7.544814586639404,0.30961458663940444
2019-06-13 09:30:00,5.7176,5.763779163360596,0.04617916336059569
2019-06-13 09:45:00,1.9656,1.911817193031311,-0.05378280696868898
2019-06-13 10:00:00,1.6912,1.8558212518692017,0.16462125186920162
2019-06-13 10:15:00,1.5792,1.5677863359451294,-0.011413664054870543
2019-06-13 10:30:00,1.0416,1.0360045433044434,-0.005595456695556722
2019-06-13 10:45:00,0.7336,0.7345372438430786,0.0009372438430785834
2019-06-13 11:00:00,1.2824,0.0,-1.2824
2019-06-13 11:15:00,0.8568,0.0,-0.8568
2019-06-13 11:30:00,0.2856,0.0,-0.2856
2019-06-13 11:45:00,0.0,0.0,0.0
2019-06-13 12:00:00,0.0,0.0,0.0
2019-06-13 12:15:00,0.0,0.0,0.0
2019-06-13 12:30:00,0.0,0.0,0.0
2019-06-13 12:45:00,0.0,0.0,0.0
2019-06-13 13:00:00,0.0,0.0,0.0
2019-06-13 13:15:00,0.0,0.0,0.0
2019-06-13 13:30:00,0.0,0.0,0.0
2019-06-13 13:45:00,0.0,0.0,0.0
2019-06-13 14:00:00,0.0,0.0,0.0
2019-06-13 14:15:00,0.0,0.0,0.0
2019-06-13 14:30:00,0.0,0.0,0.0
2019-06-13 14:45:00,0.0,0.0,0.0
2019-06-13 15:00:00,0.0,0.0,0.0
2019-06-13 15:15:00,0.0,0.0,0.0
2019-06-13 15:30:00,0.0,0.0,0.0
2019-06-13 15:45:00,0.0,0.0,0.0
