起报时间,预报时间,实际功率(MW),XGBoost 预测功率(MW),误差
2019/06/06/00:00,2019/06/06/16:00,0.0,0.0,0.0
2019/06/06/00:00,2019/06/06/16:15,0.0,0.0,0.0
2019/06/06/00:00,2019/06/06/16:30,0.0,0.0,0.0
2019/06/06/00:00,2019/06/06/16:45,0.0,0.0,0.0
2019/06/06/00:00,2019/06/06/17:00,0.0,0.0,0.0
2019/06/06/00:00,2019/06/06/17:15,0.0,0.0,0.0
2019/06/06/00:00,2019/06/06/17:30,0.0,0.0,0.0
2019/06/06/00:00,2019/06/06/17:45,0.0,0.0,0.0
2019/06/06/00:00,2019/06/06/18:00,0.0,0.0,0.0
2019/06/06/00:00,2019/06/06/18:15,0.0,0.0,0.0
2019/06/06/00:00,2019/06/06/18:30,0.0,0.0,0.0
2019/06/06/00:00,2019/06/06/18:45,0.0,0.0,0.0
2019/06/06/00:00,2019/06/06/19:00,0.0,0.0,0.0
2019/06/06/00:00,2019/06/06/19:15,0.0,0.0,0.0
2019/06/06/00:00,2019/06/06/19:30,0.0,0.0,0.0
2019/06/06/00:00,2019/06/06/19:45,0.0,0.0,0.0
2019/06/06/00:00,2019/06/06/20:00,0.0,0.0,0.0
2019/06/06/00:00,2019/06/06/20:15,0.0,0.0,0.0
2019/06/06/00:00,2019/06/06/20:30,0.0,0.0,0.0
2019/06/06/00:00,2019/06/06/20:45,0.0,0.0,0.0
2019/06/06/00:00,2019/06/06/21:00,0.0,0.0,0.0
2019/06/06/00:00,2019/06/06/21:15,0.1848,0.0,-0.1848
2019/06/06/00:00,2019/06/06/21:30,0.7559999999999999,0.0,-0.7559999999999999
2019/06/06/00:00,2019/06/06/21:45,1.2712,0.0,-1.2712
2019/06/06/00:00,2019/06/06/22:00,1.904,1.7988254246217907,-0.1051745753782091
2019/06/06/00:00,2019/06/06/22:15,2.6656,2.525614998795653,-0.1399850012043471
2019/06/06/00:00,2019/06/06/22:30,3.5728,4.023638373853334,0.4508383738533341
2019/06/06/00:00,2019/06/06/22:45,4.1160000000000005,3.739580634965802,-0.3764193650341987
2019/06/06/00:00,2019/06/06/23:00,5.4544,6.18176542770652,0.7273654277065198
2019/06/06/00:00,2019/06/06/23:15,7.2912,6.155960924565006,-1.1352390754349937
2019/06/06/00:00,2019/06/06/23:30,8.148,8.560761669936765,0.4127616699367653
2019/06/06/00:00,2019/06/06/23:45,8.5792,7.3383857078874515,-1.240814292112549
2019/06/07/00:00,2019/06/07/00:00,7.9744,6.566521763739016,-1.4078782362609843
2019/06/07/00:00,2019/06/07/00:15,7.9744,9.117405453056431,1.143005453056431
2019/06/07/00:00,2019/06/07/00:30,7.896,8.341916324708484,0.4459163247084836
2019/06/07/00:00,2019/06/07/00:45,11.6872,12.4204535178449,0.7332535178449007
2019/06/07/00:00,2019/06/07/01:00,13.356,11.993574602485468,-1.3624253975145333
2019/06/07/00:00,2019/06/07/01:15,15.6912,17.064679338243067,1.373479338243067
2019/06/07/00:00,2019/06/07/01:30,17.225599,15.019533191562864,-2.2060658084371347
2019/06/07/00:00,2019/06/07/01:45,15.5792,7.799792663648199,-7.7794073363518015
2019/06/07/00:00,2019/06/07/02:00,19.2472,9.7670099667825,-9.480190033217498
2019/06/07/00:00,2019/06/07/02:15,19.7232,8.529331820704165,-11.193868179295832
2019/06/07/00:00,2019/06/07/02:30,20.6416,10.305762419049616,-10.335837580950384
2019/06/07/00:00,2019/06/07/02:45,17.4608,7.542581479975773,-9.918218520024226
2019/06/07/00:00,2019/06/07/03:00,21.252001,10.090330311337883,-11.161670688662117
2019/06/07/00:00,2019/06/07/03:15,21.5376,8.652988466952714,-12.884611533047288
2019/06/07/00:00,2019/06/07/03:30,19.348,19.28033451102285,-0.0676654889771448
2019/06/07/00:00,2019/06/07/03:45,18.3568,19.514408806433032,1.157608806433032
2019/06/07/00:00,2019/06/07/04:00,16.783199,16.879429194704738,0.0962301947047379
2019/06/07/00:00,2019/06/07/04:15,18.4016,16.99799877081903,-1.4036012291809676
2019/06/07/00:00,2019/06/07/04:30,13.2664,12.858150677832574,-0.4082493221674266
2019/06/07/00:00,2019/06/07/04:45,20.2216,19.412074048476008,-0.809525951523991
2019/06/07/00:00,2019/06/07/05:00,20.9328,21.37738767959559,0.444587679595589
2019/06/07/00:00,2019/06/07/05:15,20.809601,20.01318849041474,-0.7964125095852594
2019/06/07/00:00,2019/06/07/05:30,13.4848,13.335597677750757,-0.1492023222492449
2019/06/07/00:00,2019/06/07/05:45,10.5112,10.748171443486422,0.2369714434864214
2019/06/07/00:00,2019/06/07/06:00,12.7904,11.704410465115762,-1.085989534884238
2019/06/07/00:00,2019/06/07/06:15,21.587999,8.702120244382332,-12.885878755617668
2019/06/07/00:00,2019/06/07/06:30,6.8432,3.3354627538326165,-3.507737246167384
2019/06/07/00:00,2019/06/07/06:45,7.756,3.55837974585547,-4.19762025414453
2019/06/07/00:00,2019/06/07/07:00,6.972,7.326629826740196,0.3546298267401955
2019/06/07/00:00,2019/06/07/07:15,15.0976,13.59639727343367,-1.50120272656633
2019/06/07/00:00,2019/06/07/07:30,14.3416,14.171353221380116,-0.1702467786198838
2019/06/07/00:00,2019/06/07/07:45,9.7328,9.536776509013896,-0.1960234909861036
2019/06/07/00:00,2019/06/07/08:00,8.3384,7.57412502820786,-0.7642749717921395
2019/06/07/00:00,2019/06/07/08:15,5.8576,6.177864082622461,0.3202640826224616
2019/06/07/00:00,2019/06/07/08:30,6.0704,6.313100435563976,0.2427004355639752
2019/06/07/00:00,2019/06/07/08:45,6.6976,6.50225018822247,-0.1953498117775307
2019/06/07/00:00,2019/06/07/09:00,4.312,4.508867336532147,0.1968673365321471
2019/06/07/00:00,2019/06/07/09:15,3.4216,4.084218816989055,0.6626188169890548
2019/06/07/00:00,2019/06/07/09:30,3.2872,3.4775803027139767,0.1903803027139767
2019/06/07/00:00,2019/06/07/09:45,2.7832,2.179627017917876,-0.6035729820821238
2019/06/07/00:00,2019/06/07/10:00,2.6096,2.8928801384542258,0.2832801384542258
2019/06/07/00:00,2019/06/07/10:15,3.7408,3.6066944467372006,-0.1341055532627995
2019/06/07/00:00,2019/06/07/10:30,1.1928,1.5827876049493272,0.3899876049493271
2019/06/07/00:00,2019/06/07/10:45,0.9856,0.8850125980929492,-0.1005874019070508
2019/06/07/00:00,2019/06/07/11:00,0.5432,0.0,-0.5432
2019/06/07/00:00,2019/06/07/11:15,0.2408,0.0,-0.2408
2019/06/07/00:00,2019/06/07/11:30,0.0,0.0,0.0
2019/06/07/00:00,2019/06/07/11:45,0.0,0.0,0.0
2019/06/07/00:00,2019/06/07/12:00,0.0,0.0,0.0
2019/06/07/00:00,2019/06/07/12:15,0.0,0.0,0.0
2019/06/07/00:00,2019/06/07/12:30,0.0,0.0,0.0
2019/06/07/00:00,2019/06/07/12:45,0.0,0.0,0.0
2019/06/07/00:00,2019/06/07/13:00,0.0,0.0,0.0
2019/06/07/00:00,2019/06/07/13:15,0.0,0.0,0.0
2019/06/07/00:00,2019/06/07/13:30,0.0,0.0,0.0
2019/06/07/00:00,2019/06/07/13:45,0.0,0.0,0.0
2019/06/07/00:00,2019/06/07/14:00,0.0,0.0,0.0
2019/06/07/00:00,2019/06/07/14:15,0.0,0.0,0.0
2019/06/07/00:00,2019/06/07/14:30,0.0,0.0,0.0
2019/06/07/00:00,2019/06/07/14:45,0.0,0.0,0.0
2019/06/07/00:00,2019/06/07/15:00,0.0,0.0,0.0
2019/06/07/00:00,2019/06/07/15:15,0.0,0.0,0.0
2019/06/07/00:00,2019/06/07/15:30,0.0,0.0,0.0
2019/06/07/00:00,2019/06/07/15:45,0.0,0.0,0.0
2019/06/07/00:00,2019/06/07/16:00,0.0,0.0,0.0
2019/06/07/00:00,2019/06/07/16:15,0.0,0.0,0.0
2019/06/07/00:00,2019/06/07/16:30,0.0,0.0,0.0
2019/06/07/00:00,2019/06/07/16:45,0.0,0.0,0.0
2019/06/07/00:00,2019/06/07/17:00,0.0,0.0,0.0
2019/06/07/00:00,2019/06/07/17:15,0.0,0.0,0.0
2019/06/07/00:00,2019/06/07/17:30,0.0,0.0,0.0
2019/06/07/00:00,2019/06/07/17:45,0.0,0.0,0.0
2019/06/07/00:00,2019/06/07/18:00,0.0,0.0,0.0
2019/06/07/00:00,2019/06/07/18:15,0.0,0.0,0.0
2019/06/07/00:00,2019/06/07/18:30,0.0,0.0,0.0
2019/06/07/00:00,2019/06/07/18:45,0.0,0.0,0.0
2019/06/07/00:00,2019/06/07/19:00,0.0,0.0,0.0
2019/06/07/00:00,2019/06/07/19:15,0.0,0.0,0.0
2019/06/07/00:00,2019/06/07/19:30,0.0,0.0,0.0
2019/06/07/00:00,2019/06/07/19:45,0.0,0.0,0.0
2019/06/07/00:00,2019/06/07/20:00,0.0,0.0,0.0
2019/06/07/00:00,2019/06/07/20:15,0.0,0.0,0.0
2019/06/07/00:00,2019/06/07/20:30,0.0,0.0,0.0
2019/06/07/00:00,2019/06/07/20:45,0.0,0.0,0.0
2019/06/07/00:00,2019/06/07/21:00,0.0,0.0,0.0
2019/06/07/00:00,2019/06/07/21:15,0.1232,0.0,-0.1232
2019/06/07/00:00,2019/06/07/21:30,0.3024,0.0,-0.3024
2019/06/07/00:00,2019/06/07/21:45,0.8008,0.0,-0.8008
2019/06/07/00:00,2019/06/07/22:00,1.3272,1.5086213874637038,0.1814213874637038
2019/06/07/00:00,2019/06/07/22:15,2.0272,1.9961407234822,-0.0310592765178003
2019/06/07/00:00,2019/06/07/22:30,2.9008,2.4740315001865194,-0.4267684998134804
2019/06/07/00:00,2019/06/07/22:45,3.9648,4.476607944843557,0.5118079448435569
2019/06/07/00:00,2019/06/07/23:00,5.0848,5.316621599667292,0.2318215996672918
2019/06/07/00:00,2019/06/07/23:15,6.3112,6.123816978134077,-0.1873830218659229
2019/06/07/00:00,2019/06/07/23:30,7.5096,8.945654830617967,1.4360548306179668
2019/06/07/00:00,2019/06/07/23:45,8.8424,7.898528829139319,-0.9438711708606808
2019/06/08/00:00,2019/06/08/00:00,10.1192,10.218065786830005,0.0988657868300055
2019/06/08/00:00,2019/06/08/00:15,11.3736,12.930456076867149,1.556856076867147
2019/06/08/00:00,2019/06/08/00:30,12.5888,12.371972543988976,-0.2168274560110248
2019/06/08/00:00,2019/06/08/00:45,13.804,13.94279852410954,0.1387985241095393
2019/06/08/00:00,2019/06/08/01:00,15.0472,13.731083963915252,-1.3161160360847486
2019/06/08/00:00,2019/06/08/01:15,15.9656,15.650091413972545,-0.3155085860274553
2019/06/08/00:00,2019/06/08/01:30,16.9792,18.98612073772003,2.00692073772003
2019/06/08/00:00,2019/06/08/01:45,17.808001,17.89423909218559,0.0862380921855887
2019/06/08/00:00,2019/06/08/02:00,18.547199,17.676574913155775,-0.8706240868442237
2019/06/08/00:00,2019/06/08/02:15,19.516001,20.22423413217834,0.7082331321783393
2019/06/08/00:00,2019/06/08/02:30,21.056,21.685993127895447,0.629993127895446
2019/06/08/00:00,2019/06/08/02:45,15.8872,16.15954898599776,0.272348985997759
2019/06/08/00:00,2019/06/08/03:00,11.8328,12.773062044448665,0.9402620444486622
2019/06/08/00:00,2019/06/08/03:15,22.2656,21.643185331951205,-0.6224146680487941
2019/06/08/00:00,2019/06/08/03:30,15.9432,13.312899531556226,-2.6303004684437727
2019/06/08/00:00,2019/06/08/03:45,22.2208,23.21093911392829,0.99013911392829
2019/06/08/00:00,2019/06/08/04:00,22.075199,21.43399321449458,-0.6412057855054201
2019/06/08/00:00,2019/06/08/04:15,20.0648,20.389783130117948,0.3249831301179462
2019/06/08/00:00,2019/06/08/04:30,20.0536,21.071847187317974,1.0182471873179786
2019/06/08/00:00,2019/06/08/04:45,11.2952,11.365613416298975,0.070413416298976
2019/06/08/00:00,2019/06/08/05:00,21.9128,20.981447643846497,-0.9313523561535036
2019/06/08/00:00,2019/06/08/05:15,5.4992,5.948900138119203,0.4497001381192032
2019/06/08/00:00,2019/06/08/05:30,20.5408,18.364976797765294,-2.175823202234703
2019/06/08/00:00,2019/06/08/05:45,13.6696,10.836059248163972,-2.8335407518360274
2019/06/08/00:00,2019/06/08/06:00,9.133599,8.81995924869679,-0.3136397513032101
2019/06/08/00:00,2019/06/08/06:15,18.188801,17.502480460990164,-0.6863205390098379
2019/06/08/00:00,2019/06/08/06:30,3.64,4.050468843331419,0.4104688433314192
2019/06/08/00:00,2019/06/08/06:45,3.3264,3.0198684016669155,-0.3065315983330845
2019/06/08/00:00,2019/06/08/07:00,17.0632,15.47645728545723,-1.586742714542769
2019/06/08/00:00,2019/06/08/07:15,10.4552,8.35676753992268,-2.098432460077319
2019/06/08/00:00,2019/06/08/07:30,6.9944,7.237396231560509,0.2429962315605092
2019/06/08/00:00,2019/06/08/07:45,13.5632,15.4947973701407,1.9315973701407003
2019/06/08/00:00,2019/06/08/08:00,12.7176,12.93926424551748,0.2216642455174806
2019/06/08/00:00,2019/06/08/08:15,11.5808,11.25580870432275,-0.3249912956772505
2019/06/08/00:00,2019/06/08/08:30,7.6776,6.975087802990551,-0.7025121970094492
2019/06/08/00:00,2019/06/08/08:45,8.007999,7.800477744785459,-0.2075212552145409
2019/06/08/00:00,2019/06/08/09:00,4.8944,4.8210171985122265,-0.0733828014877735
2019/06/08/00:00,2019/06/08/09:15,6.3056,6.1718422975840745,-0.1337577024159255
2019/06/08/00:00,2019/06/08/09:30,4.4688,3.3949170593788467,-1.0738829406211532
2019/06/08/00:00,2019/06/08/09:45,3.584,3.9561272623040575,0.3721272623040574
2019/06/08/00:00,2019/06/08/10:00,2.6936,2.547768782134065,-0.1458312178659349
2019/06/08/00:00,2019/06/08/10:15,2.0048,1.8271869711610813,-0.1776130288389186
2019/06/08/00:00,2019/06/08/10:30,1.4168,1.39230741481872,-0.02449258518128
2019/06/08/00:00,2019/06/08/10:45,0.924,0.8447760526251138,-0.0792239473748862
2019/06/08/00:00,2019/06/08/11:00,0.5432,0.0,-0.5432
2019/06/08/00:00,2019/06/08/11:15,0.2632,0.0,-0.2632
2019/06/08/00:00,2019/06/08/11:30,0.0,0.0,0.0
2019/06/08/00:00,2019/06/08/11:45,0.0,0.0,0.0
2019/06/08/00:00,2019/06/08/12:00,0.0,0.0,0.0
2019/06/08/00:00,2019/06/08/12:15,0.0,0.0,0.0
2019/06/08/00:00,2019/06/08/12:30,0.0,0.0,0.0
2019/06/08/00:00,2019/06/08/12:45,0.0,0.0,0.0
2019/06/08/00:00,2019/06/08/13:00,0.0,0.0,0.0
2019/06/08/00:00,2019/06/08/13:15,0.0,0.0,0.0
2019/06/08/00:00,2019/06/08/13:30,0.0,0.0,0.0
2019/06/08/00:00,2019/06/08/13:45,0.0,0.0,0.0
2019/06/08/00:00,2019/06/08/14:00,0.0,0.0,0.0
2019/06/08/00:00,2019/06/08/14:15,0.0,0.0,0.0
2019/06/08/00:00,2019/06/08/14:30,0.0,0.0,0.0
2019/06/08/00:00,2019/06/08/14:45,0.0,0.0,0.0
2019/06/08/00:00,2019/06/08/15:00,0.0,0.0,0.0
2019/06/08/00:00,2019/06/08/15:15,0.0,0.0,0.0
2019/06/08/00:00,2019/06/08/15:30,0.0,0.0,0.0
2019/06/08/00:00,2019/06/08/15:45,0.0,0.0,0.0
2019/06/08/00:00,2019/06/08/16:00,0.0,0.0,0.0
2019/06/08/00:00,2019/06/08/16:15,0.0,0.0,0.0
2019/06/08/00:00,2019/06/08/16:30,0.0,0.0,0.0
2019/06/08/00:00,2019/06/08/16:45,0.0,0.0,0.0
2019/06/08/00:00,2019/06/08/17:00,0.0,0.0,0.0
2019/06/08/00:00,2019/06/08/17:15,0.0,0.0,0.0
2019/06/08/00:00,2019/06/08/17:30,0.0,0.0,0.0
2019/06/08/00:00,2019/06/08/17:45,0.0,0.0,0.0
2019/06/08/00:00,2019/06/08/18:00,0.0,0.0,0.0
2019/06/08/00:00,2019/06/08/18:15,0.0,0.0,0.0
2019/06/08/00:00,2019/06/08/18:30,0.0,0.0,0.0
2019/06/08/00:00,2019/06/08/18:45,0.0,0.0,0.0
2019/06/08/00:00,2019/06/08/19:00,0.0,0.0,0.0
2019/06/08/00:00,2019/06/08/19:15,0.0,0.0,0.0
2019/06/08/00:00,2019/06/08/19:30,0.0,0.0,0.0
2019/06/08/00:00,2019/06/08/19:45,0.0,0.0,0.0
2019/06/08/00:00,2019/06/08/20:00,0.0,0.0,0.0
2019/06/08/00:00,2019/06/08/20:15,0.0,0.0,0.0
2019/06/08/00:00,2019/06/08/20:30,0.0,0.0,0.0
2019/06/08/00:00,2019/06/08/20:45,0.0,0.0,0.0
2019/06/08/00:00,2019/06/08/21:00,0.0,0.0,0.0
2019/06/08/00:00,2019/06/08/21:15,0.0,0.0,0.0
2019/06/08/00:00,2019/06/08/21:30,0.2464,0.0,-0.2464
2019/06/08/00:00,2019/06/08/21:45,0.644,0.0,-0.644
2019/06/08/00:00,2019/06/08/22:00,1.2208,1.467878592583986,0.2470785925839858
2019/06/08/00:00,2019/06/08/22:15,2.0272,1.4166631150205813,-0.6105368849794188
2019/06/08/00:00,2019/06/08/22:30,2.94,3.040411040322413,0.1004110403224132
2019/06/08/00:00,2019/06/08/22:45,4.1328,3.5745656325972166,-0.558234367402783
2019/06/08/00:00,2019/06/08/23:00,5.2472,5.60210099437476,0.3549009943747592
2019/06/08/00:00,2019/06/08/23:15,6.4568,7.222788406792319,0.765988406792319
2019/06/08/00:00,2019/06/08/23:30,7.7616,6.9844491577606655,-0.7771508422393341
2019/06/08/00:00,2019/06/08/23:45,9.133599,9.85052490559016,0.7169259055901591
2019/06/09/00:00,2019/06/09/00:00,10.5056,11.217619663561518,0.7120196635615184
2019/06/09/00:00,2019/06/09/00:15,11.9168,12.058745735147982,0.1419457351479813
2019/06/09/00:00,2019/06/09/00:30,13.2496,13.179622362526676,-0.0699776374733236
2019/06/09/00:00,2019/06/09/00:45,14.5152,15.383642120416548,0.8684421204165478
2019/06/09/00:00,2019/06/09/01:00,15.6856,17.57045069823278,1.8848506982327784
2019/06/09/00:00,2019/06/09/01:15,16.6712,16.65320868316033,-0.0179913168396694
2019/06/09/00:00,2019/06/09/01:30,17.690399,19.19024446486124,1.499845464861238
2019/06/09/00:00,2019/06/09/01:45,18.4856,14.1153124271359,-4.370287572864102
2019/06/09/00:00,2019/06/09/02:00,18.9056,19.490780275836325,0.5851802758363256
2019/06/09/00:00,2019/06/09/02:15,19.459999,19.959087903756583,0.4990889037565864
2019/06/09/00:00,2019/06/09/02:30,20.6248,18.832135128001823,-1.792664871998177
2019/06/09/00:00,2019/06/09/02:45,20.9104,22.11411242225188,1.203712422251883
2019/06/09/00:00,2019/06/09/03:00,21.649599,21.55449196573297,-0.095107034267027
2019/06/09/00:00,2019/06/09/03:15,21.8792,20.442356727506727,-1.4368432724932738
2019/06/09/00:00,2019/06/09/03:30,22.1984,22.329268506419712,0.1308685064197128
2019/06/09/00:00,2019/06/09/03:45,22.3832,20.57101994986249,-1.8121800501375065
2019/06/09/00:00,2019/06/09/04:00,22.427999,22.843989575558627,0.4159905755586273
2019/06/09/00:00,2019/06/09/04:15,22.2992,19.84869816325357,-2.450501836746433
2019/06/09/00:00,2019/06/09/04:30,22.192801,23.11174411509841,0.9189431150984112
2019/06/09/00:00,2019/06/09/04:45,21.9856,23.3624761764914,1.3768761764913968
2019/06/09/00:00,2019/06/09/05:00,21.728001000000003,21.700867497119297,-0.0271335028807051
2019/06/09/00:00,2019/06/09/05:15,21.3864,20.94562454227308,-0.4407754577269216
2019/06/09/00:00,2019/06/09/05:30,20.865601,20.12222609766246,-0.7433749023375427
2019/06/09/00:00,2019/06/09/05:45,20.4848,20.936944028467195,0.4521440284671953
2019/06/09/00:00,2019/06/09/06:00,19.863199,19.840231445873624,-0.022967554126378
2019/06/09/00:00,2019/06/09/06:15,19.124001,19.89512443144784,0.7711234314478403
2019/06/09/00:00,2019/06/09/06:30,18.34,19.26083484266103,0.92083484266103
2019/06/09/00:00,2019/06/09/06:45,17.4384,17.63771964901783,0.199319649017827
2019/06/09/00:00,2019/06/09/07:00,16.5256,17.43607102696824,0.9104710269682386
2019/06/09/00:00,2019/06/09/07:15,15.6632,15.661927594404792,-0.0012724055952073
2019/06/09/00:00,2019/06/09/07:30,14.364,14.924501745283724,0.5605017452837231
2019/06/09/00:00,2019/06/09/07:45,13.1992,13.924363790852878,0.7251637908528785
2019/06/09/00:00,2019/06/09/08:00,12.376,12.359469342470916,-0.0165306575290831
2019/06/09/00:00,2019/06/09/08:15,9.760799,10.061363788539357,0.3005647885393561
2019/06/09/00:00,2019/06/09/08:30,10.0688,9.751385596727404,-0.3174144032725952
2019/06/09/00:00,2019/06/09/08:45,7.4816,7.853438543658589,0.3718385436585887
2019/06/09/00:00,2019/06/09/09:00,6.6976,6.433702600647201,-0.2638973993527997
2019/06/09/00:00,2019/06/09/09:15,5.5104,5.7662145057069845,0.2558145057069847
2019/06/09/00:00,2019/06/09/09:30,4.4744,4.903234564856464,0.428834564856464
2019/06/09/00:00,2019/06/09/09:45,3.024,2.98354472621752,-0.0404552737824799
2019/06/09/00:00,2019/06/09/10:00,2.8448,2.4610701907281523,-0.3837298092718479
2019/06/09/00:00,2019/06/09/10:15,2.548,2.5088638649591606,-0.0391361350408394
2019/06/09/00:00,2019/06/09/10:30,1.54,1.5533281035494888,0.0133281035494887
2019/06/09/00:00,2019/06/09/10:45,1.1144,1.2611649183992504,0.1467649183992503
2019/06/09/00:00,2019/06/09/11:00,0.6216,0.0,-0.6216
2019/06/09/00:00,2019/06/09/11:15,0.2632,0.0,-0.2632
2019/06/09/00:00,2019/06/09/11:30,0.0,0.0,0.0
2019/06/09/00:00,2019/06/09/11:45,0.0,0.0,0.0
2019/06/09/00:00,2019/06/09/12:00,0.0,0.0,0.0
2019/06/09/00:00,2019/06/09/12:15,0.0,0.0,0.0
2019/06/09/00:00,2019/06/09/12:30,0.0,0.0,0.0
2019/06/09/00:00,2019/06/09/12:45,0.0,0.0,0.0
2019/06/09/00:00,2019/06/09/13:00,0.0,0.0,0.0
2019/06/09/00:00,2019/06/09/13:15,0.0,0.0,0.0
2019/06/09/00:00,2019/06/09/13:30,0.0,0.0,0.0
2019/06/09/00:00,2019/06/09/13:45,0.0,0.0,0.0
2019/06/09/00:00,2019/06/09/14:00,0.0,0.0,0.0
2019/06/09/00:00,2019/06/09/14:15,0.0,0.0,0.0
2019/06/09/00:00,2019/06/09/14:30,0.0,0.0,0.0
2019/06/09/00:00,2019/06/09/14:45,0.0,0.0,0.0
2019/06/09/00:00,2019/06/09/15:00,0.0,0.0,0.0
2019/06/09/00:00,2019/06/09/15:15,0.0,0.0,0.0
2019/06/09/00:00,2019/06/09/15:30,0.0,0.0,0.0
2019/06/09/00:00,2019/06/09/15:45,0.0,0.0,0.0
2019/06/09/00:00,2019/06/09/16:00,0.0,0.0,0.0
2019/06/09/00:00,2019/06/09/16:15,0.0,0.0,0.0
2019/06/09/00:00,2019/06/09/16:30,0.0,0.0,0.0
2019/06/09/00:00,2019/06/09/16:45,0.0,0.0,0.0
2019/06/09/00:00,2019/06/09/17:00,0.0,0.0,0.0
2019/06/09/00:00,2019/06/09/17:15,0.0,0.0,0.0
2019/06/09/00:00,2019/06/09/17:30,0.0,0.0,0.0
2019/06/09/00:00,2019/06/09/17:45,0.0,0.0,0.0
2019/06/09/00:00,2019/06/09/18:00,0.0,0.0,0.0
2019/06/09/00:00,2019/06/09/18:15,0.0,0.0,0.0
2019/06/09/00:00,2019/06/09/18:30,0.0,0.0,0.0
2019/06/09/00:00,2019/06/09/18:45,0.0,0.0,0.0
2019/06/09/00:00,2019/06/09/19:00,0.0,0.0,0.0
2019/06/09/00:00,2019/06/09/19:15,0.0,0.0,0.0
2019/06/09/00:00,2019/06/09/19:30,0.0,0.0,0.0
2019/06/09/00:00,2019/06/09/19:45,0.0,0.0,0.0
2019/06/09/00:00,2019/06/09/20:00,0.0,0.0,0.0
2019/06/09/00:00,2019/06/09/20:15,0.0,0.0,0.0
2019/06/09/00:00,2019/06/09/20:30,0.0,0.0,0.0
2019/06/09/00:00,2019/06/09/20:45,0.0,0.0,0.0
2019/06/09/00:00,2019/06/09/21:00,0.0,0.0,0.0
2019/06/09/00:00,2019/06/09/21:15,0.2128,0.0,-0.2128
2019/06/09/00:00,2019/06/09/21:30,0.4368,0.0,-0.4368
2019/06/09/00:00,2019/06/09/21:45,0.9128,0.0,-0.9128
2019/06/09/00:00,2019/06/09/22:00,1.4448,1.6414658842373158,0.1966658842373156
2019/06/09/00:00,2019/06/09/22:15,2.1672,1.9840001669109075,-0.1831998330890922
2019/06/09/00:00,2019/06/09/22:30,3.0576,3.1104208610496737,0.0528208610496738
2019/06/09/00:00,2019/06/09/22:45,4.1384,4.347831642235427,0.2094316422354269
2019/06/09/00:00,2019/06/09/23:00,5.1688,5.045443937351581,-0.1233560626484191
2019/06/09/00:00,2019/06/09/23:15,6.356,5.8562710312326365,-0.4997289687673634
2019/06/09/00:00,2019/06/09/23:30,7.3808,8.014676296916385,0.6338762969163847
2019/06/09/00:00,2019/06/09/23:45,8.8592,9.24509941045066,0.3858994104506603
2019/06/10/00:00,2019/06/10/00:00,10.1808,12.246480026710172,2.0656800267101723
2019/06/10/00:00,2019/06/10/00:15,11.4576,10.645974713501404,-0.8116252864985949
2019/06/10/00:00,2019/06/10/00:30,12.5384,12.075005185490468,-0.463394814509531
2019/06/10/00:00,2019/06/10/00:45,13.8824,13.036671110126024,-0.8457288898739765
2019/06/10/00:00,2019/06/10/01:00,14.9296,14.804611155399856,-0.1249888446001445
2019/06/10/00:00,2019/06/10/01:15,15.9824,15.696771925457425,-0.2856280745425756
2019/06/10/00:00,2019/06/10/01:30,17.5672,16.909625994628193,-0.6575740053718064
2019/06/10/00:00,2019/06/10/01:45,18.452,18.116854362045324,-0.3351456379546782
2019/06/10/00:00,2019/06/10/02:00,17.555999999999997,17.370194159019345,-0.1858058409806524
2019/06/10/00:00,2019/06/10/02:15,16.368799,17.383205760919484,1.014406760919485
2019/06/10/00:00,2019/06/10/02:30,14.9352,15.36493164187266,0.4297316418726602
2019/06/10/00:00,2019/06/10/02:45,15.8648,16.59742825369638,0.7326282536963777
2019/06/10/00:00,2019/06/10/03:00,12.684,12.59940795260732,-0.0845920473926806
2019/06/10/00:00,2019/06/10/03:15,17.5896,16.796214531782944,-0.7933854682170569
2019/06/10/00:00,2019/06/10/03:30,15.7808,14.782576162161062,-0.9982238378389372
2019/06/10/00:00,2019/06/10/03:45,15.5288,14.650857715099804,-0.8779422849001968
2019/06/10/00:00,2019/06/10/04:00,14.0336,14.33950519447839,0.3059051944783899
2019/06/10/00:00,2019/06/10/04:15,18.0208,17.540342967588337,-0.4804570324116639
2019/06/10/00:00,2019/06/10/04:30,14.728,15.656681128862582,0.928681128862582
2019/06/10/00:00,2019/06/10/04:45,17.5728,18.40683587297376,0.8340358729737609
2019/06/10/00:00,2019/06/10/05:00,21.7784,21.04409192407912,-0.7343080759208824
2019/06/10/00:00,2019/06/10/05:15,15.68,15.3525511042001,-0.3274488957998986
2019/06/10/00:00,2019/06/10/05:30,18.8608,19.73703303264937,0.8762330326493704
2019/06/10/00:00,2019/06/10/05:45,16.6432,16.66495905934419,0.0217590593441912
2019/06/10/00:00,2019/06/10/06:00,6.7984,6.602704227974903,-0.1956957720250969
2019/06/10/00:00,2019/06/10/06:15,14.1344,14.564419902457317,0.4300199024573174
2019/06/10/00:00,2019/06/10/06:30,10.2592,10.669124796685429,0.4099247966854289
2019/06/10/00:00,2019/06/10/06:45,10.3376,11.23936850891699,0.9017685089169892
2019/06/10/00:00,2019/06/10/07:00,9.94,10.972317620302691,1.0323176203026936
2019/06/10/00:00,2019/06/10/07:15,12.7792,13.197778906601128,0.4185789066011285
2019/06/10/00:00,2019/06/10/07:30,10.7408,9.883904636372025,-0.8568953636279755
2019/06/10/00:00,2019/06/10/07:45,9.24,9.590198518734187,0.3501985187341887
2019/06/10/00:00,2019/06/10/08:00,5.9752,5.847252141797496,-0.1279478582025044
2019/06/10/00:00,2019/06/10/08:15,6.0088,6.256149250602816,0.2473492506028156
2019/06/10/00:00,2019/06/10/08:30,9.8448,9.2069889414163,-0.6378110585837007
2019/06/10/00:00,2019/06/10/08:45,8.3552,7.786955188772842,-0.5682448112271574
2019/06/10/00:00,2019/06/10/09:00,2.2288,2.463932640020504,0.2351326400205038
2019/06/10/00:00,2019/06/10/09:15,6.02,5.541566950084608,-0.4784330499153917
2019/06/10/00:00,2019/06/10/09:30,4.62,3.770236000806228,-0.849763999193772
2019/06/10/00:00,2019/06/10/09:45,3.5056,2.948588998956492,-0.5570110010435076
2019/06/10/00:00,2019/06/10/10:00,2.7552,3.647188599345263,0.8919885993452632
2019/06/10/00:00,2019/06/10/10:15,2.0216,1.847527931627948,-0.1740720683720522
2019/06/10/00:00,2019/06/10/10:30,1.68,2.1087842809019337,0.4287842809019337
2019/06/10/00:00,2019/06/10/10:45,1.3776,1.3305851145026304,-0.0470148854973695
2019/06/10/00:00,2019/06/10/11:00,0.8288,0.0,-0.8288
2019/06/10/00:00,2019/06/10/11:15,0.4032,0.0,-0.4032
2019/06/10/00:00,2019/06/10/11:30,0.1176,0.0,-0.1176
2019/06/10/00:00,2019/06/10/11:45,0.0,0.0,0.0
2019/06/10/00:00,2019/06/10/12:00,0.0,0.0,0.0
2019/06/10/00:00,2019/06/10/12:15,0.0,0.0,0.0
2019/06/10/00:00,2019/06/10/12:30,0.0,0.0,0.0
2019/06/10/00:00,2019/06/10/12:45,0.0,0.0,0.0
2019/06/10/00:00,2019/06/10/13:00,0.0,0.0,0.0
2019/06/10/00:00,2019/06/10/13:15,0.0,0.0,0.0
2019/06/10/00:00,2019/06/10/13:30,0.0,0.0,0.0
2019/06/10/00:00,2019/06/10/13:45,0.0,0.0,0.0
2019/06/10/00:00,2019/06/10/14:00,0.0,0.0,0.0
2019/06/10/00:00,2019/06/10/14:15,0.0,0.0,0.0
2019/06/10/00:00,2019/06/10/14:30,0.0,0.0,0.0
2019/06/10/00:00,2019/06/10/14:45,0.0,0.0,0.0
2019/06/10/00:00,2019/06/10/15:00,0.0,0.0,0.0
2019/06/10/00:00,2019/06/10/15:15,0.0,0.0,0.0
2019/06/10/00:00,2019/06/10/15:30,0.0,0.0,0.0
2019/06/10/00:00,2019/06/10/15:45,0.0,0.0,0.0
2019/06/10/00:00,2019/06/10/16:00,0.0,0.0,0.0
2019/06/10/00:00,2019/06/10/16:15,0.0,0.0,0.0
2019/06/10/00:00,2019/06/10/16:30,0.0,0.0,0.0
2019/06/10/00:00,2019/06/10/16:45,0.0,0.0,0.0
2019/06/10/00:00,2019/06/10/17:00,0.0,0.0,0.0
2019/06/10/00:00,2019/06/10/17:15,0.0,0.0,0.0
2019/06/10/00:00,2019/06/10/17:30,0.0,0.0,0.0
2019/06/10/00:00,2019/06/10/17:45,0.0,0.0,0.0
2019/06/10/00:00,2019/06/10/18:00,0.0,0.0,0.0
2019/06/10/00:00,2019/06/10/18:15,0.0,0.0,0.0
2019/06/10/00:00,2019/06/10/18:30,0.0,0.0,0.0
2019/06/10/00:00,2019/06/10/18:45,0.0,0.0,0.0
2019/06/10/00:00,2019/06/10/19:00,0.0,0.0,0.0
2019/06/10/00:00,2019/06/10/19:15,0.0,0.0,0.0
2019/06/10/00:00,2019/06/10/19:30,0.0,0.0,0.0
2019/06/10/00:00,2019/06/10/19:45,0.0,0.0,0.0
2019/06/10/00:00,2019/06/10/20:00,0.0,0.0,0.0
2019/06/10/00:00,2019/06/10/20:15,0.0,0.0,0.0
2019/06/10/00:00,2019/06/10/20:30,0.0,0.0,0.0
2019/06/10/00:00,2019/06/10/20:45,0.0,0.0,0.0
2019/06/10/00:00,2019/06/10/21:00,0.0,0.0,0.0
2019/06/10/00:00,2019/06/10/21:15,0.1792,0.0,-0.1792
2019/06/10/00:00,2019/06/10/21:30,0.3528,0.0,-0.3528
2019/06/10/00:00,2019/06/10/21:45,0.7616,0.0,-0.7616
2019/06/10/00:00,2019/06/10/22:00,1.2936,1.2958186909813645,0.0022186909813641
2019/06/10/00:00,2019/06/10/22:15,2.0048,2.014903615394488,0.0101036153944877
2019/06/10/00:00,2019/06/10/22:30,2.8392,2.7565843100999947,-0.0826156899000052
2019/06/10/00:00,2019/06/10/22:45,3.8136,4.051853892126285,0.2382538921262851
2019/06/10/00:00,2019/06/10/23:00,4.9,5.911125379490787,1.011125379490787
2019/06/10/00:00,2019/06/10/23:15,6.0760000000000005,5.982064441618843,-0.0939355583811574
2019/06/10/00:00,2019/06/10/23:30,7.28,7.096726118934304,-0.1832738810656966
2019/06/10/00:00,2019/06/10/23:45,8.5904,8.415591260364623,-0.1748087396353774
2019/06/11/00:00,2019/06/11/00:00,9.9008,11.26635521962404,1.3655552196240404
2019/06/11/00:00,2019/06/11/00:15,11.1888,9.240247680433,-1.948552319567
2019/06/11/00:00,2019/06/11/00:30,12.3648,12.81583949556919,0.451039495569189
2019/06/11/00:00,2019/06/11/00:45,13.468,14.457770365347685,0.9897703653476846
2019/06/11/00:00,2019/06/11/01:00,14.4872,13.239077286601946,-1.248122713398054
2019/06/11/00:00,2019/06/11/01:15,15.4392,18.18048074115116,2.741280741151161
2019/06/11/00:00,2019/06/11/01:30,16.335199,16.874384840872782,0.5391858408727828
2019/06/11/00:00,2019/06/11/01:45,17.052,16.093662345636552,-0.9583376543634472
2019/06/11/00:00,2019/06/11/02:00,17.819201,18.92933819119577,1.110137191195772
2019/06/11/00:00,2019/06/11/02:15,18.547199,18.00783737290761,-0.53936162709239
2019/06/11/00:00,2019/06/11/02:30,19.18,20.02817815346527,0.8481781534652697
2019/06/11/00:00,2019/06/11/02:45,19.409599,19.225463860996797,-0.1841351390032066
2019/06/11/00:00,2019/06/11/03:00,19.868799,19.805162972297275,-0.0636360277027243
2019/06/11/00:00,2019/06/11/03:15,19.560801,19.22530172875719,-0.33549927124281
2019/06/11/00:00,2019/06/11/03:30,17.976,17.8695802086998,-0.1064197913001976
2019/06/11/00:00,2019/06/11/03:45,15.6184,16.29910660221202,0.6807066022120214
2019/06/11/00:00,2019/06/11/04:00,19.684,20.29186657469732,0.6078665746973186
2019/06/11/00:00,2019/06/11/04:15,21.0616,20.22906287032221,-0.8325371296777888
2019/06/11/00:00,2019/06/11/04:30,20.299999,20.022672272171476,-0.2773267278285267
2019/06/11/00:00,2019/06/11/04:45,15.1872,14.672753127106716,-0.5144468728932843
2019/06/11/00:00,2019/06/11/05:00,20.104,20.47990214305344,0.375902143053441
2019/06/11/00:00,2019/06/11/05:15,11.788,10.38571167642126,-1.4022883235787411
2019/06/11/00:00,2019/06/11/05:30,19.7792,20.198529082350856,0.4193290823508562
2019/06/11/00:00,2019/06/11/05:45,19.1856,18.678292410725387,-0.507307589274614
2019/06/11/00:00,2019/06/11/06:00,16.9736,17.007458725887037,0.0338587258870362
2019/06/11/00:00,2019/06/11/06:15,17.5672,17.86410677687547,0.2969067768754705
2019/06/11/00:00,2019/06/11/06:30,16.9848,17.440380101504452,0.4555801015044523
2019/06/11/00:00,2019/06/11/06:45,16.1056,15.783204932977188,-0.3223950670228106
2019/06/11/00:00,2019/06/11/07:00,15.3888,15.166751251742928,-0.2220487482570714
2019/06/11/00:00,2019/06/11/07:15,14.1176,13.98018559763642,-0.1374144023635786
2019/06/11/00:00,2019/06/11/07:30,13.1432,13.168731028060805,0.0255310280608025
2019/06/11/00:00,2019/06/11/07:45,11.5248,10.238673713585865,-1.286126286414138
2019/06/11/00:00,2019/06/11/08:00,10.3488,10.274195357398696,-0.0746046426013045
2019/06/11/00:00,2019/06/11/08:15,9.6096,9.733185975616738,0.1235859756167379
2019/06/11/00:00,2019/06/11/08:30,7.5824,6.525889103547385,-1.0565108964526146
2019/06/11/00:00,2019/06/11/08:45,6.7592,6.180129107297551,-0.5790708927024486
2019/06/11/00:00,2019/06/11/09:00,5.5104,6.024453473391472,0.5140534733914723
2019/06/11/00:00,2019/06/11/09:15,5.292000000000001,5.9287533283892335,0.6367533283892328
2019/06/11/00:00,2019/06/11/09:30,4.3792,5.481921691006494,1.1027216910064936
2019/06/11/00:00,2019/06/11/09:45,3.4552,3.2301138654146238,-0.2250861345853767
2019/06/11/00:00,2019/06/11/10:00,2.492,2.7376382170507765,0.2456382170507765
2019/06/11/00:00,2019/06/11/10:15,1.9488,1.7861836904470567,-0.1626163095529433
2019/06/11/00:00,2019/06/11/10:30,1.5176,1.6613612714026504,0.1437612714026503
2019/06/11/00:00,2019/06/11/10:45,0.5936,0.614505700753766,0.0209057007537659
2019/06/11/00:00,2019/06/11/11:00,0.3248,0.0,-0.3248
2019/06/11/00:00,2019/06/11/11:15,0.2744,0.0,-0.2744
2019/06/11/00:00,2019/06/11/11:30,0.0,0.0,0.0
2019/06/11/00:00,2019/06/11/11:45,0.0,0.0,0.0
2019/06/11/00:00,2019/06/11/12:00,0.0,0.0,0.0
2019/06/11/00:00,2019/06/11/12:15,0.0,0.0,0.0
2019/06/11/00:00,2019/06/11/12:30,0.0,0.0,0.0
2019/06/11/00:00,2019/06/11/12:45,0.0,0.0,0.0
2019/06/11/00:00,2019/06/11/13:00,0.0,0.0,0.0
2019/06/11/00:00,2019/06/11/13:15,0.0,0.0,0.0
2019/06/11/00:00,2019/06/11/13:30,0.0,0.0,0.0
2019/06/11/00:00,2019/06/11/13:45,0.0,0.0,0.0
2019/06/11/00:00,2019/06/11/14:00,0.0,0.0,0.0
2019/06/11/00:00,2019/06/11/14:15,0.0,0.0,0.0
2019/06/11/00:00,2019/06/11/14:30,0.0,0.0,0.0
2019/06/11/00:00,2019/06/11/14:45,0.0,0.0,0.0
2019/06/11/00:00,2019/06/11/15:00,0.0,0.0,0.0
2019/06/11/00:00,2019/06/11/15:15,0.0,0.0,0.0
2019/06/11/00:00,2019/06/11/15:30,0.0,0.0,0.0
2019/06/11/00:00,2019/06/11/15:45,0.0,0.0,0.0
2019/06/11/00:00,2019/06/11/16:00,0.0,0.0,0.0
2019/06/11/00:00,2019/06/11/16:15,0.0,0.0,0.0
2019/06/11/00:00,2019/06/11/16:30,0.0,0.0,0.0
2019/06/11/00:00,2019/06/11/16:45,0.0,0.0,0.0
2019/06/11/00:00,2019/06/11/17:00,0.0,0.0,0.0
2019/06/11/00:00,2019/06/11/17:15,0.0,0.0,0.0
2019/06/11/00:00,2019/06/11/17:30,0.0,0.0,0.0
2019/06/11/00:00,2019/06/11/17:45,0.0,0.0,0.0
2019/06/11/00:00,2019/06/11/18:00,0.0,0.0,0.0
2019/06/11/00:00,2019/06/11/18:15,0.0,0.0,0.0
2019/06/11/00:00,2019/06/11/18:30,0.0,0.0,0.0
2019/06/11/00:00,2019/06/11/18:45,0.0,0.0,0.0
2019/06/11/00:00,2019/06/11/19:00,0.0,0.0,0.0
2019/06/11/00:00,2019/06/11/19:15,0.0,0.0,0.0
2019/06/11/00:00,2019/06/11/19:30,0.0,0.0,0.0
2019/06/11/00:00,2019/06/11/19:45,0.0,0.0,0.0
2019/06/11/00:00,2019/06/11/20:00,0.0,0.0,0.0
2019/06/11/00:00,2019/06/11/20:15,0.0,0.0,0.0
2019/06/11/00:00,2019/06/11/20:30,0.0,0.0,0.0
2019/06/11/00:00,2019/06/11/20:45,0.0,0.0,0.0
2019/06/11/00:00,2019/06/11/21:00,0.0,0.0,0.0
2019/06/11/00:00,2019/06/11/21:15,0.0,0.0,0.0
2019/06/11/00:00,2019/06/11/21:30,0.2576,0.0,-0.2576
2019/06/11/00:00,2019/06/11/21:45,0.7952,0.0,-0.7952
2019/06/11/00:00,2019/06/11/22:00,1.2376,1.0833258099208194,-0.1542741900791806
2019/06/11/00:00,2019/06/11/22:15,1.344,1.1605274805217072,-0.1834725194782929
2019/06/11/00:00,2019/06/11/22:30,2.9232,3.22137620728069,0.2981762072806901
2019/06/11/00:00,2019/06/11/22:45,4.0488,4.379036736632474,0.3302367366324743
2019/06/11/00:00,2019/06/11/23:00,4.6816,4.433885226111843,-0.2477147738881573
2019/06/11/00:00,2019/06/11/23:15,5.7904,6.428442185381665,0.6380421853816651
2019/06/11/00:00,2019/06/11/23:30,7.3136,5.789538938954366,-1.524061061045634
2019/06/11/00:00,2019/06/11/23:45,8.064,7.887578757486503,-0.1764212425134967
2019/06/12/00:00,2019/06/12/00:00,9.38,8.944040531468763,-0.4359594685312373
2019/06/12/00:00,2019/06/12/00:15,10.2872,10.441305688877966,0.1541056888779657
2019/06/12/00:00,2019/06/12/00:30,11.8384,11.09477401305338,-0.7436259869466202
2019/06/12/00:00,2019/06/12/00:45,11.2616,12.2475206865822,0.985920686582201
2019/06/12/00:00,2019/06/12/01:00,13.02,12.393310459951428,-0.6266895400485719
2019/06/12/00:00,2019/06/12/01:15,14.5712,12.980355929428246,-1.5908440705717537
2019/06/12/00:00,2019/06/12/01:30,14.8624,14.263452802408382,-0.5989471975916167
2019/06/12/00:00,2019/06/12/01:45,16.044001,15.696963635158394,-0.3470373648416078
2019/06/12/00:00,2019/06/12/02:00,16.7272,15.18413758515353,-1.543062414846469
2019/06/12/00:00,2019/06/12/02:15,17.6064,16.281747386001694,-1.3246526139983068
2019/06/12/00:00,2019/06/12/02:30,18.054399,18.159833238343268,0.1054342383432676
2019/06/12/00:00,2019/06/12/02:45,18.4352,18.01604248476689,-0.4191575152331062
2019/06/12/00:00,2019/06/12/03:00,18.933599,18.26461335447164,-0.6689856455283625
2019/06/12/00:00,2019/06/12/03:15,19.2248,20.17949630778783,0.954696307787831
2019/06/12/00:00,2019/06/12/03:30,19.879999,17.033248532778238,-2.846750467221764
2019/06/12/00:00,2019/06/12/03:45,19.952801,20.451685234881293,0.4988842348812916
2019/06/12/00:00,2019/06/12/04:00,9.0216,8.837397978419776,-0.1842020215802229
2019/06/12/00:00,2019/06/12/04:15,6.2832,6.281884058061336,-0.0013159419386639
2019/06/12/00:00,2019/06/12/04:30,5.1912,5.52797929135197,0.33677929135197
2019/06/12/00:00,2019/06/12/04:45,3.6232,3.8281379650000447,0.2049379650000444
2019/06/12/00:00,2019/06/12/05:00,2.1,2.0903590118643827,-0.0096409881356174
2019/06/12/00:00,2019/06/12/05:15,1.2936,1.256742199437367,-0.0368578005626327
2019/06/12/00:00,2019/06/12/05:30,0.7559999999999999,0.7043817962420509,-0.051618203757949
2019/06/12/00:00,2019/06/12/05:45,0.4984,0.5943703590785849,0.0959703590785849
2019/06/12/00:00,2019/06/12/06:00,0.8512,0.8135447123560066,-0.0376552876439933
2019/06/12/00:00,2019/06/12/06:15,1.0864,0.9703267386542452,-0.1160732613457546
2019/06/12/00:00,2019/06/12/06:30,1.2936,1.3777592073433027,0.0841592073433026
2019/06/12/00:00,2019/06/12/06:45,1.7080000000000002,1.8399887076627424,0.1319887076627421
2019/06/12/00:00,2019/06/12/07:00,1.7919999999999998,2.08026123971745,0.2882612397174502
2019/06/12/00:00,2019/06/12/07:15,1.4112,1.46245990317077,0.0512599031707698
2019/06/12/00:00,2019/06/12/07:30,1.4,1.4165372633797528,0.0165372633797529
2019/06/12/00:00,2019/06/12/07:45,1.456,1.5676406209371716,0.1116406209371716
2019/06/12/00:00,2019/06/12/08:00,1.736,1.7520266781364109,0.0160266781364106
2019/06/12/00:00,2019/06/12/08:15,1.5512,1.6080774012459205,0.0568774012459205
2019/06/12/00:00,2019/06/12/08:30,0.5824,0.62730867656933,0.0449086765693299
2019/06/12/00:00,2019/06/12/08:45,0.4536,0.4707437930562267,0.0171437930562267
2019/06/12/00:00,2019/06/12/09:00,0.3752,0.3732717123859863,-0.0019282876140136
2019/06/12/00:00,2019/06/12/09:15,0.4536,0.4318127086945219,-0.021787291305478
2019/06/12/00:00,2019/06/12/09:30,0.5936,0.5711496914857003,-0.0224503085142997
2019/06/12/00:00,2019/06/12/09:45,0.4479999999999999,0.4019170428242717,-0.0460829571757281
2019/06/12/00:00,2019/06/12/10:00,0.0,0.0262985904200406,0.0262985904200406
2019/06/12/00:00,2019/06/12/10:15,0.2632,0.2255463215810426,-0.0376536784189573
2019/06/12/00:00,2019/06/12/10:30,0.0,0.0054551692891011,0.0054551692891011
2019/06/12/00:00,2019/06/12/10:45,0.0,0.0017358362851115,0.0017358362851115
2019/06/12/00:00,2019/06/12/11:00,0.0,0.0,0.0
2019/06/12/00:00,2019/06/12/11:15,0.0,0.0,0.0
2019/06/12/00:00,2019/06/12/11:30,0.0,0.0,0.0
2019/06/12/00:00,2019/06/12/11:45,0.0,0.0,0.0
2019/06/12/00:00,2019/06/12/12:00,0.0,0.0,0.0
2019/06/12/00:00,2019/06/12/12:15,0.0,0.0,0.0
2019/06/12/00:00,2019/06/12/12:30,0.0,0.0,0.0
2019/06/12/00:00,2019/06/12/12:45,0.0,0.0,0.0
2019/06/12/00:00,2019/06/12/13:00,0.0,0.0,0.0
2019/06/12/00:00,2019/06/12/13:15,0.0,0.0,0.0
2019/06/12/00:00,2019/06/12/13:30,0.0,0.0,0.0
2019/06/12/00:00,2019/06/12/13:45,0.0,0.0,0.0
2019/06/12/00:00,2019/06/12/14:00,0.0,0.0,0.0
2019/06/12/00:00,2019/06/12/14:15,0.0,0.0,0.0
2019/06/12/00:00,2019/06/12/14:30,0.0,0.0,0.0
2019/06/12/00:00,2019/06/12/14:45,0.0,0.0,0.0
2019/06/12/00:00,2019/06/12/15:00,0.0,0.0,0.0
2019/06/12/00:00,2019/06/12/15:15,0.0,0.0,0.0
2019/06/12/00:00,2019/06/12/15:30,0.0,0.0,0.0
2019/06/12/00:00,2019/06/12/15:45,0.0,0.0,0.0
2019/06/12/00:00,2019/06/12/16:00,0.0,0.0,0.0
2019/06/12/00:00,2019/06/12/16:15,0.0,0.0,0.0
2019/06/12/00:00,2019/06/12/16:30,0.0,0.0,0.0
2019/06/12/00:00,2019/06/12/16:45,0.0,0.0,0.0
2019/06/12/00:00,2019/06/12/17:00,0.0,0.0,0.0
2019/06/12/00:00,2019/06/12/17:15,0.0,0.0,0.0
2019/06/12/00:00,2019/06/12/17:30,0.0,0.0,0.0
2019/06/12/00:00,2019/06/12/17:45,0.0,0.0,0.0
2019/06/12/00:00,2019/06/12/18:00,0.0,0.0,0.0
2019/06/12/00:00,2019/06/12/18:15,0.0,0.0,0.0
2019/06/12/00:00,2019/06/12/18:30,0.0,0.0,0.0
2019/06/12/00:00,2019/06/12/18:45,0.0,0.0,0.0
2019/06/12/00:00,2019/06/12/19:00,0.0,0.0,0.0
2019/06/12/00:00,2019/06/12/19:15,0.0,0.0,0.0
2019/06/12/00:00,2019/06/12/19:30,0.0,0.0,0.0
2019/06/12/00:00,2019/06/12/19:45,0.0,0.0,0.0
2019/06/12/00:00,2019/06/12/20:00,0.0,0.0,0.0
2019/06/12/00:00,2019/06/12/20:15,0.0,0.0,0.0
2019/06/12/00:00,2019/06/12/20:30,0.0,0.0,0.0
2019/06/12/00:00,2019/06/12/20:45,0.0,0.0,0.0
2019/06/12/00:00,2019/06/12/21:00,0.0,0.0,0.0
2019/06/12/00:00,2019/06/12/21:15,0.0,0.0,0.0
2019/06/12/00:00,2019/06/12/21:30,0.1176,0.0,-0.1176
2019/06/12/00:00,2019/06/12/21:45,0.2408,0.0,-0.2408
2019/06/12/00:00,2019/06/12/22:00,0.5096,0.4483040776187847,-0.0612959223812153
2019/06/12/00:00,2019/06/12/22:15,0.5544,0.5432273908426108,-0.0111726091573891
2019/06/12/00:00,2019/06/12/22:30,0.56,0.6758788512091024,0.1158788512091023
2019/06/12/00:00,2019/06/12/22:45,0.812,0.6694055164627458,-0.1425944835372542
2019/06/12/00:00,2019/06/12/23:00,0.588,0.6987052568277494,0.1107052568277494
2019/06/12/00:00,2019/06/12/23:15,0.6496,0.6323451365148393,-0.0172548634851607
2019/06/12/00:00,2019/06/12/23:30,1.0696,0.9072848342268665,-0.1623151657731336
2019/06/12/00:00,2019/06/12/23:45,1.2264,1.2321062548611572,0.0057062548611572
2019/06/13/00:00,2019/06/13/00:00,1.1032,0.9274120235302468,-0.1757879764697533
2019/06/13/00:00,2019/06/13/00:15,2.2792,2.1731622870218703,-0.1060377129781295
2019/06/13/00:00,2019/06/13/00:30,2.212,2.419410934886987,0.2074109348869868
2019/06/13/00:00,2019/06/13/00:45,2.3296,2.442296832800922,0.1126968328009216
2019/06/13/00:00,2019/06/13/01:00,10.3096,14.724979101349447,4.415379101349448
2019/06/13/00:00,2019/06/13/01:15,13.1656,12.91214797587883,-0.2534520241211702
2019/06/13/00:00,2019/06/13/01:30,8.7528,9.533775851341478,0.7809758513414771
2019/06/13/00:00,2019/06/13/01:45,18.143999,3.142697951780302,-15.001301048219698
2019/06/13/00:00,2019/06/13/02:00,16.906401000000002,2.6997088295944875,-14.206692170405514
2019/06/13/00:00,2019/06/13/02:15,11.5472,9.834507510730033,-1.7126924892699673
2019/06/13/00:00,2019/06/13/02:30,8.792,8.731188659995814,-0.0608113400041858
2019/06/13/00:00,2019/06/13/02:45,10.724,10.425414891606325,-0.2985851083936754
2019/06/13/00:00,2019/06/13/03:00,10.3936,9.91674652903578,-0.4768534709642189
2019/06/13/00:00,2019/06/13/03:15,19.482401,18.412691622282104,-1.0697093777178956
2019/06/13/00:00,2019/06/13/03:30,12.628,11.932991314824724,-0.6950086851752761
2019/06/13/00:00,2019/06/13/03:45,20.0704,20.27147245935671,0.201072459356709
2019/06/13/00:00,2019/06/13/04:00,18.8048,19.167319955078117,0.3625199550781133
2019/06/13/00:00,2019/06/13/04:15,13.5632,11.352422829547823,-2.210777170452177
2019/06/13/00:00,2019/06/13/04:30,11.4072,11.737028784168665,0.3298287841686651
2019/06/13/00:00,2019/06/13/04:45,9.4024,9.6090478107696,0.206647810769601
2019/06/13/00:00,2019/06/13/05:00,13.9272,12.873059210149622,-1.0541407898503774
2019/06/13/00:00,2019/06/13/05:15,14.6384,15.636057503651498,0.9976575036514976
2019/06/13/00:00,2019/06/13/05:30,12.9304,12.062042334087892,-0.8683576659121091
2019/06/13/00:00,2019/06/13/05:45,16.379998999999998,17.69054780211514,1.310548802115143
2019/06/13/00:00,2019/06/13/06:00,12.5496,12.191682759478864,-0.3579172405211359
2019/06/13/00:00,2019/06/13/06:15,5.3704,5.123543392107479,-0.2468566078925214
2019/06/13/00:00,2019/06/13/06:30,4.956,5.770778345579864,0.8147783455798638
2019/06/13/00:00,2019/06/13/06:45,2.8616,2.846266319423556,-0.0153336805764441
2019/06/13/00:00,2019/06/13/07:00,3.7744,3.82239998075506,0.0479999807550601
2019/06/13/00:00,2019/06/13/07:15,4.368,3.7643425844864256,-0.6036574155135739
2019/06/13/00:00,2019/06/13/07:30,4.1384,3.935002811043988,-0.2033971889560115
2019/06/13/00:00,2019/06/13/07:45,5.7848,5.58102564375021,-0.2037743562497898
2019/06/13/00:00,2019/06/13/08:00,5.8072,5.86131396396523,0.0541139639652303
2019/06/13/00:00,2019/06/13/08:15,4.7768,5.03741028965711,0.2606102896571105
2019/06/13/00:00,2019/06/13/08:30,4.76,5.378844497141318,0.6188444971413185
2019/06/13/00:00,2019/06/13/08:45,4.5192,4.578009336265743,0.0588093362657433
2019/06/13/00:00,2019/06/13/09:00,5.9864,5.845966859581608,-0.1404331404183914
2019/06/13/00:00,2019/06/13/09:15,7.2352,8.416591606028788,1.1813916060287886
2019/06/13/00:00,2019/06/13/09:30,5.7176,5.550019020208865,-0.1675809797911354
2019/06/13/00:00,2019/06/13/09:45,1.9656,1.684695462845727,-0.2809045371542733
2019/06/13/00:00,2019/06/13/10:00,1.6912,1.8073004334562268,0.1161004334562267
2019/06/13/00:00,2019/06/13/10:15,1.5792,1.5335432167862142,-0.0456567832137857
2019/06/13/00:00,2019/06/13/10:30,1.0416,1.1497969951305016,0.1081969951305015
2019/06/13/00:00,2019/06/13/10:45,0.7336,0.7064157779782646,-0.0271842220217354
2019/06/13/00:00,2019/06/13/11:00,1.2824,0.0,-1.2824
2019/06/13/00:00,2019/06/13/11:15,0.8568,0.0,-0.8568
2019/06/13/00:00,2019/06/13/11:30,0.2856,0.0,-0.2856
2019/06/13/00:00,2019/06/13/11:45,0.0,0.0,0.0
2019/06/13/00:00,2019/06/13/12:00,0.0,0.0,0.0
2019/06/13/00:00,2019/06/13/12:15,0.0,0.0,0.0
2019/06/13/00:00,2019/06/13/12:30,0.0,0.0,0.0
2019/06/13/00:00,2019/06/13/12:45,0.0,0.0,0.0
2019/06/13/00:00,2019/06/13/13:00,0.0,0.0,0.0
2019/06/13/00:00,2019/06/13/13:15,0.0,0.0,0.0
2019/06/13/00:00,2019/06/13/13:30,0.0,0.0,0.0
2019/06/13/00:00,2019/06/13/13:45,0.0,0.0,0.0
2019/06/13/00:00,2019/06/13/14:00,0.0,0.0,0.0
2019/06/13/00:00,2019/06/13/14:15,0.0,0.0,0.0
2019/06/13/00:00,2019/06/13/14:30,0.0,0.0,0.0
2019/06/13/00:00,2019/06/13/14:45,0.0,0.0,0.0
2019/06/13/00:00,2019/06/13/15:00,0.0,0.0,0.0
2019/06/13/00:00,2019/06/13/15:15,0.0,0.0,0.0
2019/06/13/00:00,2019/06/13/15:30,0.0,0.0,0.0
2019/06/13/00:00,2019/06/13/15:45,0.0,0.0,0.0
